[23:21:41 INF] Storage table ensured: PoCoupleQuizTeams 
[23:21:41 INF] Storage table ensured: PoCoupleQuizHistory 
[23:21:41 INF] Storage table ensured: PoFunQuizPlayers 
[23:21:41 INF] Storage table ensured: PoFaceGameSessions 
[23:21:41 INF] Storage table ensured: PoFaceRoundCaptures 
[23:21:41 INF] Storage table ensured: PoFaceLeaderboard 
[23:21:41 INF] Storage table ensured: PoFacePlayerStats 
[23:21:41 INF] Storage table ensured: PoFacePlayers 
[23:21:41 INF] Storage table ensured: EvolutionRecords 
[23:21:41 INF] Storage table ensured: PoSurviveSessions 
[23:21:41 INF] Storage table ensured: PoSurviveHeartbeats 
[23:21:41 INF] Storage table ensured: PoJokerPerformances 
[23:21:42 INF] Starting PoMiniGames on port 5000 
[23:21:42 DBG] Hosting starting 
[23:21:42 INF] Startup secret validation passed for Development 
[23:21:42 INF] Now listening on: http://localhost:5000 
[23:21:42 INF] Application started. Press Ctrl+C to shut down. 
[23:21:42 INF] Hosting environment: Development 
[23:21:42 INF] Content root path: C:\Users\punko\Downloads\PoMiniGames\src\PoMiniGames\PoMiniGames\bin\Debug\net10.0 
[23:21:42 DBG] Hosting started 
[23:21:55 INF] Request starting HTTP/1.1 POST http://localhost:5000/api/auth/dev-bypass?user=Alice - null 0 
[23:21:56 INF] Executing endpoint 'HTTP: POST /api/auth/dev-bypass' 
[23:21:56 INF] AuthenticationScheme: DevCookie signed in. 
[23:21:56 INF] Setting HTTP status code 200. 
[23:21:56 INF] Writing value of type 'AuthenticatedUserProfile' as Json. 
[23:21:56 INF] Executed endpoint 'HTTP: POST /api/auth/dev-bypass' 
[23:21:56 INF] HTTP POST /api/auth/dev-bypass responded 200 in 84.7272 ms 
[23:21:56 INF] Request finished HTTP/1.1 POST http://localhost:5000/api/auth/dev-bypass?user=Alice - 200 null application/json; charset=utf-8 318.2929ms 
[23:21:56 INF] Request starting HTTP/1.1 GET http://localhost:5000/funquiz/multiplayer - null null 
[23:21:56 INF] Executing endpoint 'Fallback {*path:nonfile}' 
[23:21:56 INF] Sending file. Request path: '/index.html'. Physical path: 'C:\Users\punko\Downloads\PoMiniGames\src\PoMiniGames.Client\wwwroot\index.html' 
[23:21:56 INF] Executed endpoint 'Fallback {*path:nonfile}' 
[23:21:56 INF] HTTP GET /index.html responded 200 in 13.1708 ms 
[23:21:56 INF] Request finished HTTP/1.1 GET http://localhost:5000/index.html - 200 null text/html 16.5626ms 
[23:21:56 INF] Request starting HTTP/1.1 GET http://localhost:5000/_framework/blazor.webassembly.js - null null 
[23:21:56 INF] Request starting HTTP/1.1 GET http://localhost:5000/css/app.css - null null 
[23:21:56 INF] Request starting HTTP/1.1 GET http://localhost:5000/css/games.css - null null 
[23:21:56 INF] Request starting HTTP/1.1 GET http://localhost:5000/css/poclick.css - null null 
[23:21:56 INF] Request starting HTTP/1.1 GET http://localhost:5000/css/fight.css - null null 
[23:21:56 INF] Request starting HTTP/1.1 GET http://localhost:5000/css/pojoker-theme.css - null null 
[23:21:56 INF] Sending file. Request path: '/css/fight.css'. Physical path: 'C:\Users\punko\Downloads\PoMiniGames\src\PoMiniGames.Client\wwwroot\css\fight.css' 
[23:21:56 INF] Sending file. Request path: '/_framework/blazor.webassembly.js.gz'. Physical path: 'C:\Users\punko\Downloads\PoMiniGames\src\PoMiniGames.Client\obj\Debug\net10.0\compressed\xj6g04in47-{0}-zxhwjtv6sc-zxhwjtv6sc.gz' 
[23:21:56 INF] HTTP GET /css/fight.css responded 200 in 1.0128 ms 
[23:21:56 INF] Request finished HTTP/1.1 GET http://localhost:5000/css/fight.css - 200 null text/css 1.2689ms 
[23:21:56 INF] Sending file. Request path: '/css/pojoker-theme.css'. Physical path: 'C:\Users\punko\Downloads\PoMiniGames\src\PoMiniGames.Client\wwwroot\css\pojoker-theme.css' 
[23:21:56 INF] HTTP GET /css/pojoker-theme.css responded 200 in 1.3219 ms 
[23:21:56 INF] Request finished HTTP/1.1 GET http://localhost:5000/css/pojoker-theme.css - 200 null text/css 1.5458ms 
[23:21:56 INF] Sending file. Request path: '/css/app.css'. Physical path: 'C:\Users\punko\Downloads\PoMiniGames\src\PoMiniGames.Client\wwwroot\css\app.css' 
[23:21:56 INF] HTTP GET /css/app.css responded 200 in 7.6808 ms 
[23:21:56 INF] Request finished HTTP/1.1 GET http://localhost:5000/css/app.css - 200 null text/css 8.1993ms 
[23:21:56 INF] Sending file. Request path: '/css/poclick.css'. Physical path: 'C:\Users\punko\Downloads\PoMiniGames\src\PoMiniGames.Client\wwwroot\css\poclick.css' 
[23:21:56 INF] HTTP GET /css/poclick.css responded 200 in 5.7813 ms 
[23:21:56 INF] Request finished HTTP/1.1 GET http://localhost:5000/css/poclick.css - 200 null text/css 5.8945ms 
[23:21:56 INF] Sending file. Request path: '/css/games.css'. Physical path: 'C:\Users\punko\Downloads\PoMiniGames\src\PoMiniGames.Client\wwwroot\css\games.css' 
[23:21:56 INF] HTTP GET /css/games.css responded 200 in 6.5004 ms 
[23:21:56 INF] Request finished HTTP/1.1 GET http://localhost:5000/css/games.css - 200 null text/css 6.683ms 
[23:21:56 INF] HTTP GET /_framework/blazor.webassembly.js.gz responded 200 in 10.3605 ms 
[23:21:56 INF] Request finished HTTP/1.1 GET http://localhost:5000/_framework/blazor.webassembly.js.gz - 200 18928 text/javascript 17.0861ms 
[23:21:56 INF] Request starting HTTP/1.1 GET http://localhost:5000/PoMiniGamesClient.styles.css - null null 
[23:21:56 INF] Sending file. Request path: '/PoMiniGamesClient.styles.css'. Physical path: 'C:\Users\punko\Downloads\PoMiniGames\src\PoMiniGames.Client\obj\Debug\net10.0\scopedcss\bundle\PoMiniGamesClient.styles.css' 
[23:21:56 INF] HTTP GET /PoMiniGamesClient.styles.css responded 200 in 0.5687 ms 
[23:21:56 INF] Request finished HTTP/1.1 GET http://localhost:5000/PoMiniGamesClient.styles.css - 200 null text/css 0.7667ms 
[23:21:56 INF] Request starting HTTP/1.1 GET http://localhost:5000/js/poFunQuizSplitHotkeys.js - null null 
[23:21:56 INF] Request starting HTTP/1.1 GET http://localhost:5000/js/poauth.js - null null 
[23:21:56 INF] Sending file. Request path: '/js/poFunQuizSplitHotkeys.js'. Physical path: 'C:\Users\punko\Downloads\PoMiniGames\src\PoMiniGames.Client\wwwroot\js\poFunQuizSplitHotkeys.js' 
[23:21:56 INF] HTTP GET /js/poFunQuizSplitHotkeys.js responded 200 in 0.3035 ms 
[23:21:56 INF] Request finished HTTP/1.1 GET http://localhost:5000/js/poFunQuizSplitHotkeys.js - 200 null text/javascript 0.4293ms 
[23:21:56 INF] Sending file. Request path: '/js/poauth.js'. Physical path: 'C:\Users\punko\Downloads\PoMiniGames\src\PoMiniGames.Client\wwwroot\js\poauth.js' 
[23:21:56 INF] HTTP GET /js/poauth.js responded 200 in 0.2346 ms 
[23:21:56 INF] Request finished HTTP/1.1 GET http://localhost:5000/js/poauth.js - 200 null text/javascript 0.3572ms 
[23:21:56 INF] Request starting HTTP/1.1 GET http://localhost:5000/js/pojoker-speech-interop.js - null null 
[23:21:56 INF] Request starting HTTP/1.1 GET http://localhost:5000/js/pojoker-audio-interop.js - null null 
[23:21:56 INF] Sending file. Request path: '/js/pojoker-speech-interop.js'. Physical path: 'C:\Users\punko\Downloads\PoMiniGames\src\PoMiniGames.Client\wwwroot\js\pojoker-speech-interop.js' 
[23:21:56 INF] Sending file. Request path: '/js/pojoker-audio-interop.js'. Physical path: 'C:\Users\punko\Downloads\PoMiniGames\src\PoMiniGames.Client\wwwroot\js\pojoker-audio-interop.js' 
[23:21:56 INF] HTTP GET /js/pojoker-speech-interop.js responded 200 in 0.4012 ms 
[23:21:56 INF] HTTP GET /js/pojoker-audio-interop.js responded 200 in 0.2179 ms 
[23:21:56 INF] Request finished HTTP/1.1 GET http://localhost:5000/js/pojoker-speech-interop.js - 200 null text/javascript 0.5099ms 
[23:21:56 INF] Request finished HTTP/1.1 GET http://localhost:5000/js/pojoker-audio-interop.js - 200 null text/javascript 0.3169ms 
[23:21:56 INF] Request starting HTTP/1.1 GET http://localhost:5000/js/marblerace/index.js - null null 
[23:21:56 INF] Request starting HTTP/1.1 GET http://localhost:5000/js/pobrawl/index.js - null null 
[23:21:56 INF] Sending file. Request path: '/js/marblerace/index.js'. Physical path: 'C:\Users\punko\Downloads\PoMiniGames\src\PoMiniGames.Client\wwwroot\js\marblerace\index.js' 
[23:21:56 INF] Sending file. Request path: '/js/pobrawl/index.js'. Physical path: 'C:\Users\punko\Downloads\PoMiniGames\src\PoMiniGames.Client\wwwroot\js\pobrawl\index.js' 
[23:21:56 INF] HTTP GET /js/marblerace/index.js responded 200 in 0.1654 ms 
[23:21:56 INF] Request starting HTTP/1.1 GET http://localhost:5000/js/audio.js - null null 
[23:21:56 INF] HTTP GET /js/pobrawl/index.js responded 200 in 0.2264 ms 
[23:21:56 INF] Request finished HTTP/1.1 GET http://localhost:5000/js/marblerace/index.js - 200 null text/javascript 0.3711ms 
[23:21:56 INF] Request finished HTTP/1.1 GET http://localhost:5000/js/pobrawl/index.js - 200 null text/javascript 0.3195ms 
[23:21:56 INF] Request starting HTTP/1.1 GET http://localhost:5000/js/racingInterop.js - null null 
[23:21:56 INF] Sending file. Request path: '/js/audio.js'. Physical path: 'C:\Users\punko\Downloads\PoMiniGames\src\PoMiniGames.Client\wwwroot\js\audio.js' 
[23:21:56 INF] HTTP GET /js/audio.js responded 200 in 0.1779 ms 
[23:21:56 INF] Request finished HTTP/1.1 GET http://localhost:5000/js/audio.js - 200 null text/javascript 0.2573ms 
[23:21:56 INF] Sending file. Request path: '/js/racingInterop.js'. Physical path: 'C:\Users\punko\Downloads\PoMiniGames\src\PoMiniGames.Client\wwwroot\js\racingInterop.js' 
[23:21:56 INF] HTTP GET /js/racingInterop.js responded 200 in 0.1889 ms 
[23:21:56 INF] Request finished HTTP/1.1 GET http://localhost:5000/js/racingInterop.js - 200 null text/javascript 0.2615ms 
[23:21:56 INF] Request starting HTTP/1.1 GET http://localhost:5000/js/posurvive/uiHelpers.js - null null 
[23:21:56 INF] Request starting HTTP/1.1 GET http://localhost:5000/js/posurvive/theme.js - null null 
[23:21:56 INF] Sending file. Request path: '/js/posurvive/theme.js'. Physical path: 'C:\Users\punko\Downloads\PoMiniGames\src\PoMiniGames.Client\wwwroot\js\posurvive\theme.js' 
[23:21:56 INF] Sending file. Request path: '/js/posurvive/uiHelpers.js'. Physical path: 'C:\Users\punko\Downloads\PoMiniGames\src\PoMiniGames.Client\wwwroot\js\posurvive\uiHelpers.js' 
[23:21:56 INF] HTTP GET /js/posurvive/theme.js responded 200 in 0.2758 ms 
[23:21:56 INF] HTTP GET /js/posurvive/uiHelpers.js responded 200 in 0.3787 ms 
[23:21:56 INF] Request finished HTTP/1.1 GET http://localhost:5000/js/posurvive/theme.js - 200 null text/javascript 0.4772ms 
[23:21:56 INF] Request finished HTTP/1.1 GET http://localhost:5000/js/posurvive/uiHelpers.js - 200 null text/javascript 0.5114ms 
[23:21:56 INF] Request starting HTTP/1.1 GET http://localhost:5000/js/posurvive/gpuProbe.js - null null 
[23:21:56 INF] Request starting HTTP/1.1 GET http://localhost:5000/js/posurvive/indexedDbStore.js - null null 
[23:21:56 INF] Sending file. Request path: '/js/posurvive/gpuProbe.js'. Physical path: 'C:\Users\punko\Downloads\PoMiniGames\src\PoMiniGames.Client\wwwroot\js\posurvive\gpuProbe.js' 
[23:21:56 INF] HTTP GET /js/posurvive/gpuProbe.js responded 200 in 0.1849 ms 
[23:21:56 INF] Request finished HTTP/1.1 GET http://localhost:5000/js/posurvive/gpuProbe.js - 200 null text/javascript 0.2865ms 
[23:21:56 INF] Request starting HTTP/1.1 GET http://localhost:5000/js/posurvive/inferenceWorkerBridge.js - null null 
[23:21:56 INF] Sending file. Request path: '/js/posurvive/indexedDbStore.js'. Physical path: 'C:\Users\punko\Downloads\PoMiniGames\src\PoMiniGames.Client\wwwroot\js\posurvive\indexedDbStore.js' 
[23:21:56 INF] HTTP GET /js/posurvive/indexedDbStore.js responded 200 in 0.2600 ms 
[23:21:56 INF] Request finished HTTP/1.1 GET http://localhost:5000/js/posurvive/indexedDbStore.js - 200 null text/javascript 0.3494ms 
[23:21:56 INF] Request starting HTTP/1.1 GET http://localhost:5000/js/gl-fps.js - null null 
[23:21:56 INF] Sending file. Request path: '/js/posurvive/inferenceWorkerBridge.js'. Physical path: 'C:\Users\punko\Downloads\PoMiniGames\src\PoMiniGames.Client\wwwroot\js\posurvive\inferenceWorkerBridge.js' 
[23:21:56 INF] HTTP GET /js/posurvive/inferenceWorkerBridge.js responded 200 in 0.1827 ms 
[23:21:56 INF] Request finished HTTP/1.1 GET http://localhost:5000/js/posurvive/inferenceWorkerBridge.js - 200 null text/javascript 0.2771ms 
[23:21:56 INF] Sending file. Request path: '/js/gl-fps.js'. Physical path: 'C:\Users\punko\Downloads\PoMiniGames\src\PoMiniGames.Client\wwwroot\js\gl-fps.js' 
[23:21:56 INF] HTTP GET /js/gl-fps.js responded 200 in 0.3735 ms 
[23:21:56 INF] Request finished HTTP/1.1 GET http://localhost:5000/js/gl-fps.js - 200 null text/javascript 0.508ms 
[23:21:59 INF] Request starting HTTP/1.1 GET http://localhost:5000/scripts/app.js - null null 
[23:21:59 INF] Sending file. Request path: '/scripts/app.js'. Physical path: 'C:\Users\punko\Downloads\PoMiniGames\src\PoMiniGames.Client\wwwroot\scripts\app.js' 
[23:21:59 INF] HTTP GET /scripts/app.js responded 200 in 1.7517 ms 
[23:21:59 INF] Request finished HTTP/1.1 GET http://localhost:5000/scripts/app.js - 200 null text/javascript 2.9843ms 
[23:21:59 INF] Request starting HTTP/1.1 GET http://localhost:5000/js/uiFeedback.js - null null 
[23:21:59 INF] Sending file. Request path: '/js/uiFeedback.js'. Physical path: 'C:\Users\punko\Downloads\PoMiniGames\src\PoMiniGames.Client\wwwroot\js\uiFeedback.js' 
[23:21:59 INF] HTTP GET /js/uiFeedback.js responded 200 in 4.7020 ms 
[23:21:59 INF] Request finished HTTP/1.1 GET http://localhost:5000/js/uiFeedback.js - 200 null text/javascript 5.1629ms 
[23:21:59 INF] Request starting HTTP/1.1 GET http://localhost:5000/js/webcam.js - null null 
[23:21:59 INF] Sending file. Request path: '/js/webcam.js'. Physical path: 'C:\Users\punko\Downloads\PoMiniGames\src\PoMiniGames.Client\wwwroot\js\webcam.js' 
[23:21:59 INF] HTTP GET /js/webcam.js responded 200 in 0.8706 ms 
[23:21:59 INF] Request finished HTTP/1.1 GET http://localhost:5000/js/webcam.js - 200 null text/javascript 1.3324ms 
[23:21:59 INF] Request starting HTTP/1.1 GET http://localhost:5000/js/appErrorBoundary.js - null null 
[23:21:59 INF] Sending file. Request path: '/js/appErrorBoundary.js'. Physical path: 'C:\Users\punko\Downloads\PoMiniGames\src\PoMiniGames.Client\wwwroot\js\appErrorBoundary.js' 
[23:21:59 INF] HTTP GET /js/appErrorBoundary.js responded 200 in 5.3593 ms 
[23:21:59 INF] Request starting HTTP/1.1 GET http://localhost:5000/js/posurvive/audioEngine.js - null null 
[23:21:59 INF] Sending file. Request path: '/js/posurvive/audioEngine.js'. Physical path: 'C:\Users\punko\Downloads\PoMiniGames\src\PoMiniGames.Client\wwwroot\js\posurvive\audioEngine.js' 
[23:21:59 INF] HTTP GET /js/posurvive/audioEngine.js responded 200 in 0.6153 ms 
[23:21:59 INF] Request finished HTTP/1.1 GET http://localhost:5000/js/posurvive/audioEngine.js - 200 null text/javascript 1.14ms 
[23:21:59 INF] Request starting HTTP/1.1 GET http://localhost:5000/_framework/blazor.webassembly.js - null null 
[23:21:59 INF] Request finished HTTP/1.1 GET http://localhost:5000/js/appErrorBoundary.js - 200 null text/javascript 6.5079ms 
[23:21:59 INF] Sending file. Request path: '/_framework/blazor.webassembly.js.gz'. Physical path: 'C:\Users\punko\Downloads\PoMiniGames\src\PoMiniGames.Client\obj\Debug\net10.0\compressed\xj6g04in47-{0}-zxhwjtv6sc-zxhwjtv6sc.gz' 
[23:21:59 INF] HTTP GET /_framework/blazor.webassembly.js.gz responded 200 in 1.4887 ms 
[23:21:59 INF] Request finished HTTP/1.1 GET http://localhost:5000/_framework/blazor.webassembly.js.gz - 200 18928 text/javascript 6.1435ms 
[23:21:59 INF] Request starting HTTP/1.1 GET http://localhost:5000/_framework/dotnet.js - null null 
[23:21:59 INF] Sending file. Request path: '/_framework/dotnet.js.gz'. Physical path: 'C:\Users\punko\Downloads\PoMiniGames\src\PoMiniGames.Client\obj\Debug\net10.0\compressed\sjev88wts5-{0}-mzl1kt96fv-mzl1kt96fv.gz' 
[23:21:59 INF] HTTP GET /_framework/dotnet.js.gz responded 200 in 3.9299 ms 
[23:21:59 INF] Request finished HTTP/1.1 GET http://localhost:5000/_framework/dotnet.js.gz - 200 26146 text/javascript 4.7765ms 
[23:21:59 INF] Request starting HTTP/1.1 GET http://localhost:5000/js/marblerace/game.js - null null 
[23:21:59 INF] Sending file. Request path: '/js/marblerace/game.js'. Physical path: 'C:\Users\punko\Downloads\PoMiniGames\src\PoMiniGames.Client\wwwroot\js\marblerace\game.js' 
[23:21:59 INF] HTTP GET /js/marblerace/game.js responded 200 in 1.0531 ms 
[23:21:59 INF] Request starting HTTP/1.1 GET http://localhost:5000/js/pobrawl/game.js - null null 
[23:21:59 INF] Request finished HTTP/1.1 GET http://localhost:5000/js/marblerace/game.js - 200 null text/javascript 4.8139ms 
[23:21:59 INF] Sending file. Request path: '/js/pobrawl/game.js'. Physical path: 'C:\Users\punko\Downloads\PoMiniGames\src\PoMiniGames.Client\wwwroot\js\pobrawl\game.js' 
[23:21:59 INF] HTTP GET /js/pobrawl/game.js responded 200 in 2.5080 ms 
[23:21:59 INF] Request finished HTTP/1.1 GET http://localhost:5000/js/pobrawl/game.js - 200 null text/javascript 2.9355ms 
[23:21:59 INF] Request starting HTTP/1.1 GET http://localhost:5000/js/marblerace/scene.js - null null 
[23:21:59 INF] Request starting HTTP/1.1 GET http://localhost:5000/js/marblerace/physics.js - null null 
[23:21:59 INF] Sending file. Request path: '/js/marblerace/physics.js'. Physical path: 'C:\Users\punko\Downloads\PoMiniGames\src\PoMiniGames.Client\wwwroot\js\marblerace\physics.js' 
[23:21:59 INF] HTTP GET /js/marblerace/physics.js responded 200 in 0.4868 ms 
[23:21:59 INF] Request finished HTTP/1.1 GET http://localhost:5000/js/marblerace/physics.js - 200 null text/javascript 0.8252ms 
[23:21:59 INF] Sending file. Request path: '/js/marblerace/scene.js'. Physical path: 'C:\Users\punko\Downloads\PoMiniGames\src\PoMiniGames.Client\wwwroot\js\marblerace\scene.js' 
[23:21:59 INF] HTTP GET /js/marblerace/scene.js responded 200 in 1.7181 ms 
[23:21:59 INF] Request finished HTTP/1.1 GET http://localhost:5000/js/marblerace/scene.js - 200 null text/javascript 2.0844ms 
[23:21:59 INF] Request starting HTTP/1.1 GET http://localhost:5000/js/marblerace/track.js - null null 
[23:21:59 INF] Sending file. Request path: '/js/marblerace/track.js'. Physical path: 'C:\Users\punko\Downloads\PoMiniGames\src\PoMiniGames.Client\wwwroot\js\marblerace\track.js' 
[23:21:59 INF] HTTP GET /js/marblerace/track.js responded 200 in 1.6573 ms 
[23:21:59 INF] Request finished HTTP/1.1 GET http://localhost:5000/js/marblerace/track.js - 200 null text/javascript 2.1629ms 
[23:21:59 INF] Request starting HTTP/1.1 GET http://localhost:5000/js/marblerace/marbles.js - null null 
[23:21:59 INF] Request starting HTTP/1.1 GET http://localhost:5000/js/marblerace/audio.js - null null 
[23:21:59 INF] Sending file. Request path: '/js/marblerace/audio.js'. Physical path: 'C:\Users\punko\Downloads\PoMiniGames\src\PoMiniGames.Client\wwwroot\js\marblerace\audio.js' 
[23:21:59 INF] HTTP GET /js/marblerace/audio.js responded 200 in 1.2405 ms 
[23:21:59 INF] Request finished HTTP/1.1 GET http://localhost:5000/js/marblerace/audio.js - 200 null text/javascript 1.5683ms 
[23:21:59 INF] Request starting HTTP/1.1 GET http://localhost:5000/_framework/Microsoft.DotNet.HotReload.WebAssembly.Browser.99zm1jdh75.lib.module.js - null null 
[23:21:59 INF] Sending file. Request path: '/js/marblerace/marbles.js'. Physical path: 'C:\Users\punko\Downloads\PoMiniGames\src\PoMiniGames.Client\wwwroot\js\marblerace\marbles.js' 
[23:21:59 INF] HTTP GET /js/marblerace/marbles.js responded 200 in 4.2907 ms 
[23:21:59 INF] Request finished HTTP/1.1 GET http://localhost:5000/js/marblerace/marbles.js - 200 null text/javascript 4.5873ms 
[23:21:59 INF] Sending file. Request path: '/_framework/Microsoft.DotNet.HotReload.WebAssembly.Browser.99zm1jdh75.lib.module.js.gz'. Physical path: 'C:\Users\punko\Downloads\PoMiniGames\src\PoMiniGames.Client\obj\Debug\net10.0\compressed\qr39cm30uc-{0}-99zm1jdh75-99zm1jdh75.gz' 
[23:21:59 INF] HTTP GET /_framework/Microsoft.DotNet.HotReload.WebAssembly.Browser.99zm1jdh75.lib.module.js.gz responded 200 in 3.7523 ms 
[23:21:59 INF] Request finished HTTP/1.1 GET http://localhost:5000/_framework/Microsoft.DotNet.HotReload.WebAssembly.Browser.99zm1jdh75.lib.module.js.gz - 200 695 text/javascript 4.603ms 
[23:21:59 INF] Request starting HTTP/1.1 GET http://localhost:5000/js/pobrawl/arena.js - null null 
[23:21:59 INF] Sending file. Request path: '/js/pobrawl/arena.js'. Physical path: 'C:\Users\punko\Downloads\PoMiniGames\src\PoMiniGames.Client\wwwroot\js\pobrawl\arena.js' 
[23:21:59 INF] HTTP GET /js/pobrawl/arena.js responded 200 in 0.8484 ms 
[23:21:59 INF] Request finished HTTP/1.1 GET http://localhost:5000/js/pobrawl/arena.js - 200 null text/javascript 1.3203ms 
[23:21:59 INF] Request starting HTTP/1.1 GET http://localhost:5000/js/pobrawl/fighters.js - null null 
[23:21:59 INF] Sending file. Request path: '/js/pobrawl/fighters.js'. Physical path: 'C:\Users\punko\Downloads\PoMiniGames\src\PoMiniGames.Client\wwwroot\js\pobrawl\fighters.js' 
[23:21:59 INF] HTTP GET /js/pobrawl/fighters.js responded 200 in 0.6571 ms 
[23:21:59 INF] Request finished HTTP/1.1 GET http://localhost:5000/js/pobrawl/fighters.js - 200 null text/javascript 0.9956ms 
[23:21:59 INF] Request starting HTTP/1.1 GET http://localhost:5000/js/pobrawl/animation.js - null null 
[23:21:59 INF] Request starting HTTP/1.1 GET http://localhost:5000/js/pobrawl/input.js - null null 
[23:21:59 INF] Sending file. Request path: '/js/pobrawl/animation.js'. Physical path: 'C:\Users\punko\Downloads\PoMiniGames\src\PoMiniGames.Client\wwwroot\js\pobrawl\animation.js' 
[23:21:59 INF] HTTP GET /js/pobrawl/animation.js responded 200 in 0.6819 ms 
[23:21:59 INF] Request finished HTTP/1.1 GET http://localhost:5000/js/pobrawl/animation.js - 200 null text/javascript 0.9513ms 
[23:21:59 INF] Sending file. Request path: '/js/pobrawl/input.js'. Physical path: 'C:\Users\punko\Downloads\PoMiniGames\src\PoMiniGames.Client\wwwroot\js\pobrawl\input.js' 
[23:21:59 INF] HTTP GET /js/pobrawl/input.js responded 200 in 0.5187 ms 
[23:21:59 INF] Request finished HTTP/1.1 GET http://localhost:5000/js/pobrawl/input.js - 200 null text/javascript 0.8078ms 
[23:21:59 INF] Request starting HTTP/1.1 GET http://localhost:5000/js/pobrawl/ai.js - null null 
[23:21:59 INF] Sending file. Request path: '/js/pobrawl/ai.js'. Physical path: 'C:\Users\punko\Downloads\PoMiniGames\src\PoMiniGames.Client\wwwroot\js\pobrawl\ai.js' 
[23:21:59 INF] Request starting HTTP/1.1 GET http://localhost:5000/js/pobrawl/rng.js - null null 
[23:21:59 INF] HTTP GET /js/pobrawl/ai.js responded 200 in 0.6167 ms 
[23:21:59 INF] Request finished HTTP/1.1 GET http://localhost:5000/js/pobrawl/ai.js - 200 null text/javascript 0.8691ms 
[23:21:59 INF] Sending file. Request path: '/js/pobrawl/rng.js'. Physical path: 'C:\Users\punko\Downloads\PoMiniGames\src\PoMiniGames.Client\wwwroot\js\pobrawl\rng.js' 
[23:21:59 INF] HTTP GET /js/pobrawl/rng.js responded 200 in 1.7718 ms 
[23:21:59 INF] Request finished HTTP/1.1 GET http://localhost:5000/js/pobrawl/rng.js - 200 null text/javascript 2.029ms 
[23:21:59 INF] Request starting HTTP/1.1 GET http://localhost:5000/js/pobrawl/combat.js - null null 
[23:21:59 INF] Request starting HTTP/1.1 GET http://localhost:5000/js/pobrawl/audio.js - null null 
[23:21:59 INF] Sending file. Request path: '/js/pobrawl/audio.js'. Physical path: 'C:\Users\punko\Downloads\PoMiniGames\src\PoMiniGames.Client\wwwroot\js\pobrawl\audio.js' 
[23:21:59 INF] HTTP GET /js/pobrawl/audio.js responded 200 in 0.7765 ms 
[23:21:59 INF] Sending file. Request path: '/js/pobrawl/combat.js'. Physical path: 'C:\Users\punko\Downloads\PoMiniGames\src\PoMiniGames.Client\wwwroot\js\pobrawl\combat.js' 
[23:21:59 INF] Request finished HTTP/1.1 GET http://localhost:5000/js/pobrawl/audio.js - 200 null text/javascript 1.3186ms 
[23:21:59 INF] HTTP GET /js/pobrawl/combat.js responded 200 in 1.0560 ms 
[23:21:59 INF] Request starting HTTP/1.1 GET http://localhost:5000/js/pobrawl/ragdoll.js - null null 
[23:21:59 INF] Request starting HTTP/1.1 GET http://localhost:5000/js/pobrawl/replay.js - null null 
[23:21:59 INF] Sending file. Request path: '/js/pobrawl/ragdoll.js'. Physical path: 'C:\Users\punko\Downloads\PoMiniGames\src\PoMiniGames.Client\wwwroot\js\pobrawl\ragdoll.js' 
[23:21:59 INF] Sending file. Request path: '/js/pobrawl/replay.js'. Physical path: 'C:\Users\punko\Downloads\PoMiniGames\src\PoMiniGames.Client\wwwroot\js\pobrawl\replay.js' 
[23:21:59 INF] HTTP GET /js/pobrawl/ragdoll.js responded 200 in 0.4659 ms 
[23:21:59 INF] HTTP GET /js/pobrawl/replay.js responded 200 in 0.4539 ms 
[23:21:59 INF] Request finished HTTP/1.1 GET http://localhost:5000/js/pobrawl/ragdoll.js - 200 null text/javascript 0.7047ms 
[23:21:59 INF] Request finished HTTP/1.1 GET http://localhost:5000/js/pobrawl/replay.js - 200 null text/javascript 0.9743ms 
[23:21:59 INF] Request finished HTTP/1.1 GET http://localhost:5000/js/pobrawl/combat.js - 200 null text/javascript 1.4957ms 
[23:21:59 INF] Request starting HTTP/1.1 GET http://localhost:5000/js/pobrawl/hitboxes.js - null null 
[23:21:59 INF] Request starting HTTP/1.1 GET http://localhost:5000/js/pobrawl/ragdoll-physics.js - null null 
[23:21:59 INF] Sending file. Request path: '/js/pobrawl/hitboxes.js'. Physical path: 'C:\Users\punko\Downloads\PoMiniGames\src\PoMiniGames.Client\wwwroot\js\pobrawl\hitboxes.js' 
[23:21:59 INF] HTTP GET /js/pobrawl/hitboxes.js responded 200 in 0.3599 ms 
[23:21:59 INF] Request finished HTTP/1.1 GET http://localhost:5000/js/pobrawl/hitboxes.js - 200 null text/javascript 0.5838ms 
[23:21:59 INF] Sending file. Request path: '/js/pobrawl/ragdoll-physics.js'. Physical path: 'C:\Users\punko\Downloads\PoMiniGames\src\PoMiniGames.Client\wwwroot\js\pobrawl\ragdoll-physics.js' 
[23:21:59 INF] HTTP GET /js/pobrawl/ragdoll-physics.js responded 200 in 0.4714 ms 
[23:21:59 INF] Request finished HTTP/1.1 GET http://localhost:5000/js/pobrawl/ragdoll-physics.js - 200 null text/javascript 0.7026ms 
[23:21:59 INF] Request starting HTTP/1.1 GET http://localhost:5000/js/pobrawl/physics.js - null null 
[23:21:59 INF] Sending file. Request path: '/js/pobrawl/physics.js'. Physical path: 'C:\Users\punko\Downloads\PoMiniGames\src\PoMiniGames.Client\wwwroot\js\pobrawl\physics.js' 
[23:21:59 INF] HTTP GET /js/pobrawl/physics.js responded 200 in 0.7429 ms 
[23:21:59 INF] Request finished HTTP/1.1 GET http://localhost:5000/js/pobrawl/physics.js - 200 null text/javascript 1.1725ms 
[23:21:59 INF] Request starting HTTP/1.1 GET http://localhost:5000/_framework/dotnet.runtime.a6jcqbs390.js - null null 
[23:21:59 INF] Request starting HTTP/1.1 GET http://localhost:5000/_framework/dotnet.native.ikrs475e5v.js - null null 
[23:21:59 INF] Sending file. Request path: '/_framework/dotnet.runtime.a6jcqbs390.js.gz'. Physical path: 'C:\Users\punko\Downloads\PoMiniGames\src\PoMiniGames.Client\obj\Debug\net10.0\compressed\y1zzgzf9zf-{0}-a6jcqbs390-a6jcqbs390.gz' 
[23:21:59 INF] HTTP GET /_framework/dotnet.runtime.a6jcqbs390.js.gz responded 200 in 2.4588 ms 
[23:21:59 INF] Request finished HTTP/1.1 GET http://localhost:5000/_framework/dotnet.runtime.a6jcqbs390.js.gz - 200 57291 text/javascript 2.7241ms 
[23:21:59 INF] Sending file. Request path: '/_framework/dotnet.native.ikrs475e5v.js.gz'. Physical path: 'C:\Users\punko\Downloads\PoMiniGames\src\PoMiniGames.Client\obj\Debug\net10.0\compressed\hs8r3f7lgy-{0}-ikrs475e5v-ikrs475e5v.gz' 
[23:21:59 INF] HTTP GET /_framework/dotnet.native.ikrs475e5v.js.gz responded 200 in 1.0028 ms 
[23:21:59 INF] Request finished HTTP/1.1 GET http://localhost:5000/_framework/dotnet.native.ikrs475e5v.js.gz - 200 34954 text/javascript 1.46ms 
[23:21:59 INF] Request starting HTTP/1.1 GET http://localhost:5000/_framework/dotnet.native.veuqw8a0w9.wasm - null null 
[23:21:59 INF] Request starting HTTP/1.1 GET http://localhost:5000/_framework/System.Runtime.InteropServices.JavaScript.a0smuvq74f.wasm - null null 
[23:21:59 INF] Sending file. Request path: '/_framework/System.Runtime.InteropServices.JavaScript.a0smuvq74f.wasm.gz'. Physical path: 'C:\Users\punko\Downloads\PoMiniGames\src\PoMiniGames.Client\obj\Debug\net10.0\compressed\hjmuya6gwm-{0}-a0smuvq74f-a0smuvq74f.gz' 
[23:21:59 INF] HTTP GET /_framework/System.Runtime.InteropServices.JavaScript.a0smuvq74f.wasm.gz responded 200 in 3.1586 ms 
[23:21:59 INF] Request finished HTTP/1.1 GET http://localhost:5000/_framework/System.Runtime.InteropServices.JavaScript.a0smuvq74f.wasm.gz - 200 32613 application/wasm 3.7982ms 
[23:21:59 INF] Request starting HTTP/1.1 GET http://localhost:5000/_framework/System.Private.CoreLib.9s549gpy7m.wasm - null null 
[23:21:59 INF] Request starting HTTP/1.1 GET http://localhost:5000/_framework/PoShared.qo7g3b4qyf.pdb - null null 
[23:21:59 INF] Sending file. Request path: '/_framework/PoShared.qo7g3b4qyf.pdb.gz'. Physical path: 'C:\Users\punko\Downloads\PoMiniGames\src\PoMiniGames.Client\obj\Debug\net10.0\compressed\wzov7322ov-{0}-qo7g3b4qyf-qo7g3b4qyf.gz' 
[23:21:59 INF] HTTP GET /_framework/PoShared.qo7g3b4qyf.pdb.gz responded 200 in 0.7746 ms 
[23:21:59 INF] Request finished HTTP/1.1 GET http://localhost:5000/_framework/PoShared.qo7g3b4qyf.pdb.gz - 200 12056 application/octet-stream 1.1113ms 
[23:21:59 INF] Request starting HTTP/1.1 GET http://localhost:5000/_framework/PoMiniGames.Application.48pky1lf0r.pdb - null null 
[23:21:59 INF] Sending file. Request path: '/_framework/PoMiniGames.Application.48pky1lf0r.pdb.gz'. Physical path: 'C:\Users\punko\Downloads\PoMiniGames\src\PoMiniGames.Client\obj\Debug\net10.0\compressed\cyubbuwjcv-{0}-48pky1lf0r-48pky1lf0r.gz' 
[23:21:59 INF] HTTP GET /_framework/PoMiniGames.Application.48pky1lf0r.pdb.gz responded 200 in 1.7519 ms 
[23:21:59 INF] Request finished HTTP/1.1 GET http://localhost:5000/_framework/PoMiniGames.Application.48pky1lf0r.pdb.gz - 200 13979 application/octet-stream 2.0579ms 
[23:21:59 INF] Request starting HTTP/1.1 GET http://localhost:5000/_framework/PoMiniGames.Domain.k3c20v7d69.pdb - null null 
[23:21:59 INF] Sending file. Request path: '/_framework/PoMiniGames.Domain.k3c20v7d69.pdb.gz'. Physical path: 'C:\Users\punko\Downloads\PoMiniGames\src\PoMiniGames.Client\obj\Debug\net10.0\compressed\dha7kz76w7-{0}-k3c20v7d69-k3c20v7d69.gz' 
[23:21:59 INF] HTTP GET /_framework/PoMiniGames.Domain.k3c20v7d69.pdb.gz responded 200 in 1.6700 ms 
[23:21:59 INF] Request finished HTTP/1.1 GET http://localhost:5000/_framework/PoMiniGames.Domain.k3c20v7d69.pdb.gz - 200 18103 application/octet-stream 2.1096ms 
[23:21:59 INF] Request starting HTTP/1.1 GET http://localhost:5000/_framework/PoMiniGamesClient.mbcedkzfsf.pdb - null null 
[23:21:59 INF] Request starting HTTP/1.1 GET http://localhost:5000/_framework/Fluxor.hnfazpbnxb.wasm - null null 
[23:21:59 INF] Sending file. Request path: '/_framework/Fluxor.hnfazpbnxb.wasm.gz'. Physical path: 'C:\Users\punko\Downloads\PoMiniGames\src\PoMiniGames.Client\obj\Debug\net10.0\compressed\0cvdoyo2dy-{0}-hnfazpbnxb-hnfazpbnxb.gz' 
[23:21:59 INF] HTTP GET /_framework/Fluxor.hnfazpbnxb.wasm.gz responded 200 in 1.6634 ms 
[23:21:59 INF] Request starting HTTP/1.1 GET http://localhost:5000/_framework/Fluxor.Blazor.Web.z7l694tphu.wasm - null null 
[23:21:59 INF] Sending file. Request path: '/_framework/Fluxor.Blazor.Web.z7l694tphu.wasm.gz'. Physical path: 'C:\Users\punko\Downloads\PoMiniGames\src\PoMiniGames.Client\obj\Debug\net10.0\compressed\8hdh5l38tu-{0}-z7l694tphu-z7l694tphu.gz' 
[23:21:59 INF] HTTP GET /_framework/Fluxor.Blazor.Web.z7l694tphu.wasm.gz responded 200 in 1.3959 ms 
[23:21:59 INF] Request finished HTTP/1.1 GET http://localhost:5000/_framework/Fluxor.Blazor.Web.z7l694tphu.wasm.gz - 200 19113 application/wasm 3.0331ms 
[23:21:59 INF] Request finished HTTP/1.1 GET http://localhost:5000/_framework/Fluxor.hnfazpbnxb.wasm.gz - 200 49210 application/wasm 5.1109ms 
[23:21:59 INF] Request starting HTTP/1.1 GET http://localhost:5000/_framework/Microsoft.AspNetCore.Authorization.y0sndbe2xe.wasm - null null 
[23:21:59 INF] Sending file. Request path: '/_framework/Microsoft.AspNetCore.Authorization.y0sndbe2xe.wasm.gz'. Physical path: 'C:\Users\punko\Downloads\PoMiniGames\src\PoMiniGames.Client\obj\Debug\net10.0\compressed\ni4aijbabd-{0}-y0sndbe2xe-y0sndbe2xe.gz' 
[23:21:59 INF] HTTP GET /_framework/Microsoft.AspNetCore.Authorization.y0sndbe2xe.wasm.gz responded 200 in 1.3739 ms 
[23:21:59 INF] Request finished HTTP/1.1 GET http://localhost:5000/_framework/Microsoft.AspNetCore.Authorization.y0sndbe2xe.wasm.gz - 200 20225 application/wasm 1.8042ms 
[23:21:59 INF] Request starting HTTP/1.1 GET http://localhost:5000/_framework/Microsoft.AspNetCore.Components.09qh35fcip.wasm - null null 
[23:21:59 INF] Sending file. Request path: '/_framework/Microsoft.AspNetCore.Components.09qh35fcip.wasm.gz'. Physical path: 'C:\Users\punko\Downloads\PoMiniGames\src\PoMiniGames.Client\obj\Debug\net10.0\compressed\19h8m082ce-{0}-09qh35fcip-09qh35fcip.gz' 
[23:21:59 INF] HTTP GET /_framework/Microsoft.AspNetCore.Components.09qh35fcip.wasm.gz responded 200 in 3.0630 ms 
[23:21:59 INF] Request finished HTTP/1.1 GET http://localhost:5000/_framework/Microsoft.AspNetCore.Components.09qh35fcip.wasm.gz - 200 157355 application/wasm 3.6315ms 
[23:21:59 INF] Request starting HTTP/1.1 GET http://localhost:5000/_framework/Microsoft.AspNetCore.Components.Authorization.t4qy9pca5j.wasm - null null 
[23:21:59 INF] Sending file. Request path: '/_framework/Microsoft.AspNetCore.Components.Authorization.t4qy9pca5j.wasm.gz'. Physical path: 'C:\Users\punko\Downloads\PoMiniGames\src\PoMiniGames.Client\obj\Debug\net10.0\compressed\amazfmjxqc-{0}-t4qy9pca5j-t4qy9pca5j.gz' 
[23:21:59 INF] HTTP GET /_framework/Microsoft.AspNetCore.Components.Authorization.t4qy9pca5j.wasm.gz responded 200 in 0.9142 ms 
[23:21:59 INF] Request finished HTTP/1.1 GET http://localhost:5000/_framework/Microsoft.AspNetCore.Components.Authorization.t4qy9pca5j.wasm.gz - 200 10704 application/wasm 1.2353ms 
[23:21:59 INF] Request starting HTTP/1.1 GET http://localhost:5000/_framework/Microsoft.AspNetCore.Components.Forms.gorw8iqj27.wasm - null null 
[23:21:59 INF] Sending file. Request path: '/_framework/Microsoft.AspNetCore.Components.Forms.gorw8iqj27.wasm.gz'. Physical path: 'C:\Users\punko\Downloads\PoMiniGames\src\PoMiniGames.Client\obj\Debug\net10.0\compressed\p2k11zhdqx-{0}-gorw8iqj27-gorw8iqj27.gz' 
[23:21:59 INF] HTTP GET /_framework/Microsoft.AspNetCore.Components.Forms.gorw8iqj27.wasm.gz responded 200 in 0.9778 ms 
[23:21:59 INF] Request finished HTTP/1.1 GET http://localhost:5000/_framework/Microsoft.AspNetCore.Components.Forms.gorw8iqj27.wasm.gz - 200 17838 application/wasm 1.3816ms 
[23:21:59 INF] Sending file. Request path: '/_framework/PoMiniGamesClient.mbcedkzfsf.pdb.gz'. Physical path: 'C:\Users\punko\Downloads\PoMiniGames\src\PoMiniGames.Client\obj\Debug\net10.0\compressed\rb7j5x4qnp-{0}-mbcedkzfsf-mbcedkzfsf.gz' 
[23:21:59 INF] HTTP GET /_framework/PoMiniGamesClient.mbcedkzfsf.pdb.gz responded 200 in 67.8685 ms 
[23:21:59 INF] Request finished HTTP/1.1 GET http://localhost:5000/_framework/PoMiniGamesClient.mbcedkzfsf.pdb.gz - 200 555033 application/octet-stream 68.4624ms 
[23:21:59 INF] Request starting HTTP/1.1 GET http://localhost:5000/_framework/Microsoft.AspNetCore.Components.Web.8xg9el10sq.wasm - null null 
[23:21:59 INF] Sending file. Request path: '/_framework/Microsoft.AspNetCore.Components.Web.8xg9el10sq.wasm.gz'. Physical path: 'C:\Users\punko\Downloads\PoMiniGames\src\PoMiniGames.Client\obj\Debug\net10.0\compressed\1c19ebjgyy-{0}-8xg9el10sq-8xg9el10sq.gz' 
[23:21:59 INF] HTTP GET /_framework/Microsoft.AspNetCore.Components.Web.8xg9el10sq.wasm.gz responded 200 in 2.0876 ms 
[23:21:59 INF] Request finished HTTP/1.1 GET http://localhost:5000/_framework/Microsoft.AspNetCore.Components.Web.8xg9el10sq.wasm.gz - 200 73185 application/wasm 2.6509ms 
[23:21:59 INF] Request starting HTTP/1.1 GET http://localhost:5000/_framework/Microsoft.AspNetCore.Components.WebAssembly.bj9oxfg9cx.wasm - null null 
[23:21:59 INF] Sending file. Request path: '/_framework/Microsoft.AspNetCore.Components.WebAssembly.bj9oxfg9cx.wasm.gz'. Physical path: 'C:\Users\punko\Downloads\PoMiniGames\src\PoMiniGames.Client\obj\Debug\net10.0\compressed\wgo8afsb2g-{0}-bj9oxfg9cx-bj9oxfg9cx.gz' 
[23:21:59 INF] HTTP GET /_framework/Microsoft.AspNetCore.Components.WebAssembly.bj9oxfg9cx.wasm.gz responded 200 in 1.0519 ms 
[23:21:59 INF] Request finished HTTP/1.1 GET http://localhost:5000/_framework/Microsoft.AspNetCore.Components.WebAssembly.bj9oxfg9cx.wasm.gz - 200 62574 application/wasm 1.4141ms 
[23:21:59 INF] Request starting HTTP/1.1 GET http://localhost:5000/_framework/Microsoft.AspNetCore.Connections.Abstractions.6cek7abu0h.wasm - null null 
[23:21:59 INF] Sending file. Request path: '/_framework/Microsoft.AspNetCore.Connections.Abstractions.6cek7abu0h.wasm.gz'. Physical path: 'C:\Users\punko\Downloads\PoMiniGames\src\PoMiniGames.Client\obj\Debug\net10.0\compressed\m9cv4f8kh6-{0}-6cek7abu0h-6cek7abu0h.gz' 
[23:21:59 INF] HTTP GET /_framework/Microsoft.AspNetCore.Connections.Abstractions.6cek7abu0h.wasm.gz responded 200 in 1.0899 ms 
[23:21:59 INF] Request finished HTTP/1.1 GET http://localhost:5000/_framework/Microsoft.AspNetCore.Connections.Abstractions.6cek7abu0h.wasm.gz - 200 14412 application/wasm 3.2573ms 
[23:21:59 INF] Request starting HTTP/1.1 GET http://localhost:5000/_framework/Microsoft.AspNetCore.Http.Connections.Client.jyfvzt7f9r.wasm - null null 
[23:21:59 INF] Sending file. Request path: '/_framework/Microsoft.AspNetCore.Http.Connections.Client.jyfvzt7f9r.wasm.gz'. Physical path: 'C:\Users\punko\Downloads\PoMiniGames\src\PoMiniGames.Client\obj\Debug\net10.0\compressed\pnsa8q5v4z-{0}-jyfvzt7f9r-jyfvzt7f9r.gz' 
[23:21:59 INF] Request starting HTTP/1.1 GET http://localhost:5000/_framework/Microsoft.AspNetCore.Http.Connections.Common.cmsjr896pi.wasm - null null 
[23:21:59 INF] HTTP GET /_framework/Microsoft.AspNetCore.Http.Connections.Client.jyfvzt7f9r.wasm.gz responded 200 in 1.6268 ms 
[23:21:59 INF] Request finished HTTP/1.1 GET http://localhost:5000/_framework/Microsoft.AspNetCore.Http.Connections.Client.jyfvzt7f9r.wasm.gz - 200 42740 application/wasm 2.1543ms 
[23:21:59 INF] Sending file. Request path: '/_framework/Microsoft.AspNetCore.Http.Connections.Common.cmsjr896pi.wasm.gz'. Physical path: 'C:\Users\punko\Downloads\PoMiniGames\src\PoMiniGames.Client\obj\Debug\net10.0\compressed\6broj97bjy-{0}-cmsjr896pi-cmsjr896pi.gz' 
[23:21:59 INF] HTTP GET /_framework/Microsoft.AspNetCore.Http.Connections.Common.cmsjr896pi.wasm.gz responded 200 in 0.7296 ms 
[23:21:59 INF] Request finished HTTP/1.1 GET http://localhost:5000/_framework/Microsoft.AspNetCore.Http.Connections.Common.cmsjr896pi.wasm.gz - 200 8459 application/wasm 0.9615ms 
[23:21:59 INF] Request starting HTTP/1.1 GET http://localhost:5000/_framework/Microsoft.AspNetCore.Metadata.rgu4qwxn86.wasm - null null 
[23:21:59 INF] Sending file. Request path: '/_framework/Microsoft.AspNetCore.Metadata.rgu4qwxn86.wasm.gz'. Physical path: 'C:\Users\punko\Downloads\PoMiniGames\src\PoMiniGames.Client\obj\Debug\net10.0\compressed\2d1jvv5bhm-{0}-rgu4qwxn86-rgu4qwxn86.gz' 
[23:21:59 INF] HTTP GET /_framework/Microsoft.AspNetCore.Metadata.rgu4qwxn86.wasm.gz responded 200 in 0.9804 ms 
[23:21:59 INF] Request finished HTTP/1.1 GET http://localhost:5000/_framework/Microsoft.AspNetCore.Metadata.rgu4qwxn86.wasm.gz - 200 2485 application/wasm 1.3859ms 
[23:21:59 INF] Request starting HTTP/1.1 GET http://localhost:5000/_framework/Microsoft.AspNetCore.SignalR.Client.2is6wpjdpf.wasm - null null 
[23:21:59 INF] Sending file. Request path: '/_framework/Microsoft.AspNetCore.SignalR.Client.2is6wpjdpf.wasm.gz'. Physical path: 'C:\Users\punko\Downloads\PoMiniGames\src\PoMiniGames.Client\obj\Debug\net10.0\compressed\uerzqg2no6-{0}-2is6wpjdpf-2is6wpjdpf.gz' 
[23:21:59 INF] HTTP GET /_framework/Microsoft.AspNetCore.SignalR.Client.2is6wpjdpf.wasm.gz responded 200 in 2.4393 ms 
[23:21:59 INF] Request finished HTTP/1.1 GET http://localhost:5000/_framework/Microsoft.AspNetCore.SignalR.Client.2is6wpjdpf.wasm.gz - 200 4469 application/wasm 2.9425ms 
[23:21:59 INF] Request starting HTTP/1.1 GET http://localhost:5000/_framework/Microsoft.AspNetCore.SignalR.Client.Core.i16ngzccqn.wasm - null null 
[23:21:59 INF] Sending file. Request path: '/_framework/Microsoft.AspNetCore.SignalR.Client.Core.i16ngzccqn.wasm.gz'. Physical path: 'C:\Users\punko\Downloads\PoMiniGames\src\PoMiniGames.Client\obj\Debug\net10.0\compressed\kxufo2hu52-{0}-i16ngzccqn-i16ngzccqn.gz' 
[23:21:59 INF] HTTP GET /_framework/Microsoft.AspNetCore.SignalR.Client.Core.i16ngzccqn.wasm.gz responded 200 in 1.2699 ms 
[23:21:59 INF] Request finished HTTP/1.1 GET http://localhost:5000/_framework/Microsoft.AspNetCore.SignalR.Client.Core.i16ngzccqn.wasm.gz - 200 75395 application/wasm 1.7594ms 
[23:21:59 INF] Request starting HTTP/1.1 GET http://localhost:5000/_framework/Microsoft.AspNetCore.SignalR.Common.egdchbb236.wasm - null null 
[23:21:59 INF] Sending file. Request path: '/_framework/Microsoft.AspNetCore.SignalR.Common.egdchbb236.wasm.gz'. Physical path: 'C:\Users\punko\Downloads\PoMiniGames\src\PoMiniGames.Client\obj\Debug\net10.0\compressed\h2hlt3mock-{0}-egdchbb236-egdchbb236.gz' 
[23:21:59 INF] HTTP GET /_framework/Microsoft.AspNetCore.SignalR.Common.egdchbb236.wasm.gz responded 200 in 0.8149 ms 
[23:21:59 INF] Request finished HTTP/1.1 GET http://localhost:5000/_framework/Microsoft.AspNetCore.SignalR.Common.egdchbb236.wasm.gz - 200 15168 application/wasm 1.1055ms 
[23:21:59 INF] Request starting HTTP/1.1 GET http://localhost:5000/_framework/Microsoft.AspNetCore.SignalR.Protocols.Json.jc1s9ud2io.wasm - null null 
[23:21:59 INF] Sending file. Request path: '/_framework/Microsoft.AspNetCore.SignalR.Protocols.Json.jc1s9ud2io.wasm.gz'. Physical path: 'C:\Users\punko\Downloads\PoMiniGames\src\PoMiniGames.Client\obj\Debug\net10.0\compressed\lwatihb4c8-{0}-jc1s9ud2io-jc1s9ud2io.gz' 
[23:21:59 INF] HTTP GET /_framework/Microsoft.AspNetCore.SignalR.Protocols.Json.jc1s9ud2io.wasm.gz responded 200 in 0.6809 ms 
[23:21:59 INF] Request finished HTTP/1.1 GET http://localhost:5000/_framework/Microsoft.AspNetCore.SignalR.Protocols.Json.jc1s9ud2io.wasm.gz - 200 13180 application/wasm 0.8706ms 
[23:21:59 INF] Request starting HTTP/1.1 GET http://localhost:5000/_framework/Microsoft.Extensions.Configuration.ls9u3wlkav.wasm - null null 
[23:21:59 INF] Sending file. Request path: '/_framework/Microsoft.Extensions.Configuration.ls9u3wlkav.wasm.gz'. Physical path: 'C:\Users\punko\Downloads\PoMiniGames\src\PoMiniGames.Client\obj\Debug\net10.0\compressed\tm6c9b38rt-{0}-ls9u3wlkav-ls9u3wlkav.gz' 
[23:21:59 INF] HTTP GET /_framework/Microsoft.Extensions.Configuration.ls9u3wlkav.wasm.gz responded 200 in 0.9785 ms 
[23:21:59 INF] Request finished HTTP/1.1 GET http://localhost:5000/_framework/Microsoft.Extensions.Configuration.ls9u3wlkav.wasm.gz - 200 15853 application/wasm 1.3812ms 
[23:21:59 INF] Request starting HTTP/1.1 GET http://localhost:5000/_framework/Microsoft.Extensions.Configuration.Abstractions.wa2ojg94fi.wasm - null null 
[23:21:59 INF] Sending file. Request path: '/_framework/Microsoft.Extensions.Configuration.Abstractions.wa2ojg94fi.wasm.gz'. Physical path: 'C:\Users\punko\Downloads\PoMiniGames\src\PoMiniGames.Client\obj\Debug\net10.0\compressed\x7iv2052et-{0}-wa2ojg94fi-wa2ojg94fi.gz' 
[23:21:59 INF] HTTP GET /_framework/Microsoft.Extensions.Configuration.Abstractions.wa2ojg94fi.wasm.gz responded 200 in 0.9173 ms 
[23:21:59 INF] Request starting HTTP/1.1 GET http://localhost:5000/_framework/Microsoft.Extensions.Configuration.Binder.miz8ol386m.wasm - null null 
[23:21:59 INF] Request finished HTTP/1.1 GET http://localhost:5000/_framework/Microsoft.Extensions.Configuration.Abstractions.wa2ojg94fi.wasm.gz - 200 8259 application/wasm 1.254ms 
[23:21:59 INF] Sending file. Request path: '/_framework/Microsoft.Extensions.Configuration.Binder.miz8ol386m.wasm.gz'. Physical path: 'C:\Users\punko\Downloads\PoMiniGames\src\PoMiniGames.Client\obj\Debug\net10.0\compressed\kqvelv54xc-{0}-miz8ol386m-miz8ol386m.gz' 
[23:21:59 INF] HTTP GET /_framework/Microsoft.Extensions.Configuration.Binder.miz8ol386m.wasm.gz responded 200 in 1.9507 ms 
[23:21:59 INF] Request finished HTTP/1.1 GET http://localhost:5000/_framework/Microsoft.Extensions.Configuration.Binder.miz8ol386m.wasm.gz - 200 14509 application/wasm 2.4328ms 
[23:21:59 INF] Request starting HTTP/1.1 GET http://localhost:5000/_framework/Microsoft.Extensions.Configuration.FileExtensions.s7d9lqhx2j.wasm - null null 
[23:21:59 INF] Sending file. Request path: '/_framework/Microsoft.Extensions.Configuration.FileExtensions.s7d9lqhx2j.wasm.gz'. Physical path: 'C:\Users\punko\Downloads\PoMiniGames\src\PoMiniGames.Client\obj\Debug\net10.0\compressed\p6hmtjg7t8-{0}-s7d9lqhx2j-s7d9lqhx2j.gz' 
[23:21:59 INF] HTTP GET /_framework/Microsoft.Extensions.Configuration.FileExtensions.s7d9lqhx2j.wasm.gz responded 200 in 0.6622 ms 
[23:21:59 INF] Request finished HTTP/1.1 GET http://localhost:5000/_framework/Microsoft.Extensions.Configuration.FileExtensions.s7d9lqhx2j.wasm.gz - 200 8145 application/wasm 0.8976ms 
[23:21:59 INF] Request starting HTTP/1.1 GET http://localhost:5000/_framework/Microsoft.Extensions.Configuration.Json.weuwc2nchg.wasm - null null 
[23:21:59 INF] Sending file. Request path: '/_framework/Microsoft.Extensions.Configuration.Json.weuwc2nchg.wasm.gz'. Physical path: 'C:\Users\punko\Downloads\PoMiniGames\src\PoMiniGames.Client\obj\Debug\net10.0\compressed\seav4lmedm-{0}-weuwc2nchg-weuwc2nchg.gz' 
[23:21:59 INF] HTTP GET /_framework/Microsoft.Extensions.Configuration.Json.weuwc2nchg.wasm.gz responded 200 in 0.7040 ms 
[23:21:59 INF] Request finished HTTP/1.1 GET http://localhost:5000/_framework/Microsoft.Extensions.Configuration.Json.weuwc2nchg.wasm.gz - 200 8007 application/wasm 0.934ms 
[23:21:59 INF] Sending file. Request path: '/_framework/dotnet.native.veuqw8a0w9.wasm.gz'. Physical path: 'C:\Users\punko\Downloads\PoMiniGames\src\PoMiniGames.Client\obj\Debug\net10.0\compressed\yo8lqi6w20-{0}-veuqw8a0w9-veuqw8a0w9.gz' 
[23:21:59 INF] HTTP GET /_framework/dotnet.native.veuqw8a0w9.wasm.gz responded 200 in 278.2276 ms 
[23:21:59 INF] Request finished HTTP/1.1 GET http://localhost:5000/_framework/dotnet.native.veuqw8a0w9.wasm.gz - 200 1207895 application/wasm 279.1718ms 
[23:21:59 INF] Request starting HTTP/1.1 GET http://localhost:5000/_framework/Microsoft.Extensions.DependencyInjection.Abstractions.8pvxjyp0o1.wasm - null null 
[23:21:59 INF] Request starting HTTP/1.1 GET http://localhost:5000/_framework/Microsoft.Extensions.DependencyInjection.5tzvwbi8co.wasm - null null 
[23:21:59 INF] Sending file. Request path: '/_framework/Microsoft.Extensions.DependencyInjection.Abstractions.8pvxjyp0o1.wasm.gz'. Physical path: 'C:\Users\punko\Downloads\PoMiniGames\src\PoMiniGames.Client\obj\Debug\net10.0\compressed\v6ua9z6c38-{0}-8pvxjyp0o1-8pvxjyp0o1.gz' 
[23:21:59 INF] HTTP GET /_framework/Microsoft.Extensions.DependencyInjection.Abstractions.8pvxjyp0o1.wasm.gz responded 200 in 0.6830 ms 
[23:21:59 INF] Request finished HTTP/1.1 GET http://localhost:5000/_framework/Microsoft.Extensions.DependencyInjection.Abstractions.8pvxjyp0o1.wasm.gz - 200 22147 application/wasm 1.034ms 
[23:21:59 INF] Sending file. Request path: '/_framework/Microsoft.Extensions.DependencyInjection.5tzvwbi8co.wasm.gz'. Physical path: 'C:\Users\punko\Downloads\PoMiniGames\src\PoMiniGames.Client\obj\Debug\net10.0\compressed\0edabmdwgg-{0}-5tzvwbi8co-5tzvwbi8co.gz' 
[23:21:59 INF] HTTP GET /_framework/Microsoft.Extensions.DependencyInjection.5tzvwbi8co.wasm.gz responded 200 in 1.5329 ms 
[23:21:59 INF] Request finished HTTP/1.1 GET http://localhost:5000/_framework/Microsoft.Extensions.DependencyInjection.5tzvwbi8co.wasm.gz - 200 37419 application/wasm 2.1766ms 
[23:21:59 INF] Request starting HTTP/1.1 GET http://localhost:5000/_framework/Microsoft.Extensions.Diagnostics.mhqc8e7pzx.wasm - null null 
[23:21:59 INF] Request starting HTTP/1.1 GET http://localhost:5000/_framework/Microsoft.Extensions.Diagnostics.Abstractions.ldo4u1l3de.wasm - null null 
[23:21:59 INF] Request starting HTTP/1.1 GET http://localhost:5000/_framework/Microsoft.Extensions.Features.i3u23ut47r.wasm - null null 
[23:21:59 INF] Sending file. Request path: '/_framework/Microsoft.Extensions.Diagnostics.mhqc8e7pzx.wasm.gz'. Physical path: 'C:\Users\punko\Downloads\PoMiniGames\src\PoMiniGames.Client\obj\Debug\net10.0\compressed\mr6ylwl7oi-{0}-mhqc8e7pzx-mhqc8e7pzx.gz' 
[23:21:59 INF] Sending file. Request path: '/_framework/Microsoft.Extensions.Features.i3u23ut47r.wasm.gz'. Physical path: 'C:\Users\punko\Downloads\PoMiniGames\src\PoMiniGames.Client\obj\Debug\net10.0\compressed\1ri9n9tf7v-{0}-i3u23ut47r-i3u23ut47r.gz' 
[23:21:59 INF] Sending file. Request path: '/_framework/Microsoft.Extensions.Diagnostics.Abstractions.ldo4u1l3de.wasm.gz'. Physical path: 'C:\Users\punko\Downloads\PoMiniGames\src\PoMiniGames.Client\obj\Debug\net10.0\compressed\6omevkkwna-{0}-ldo4u1l3de-ldo4u1l3de.gz' 
[23:21:59 INF] HTTP GET /_framework/Microsoft.Extensions.Diagnostics.mhqc8e7pzx.wasm.gz responded 200 in 0.8120 ms 
[23:21:59 INF] HTTP GET /_framework/Microsoft.Extensions.Features.i3u23ut47r.wasm.gz responded 200 in 0.7089 ms 
[23:21:59 INF] HTTP GET /_framework/Microsoft.Extensions.Diagnostics.Abstractions.ldo4u1l3de.wasm.gz responded 200 in 0.8074 ms 
[23:21:59 INF] Request finished HTTP/1.1 GET http://localhost:5000/_framework/Microsoft.Extensions.Diagnostics.mhqc8e7pzx.wasm.gz - 200 12442 application/wasm 7.9207ms 
[23:21:59 INF] Request finished HTTP/1.1 GET http://localhost:5000/_framework/Microsoft.Extensions.Features.i3u23ut47r.wasm.gz - 200 7349 application/wasm 2.2092ms 
[23:21:59 INF] Request finished HTTP/1.1 GET http://localhost:5000/_framework/Microsoft.Extensions.Diagnostics.Abstractions.ldo4u1l3de.wasm.gz - 200 8778 application/wasm 7.1548ms 
[23:21:59 INF] Request starting HTTP/1.1 GET http://localhost:5000/_framework/Microsoft.Extensions.FileProviders.Abstractions.rb974yjmax.wasm - null null 
[23:21:59 INF] Sending file. Request path: '/_framework/Microsoft.Extensions.FileProviders.Abstractions.rb974yjmax.wasm.gz'. Physical path: 'C:\Users\punko\Downloads\PoMiniGames\src\PoMiniGames.Client\obj\Debug\net10.0\compressed\rn8rzcl9w8-{0}-rb974yjmax-rb974yjmax.gz' 
[23:21:59 INF] HTTP GET /_framework/Microsoft.Extensions.FileProviders.Abstractions.rb974yjmax.wasm.gz responded 200 in 0.6615 ms 
[23:21:59 INF] Request finished HTTP/1.1 GET http://localhost:5000/_framework/Microsoft.Extensions.FileProviders.Abstractions.rb974yjmax.wasm.gz - 200 5741 application/wasm 0.8557ms 
[23:21:59 INF] Request starting HTTP/1.1 GET http://localhost:5000/_framework/Microsoft.Extensions.FileProviders.Physical.megzh68xf4.wasm - null null 
[23:21:59 INF] Request starting HTTP/1.1 GET http://localhost:5000/_framework/Microsoft.Extensions.FileSystemGlobbing.w6wlsluc19.wasm - null null 
[23:21:59 INF] Sending file. Request path: '/_framework/Microsoft.Extensions.FileProviders.Physical.megzh68xf4.wasm.gz'. Physical path: 'C:\Users\punko\Downloads\PoMiniGames\src\PoMiniGames.Client\obj\Debug\net10.0\compressed\zzlqpt47i6-{0}-megzh68xf4-megzh68xf4.gz' 
[23:21:59 INF] Sending file. Request path: '/_framework/Microsoft.Extensions.FileSystemGlobbing.w6wlsluc19.wasm.gz'. Physical path: 'C:\Users\punko\Downloads\PoMiniGames\src\PoMiniGames.Client\obj\Debug\net10.0\compressed\0mwepjuvqx-{0}-w6wlsluc19-w6wlsluc19.gz' 
[23:21:59 INF] HTTP GET /_framework/Microsoft.Extensions.FileProviders.Physical.megzh68xf4.wasm.gz responded 200 in 1.0709 ms 
[23:21:59 INF] HTTP GET /_framework/Microsoft.Extensions.FileSystemGlobbing.w6wlsluc19.wasm.gz responded 200 in 0.9687 ms 
[23:21:59 INF] Request finished HTTP/1.1 GET http://localhost:5000/_framework/Microsoft.Extensions.FileProviders.Physical.megzh68xf4.wasm.gz - 200 16874 application/wasm 1.3257ms 
[23:21:59 INF] Request finished HTTP/1.1 GET http://localhost:5000/_framework/Microsoft.Extensions.FileSystemGlobbing.w6wlsluc19.wasm.gz - 200 17339 application/wasm 1.2589ms 
[23:21:59 INF] Request starting HTTP/1.1 GET http://localhost:5000/_framework/Microsoft.Extensions.Logging.87ekqxeo3a.wasm - null null 
[23:21:59 INF] Request starting HTTP/1.1 GET http://localhost:5000/_framework/Microsoft.Extensions.Logging.Abstractions.60456wql8i.wasm - null null 
[23:21:59 INF] Sending file. Request path: '/_framework/Microsoft.Extensions.Logging.87ekqxeo3a.wasm.gz'. Physical path: 'C:\Users\punko\Downloads\PoMiniGames\src\PoMiniGames.Client\obj\Debug\net10.0\compressed\tqdttmyq19-{0}-87ekqxeo3a-87ekqxeo3a.gz' 
[23:21:59 INF] HTTP GET /_framework/Microsoft.Extensions.Logging.87ekqxeo3a.wasm.gz responded 200 in 0.6118 ms 
[23:21:59 INF] Request finished HTTP/1.1 GET http://localhost:5000/_framework/Microsoft.Extensions.Logging.87ekqxeo3a.wasm.gz - 200 19157 application/wasm 0.7771ms 
[23:21:59 INF] Sending file. Request path: '/_framework/Microsoft.Extensions.Logging.Abstractions.60456wql8i.wasm.gz'. Physical path: 'C:\Users\punko\Downloads\PoMiniGames\src\PoMiniGames.Client\obj\Debug\net10.0\compressed\vkkspix9e8-{0}-60456wql8i-60456wql8i.gz' 
[23:21:59 INF] HTTP GET /_framework/Microsoft.Extensions.Logging.Abstractions.60456wql8i.wasm.gz responded 200 in 1.5736 ms 
[23:21:59 INF] Request finished HTTP/1.1 GET http://localhost:5000/_framework/Microsoft.Extensions.Logging.Abstractions.60456wql8i.wasm.gz - 200 25044 application/wasm 1.7818ms 
[23:21:59 INF] Request starting HTTP/1.1 GET http://localhost:5000/_framework/Microsoft.Extensions.Options.toph8h75gu.wasm - null null 
[23:21:59 INF] Request starting HTTP/1.1 GET http://localhost:5000/_framework/Microsoft.Extensions.Options.ConfigurationExtensions.lr1zv6h3in.wasm - null null 
[23:21:59 INF] Sending file. Request path: '/_framework/Microsoft.Extensions.Options.toph8h75gu.wasm.gz'. Physical path: 'C:\Users\punko\Downloads\PoMiniGames\src\PoMiniGames.Client\obj\Debug\net10.0\compressed\b5gph48ukg-{0}-toph8h75gu-toph8h75gu.gz' 
[23:21:59 INF] HTTP GET /_framework/Microsoft.Extensions.Options.toph8h75gu.wasm.gz responded 200 in 0.9017 ms 
[23:21:59 INF] Sending file. Request path: '/_framework/Microsoft.Extensions.Options.ConfigurationExtensions.lr1zv6h3in.wasm.gz'. Physical path: 'C:\Users\punko\Downloads\PoMiniGames\src\PoMiniGames.Client\obj\Debug\net10.0\compressed\1a09sencdy-{0}-lr1zv6h3in-lr1zv6h3in.gz' 
[23:21:59 INF] Request finished HTTP/1.1 GET http://localhost:5000/_framework/Microsoft.Extensions.Options.toph8h75gu.wasm.gz - 200 23972 application/wasm 1.2265ms 
[23:21:59 INF] HTTP GET /_framework/Microsoft.Extensions.Options.ConfigurationExtensions.lr1zv6h3in.wasm.gz responded 200 in 0.9371 ms 
[23:21:59 INF] Request finished HTTP/1.1 GET http://localhost:5000/_framework/Microsoft.Extensions.Options.ConfigurationExtensions.lr1zv6h3in.wasm.gz - 200 5186 application/wasm 1.1413ms 
[23:21:59 INF] Request starting HTTP/1.1 GET http://localhost:5000/_framework/Microsoft.Extensions.Primitives.ub9q6nskn2.wasm - null null 
[23:21:59 INF] Sending file. Request path: '/_framework/Microsoft.Extensions.Primitives.ub9q6nskn2.wasm.gz'. Physical path: 'C:\Users\punko\Downloads\PoMiniGames\src\PoMiniGames.Client\obj\Debug\net10.0\compressed\yu8wd4wbw3-{0}-ub9q6nskn2-ub9q6nskn2.gz' 
[23:21:59 INF] HTTP GET /_framework/Microsoft.Extensions.Primitives.ub9q6nskn2.wasm.gz responded 200 in 0.4561 ms 
[23:21:59 INF] Request finished HTTP/1.1 GET http://localhost:5000/_framework/Microsoft.Extensions.Primitives.ub9q6nskn2.wasm.gz - 200 15663 application/wasm 0.7349ms 
[23:21:59 INF] Request starting HTTP/1.1 GET http://localhost:5000/_framework/Microsoft.Extensions.Validation.fejvxfp9cz.wasm - null null 
[23:21:59 INF] Request starting HTTP/1.1 GET http://localhost:5000/_framework/Microsoft.JSInterop.9do6y9xojp.wasm - null null 
[23:21:59 INF] Sending file. Request path: '/_framework/Microsoft.Extensions.Validation.fejvxfp9cz.wasm.gz'. Physical path: 'C:\Users\punko\Downloads\PoMiniGames\src\PoMiniGames.Client\obj\Debug\net10.0\compressed\1p7n4es8se-{0}-fejvxfp9cz-fejvxfp9cz.gz' 
[23:21:59 INF] HTTP GET /_framework/Microsoft.Extensions.Validation.fejvxfp9cz.wasm.gz responded 200 in 0.4140 ms 
[23:21:59 INF] Request finished HTTP/1.1 GET http://localhost:5000/_framework/Microsoft.Extensions.Validation.fejvxfp9cz.wasm.gz - 200 14756 application/wasm 0.5368ms 
[23:21:59 INF] Sending file. Request path: '/_framework/Microsoft.JSInterop.9do6y9xojp.wasm.gz'. Physical path: 'C:\Users\punko\Downloads\PoMiniGames\src\PoMiniGames.Client\obj\Debug\net10.0\compressed\h3pc64m03k-{0}-9do6y9xojp-9do6y9xojp.gz' 
[23:21:59 INF] HTTP GET /_framework/Microsoft.JSInterop.9do6y9xojp.wasm.gz responded 200 in 1.0386 ms 
[23:21:59 INF] Request finished HTTP/1.1 GET http://localhost:5000/_framework/Microsoft.JSInterop.9do6y9xojp.wasm.gz - 200 28044 application/wasm 1.175ms 
[23:21:59 INF] Request starting HTTP/1.1 GET http://localhost:5000/_framework/Microsoft.JSInterop.WebAssembly.rckyrl71lm.wasm - null null 
[23:21:59 INF] Request starting HTTP/1.1 GET http://localhost:5000/_framework/Microsoft.CSharp.y8cabdi7yj.wasm - null null 
[23:21:59 INF] Sending file. Request path: '/_framework/Microsoft.JSInterop.WebAssembly.rckyrl71lm.wasm.gz'. Physical path: 'C:\Users\punko\Downloads\PoMiniGames\src\PoMiniGames.Client\obj\Debug\net10.0\compressed\cp15g78v12-{0}-rckyrl71lm-rckyrl71lm.gz' 
[23:21:59 INF] Request starting HTTP/1.1 GET http://localhost:5000/_framework/Microsoft.VisualBasic.Core.rj6qwnj2np.wasm - null null 
[23:21:59 INF] HTTP GET /_framework/Microsoft.JSInterop.WebAssembly.rckyrl71lm.wasm.gz responded 200 in 2.0495 ms 
[23:21:59 INF] Request finished HTTP/1.1 GET http://localhost:5000/_framework/Microsoft.JSInterop.WebAssembly.rckyrl71lm.wasm.gz - 200 7000 application/wasm 2.2901ms 
[23:21:59 INF] Request starting HTTP/1.1 GET http://localhost:5000/_framework/Microsoft.Win32.Primitives.i6x74v9vcb.wasm - null null 
[23:21:59 INF] Request starting HTTP/1.1 GET http://localhost:5000/_framework/Microsoft.VisualBasic.m5z1bpmsgy.wasm - null null 
[23:21:59 INF] Sending file. Request path: '/_framework/Microsoft.Win32.Primitives.i6x74v9vcb.wasm.gz'. Physical path: 'C:\Users\punko\Downloads\PoMiniGames\src\PoMiniGames.Client\obj\Debug\net10.0\compressed\xlkp7xxp3s-{0}-i6x74v9vcb-i6x74v9vcb.gz' 
[23:21:59 INF] HTTP GET /_framework/Microsoft.Win32.Primitives.i6x74v9vcb.wasm.gz responded 200 in 0.8493 ms 
[23:21:59 INF] Request finished HTTP/1.1 GET http://localhost:5000/_framework/Microsoft.Win32.Primitives.i6x74v9vcb.wasm.gz - 200 2227 application/wasm 1.0259ms 
[23:21:59 INF] Sending file. Request path: '/_framework/Microsoft.VisualBasic.m5z1bpmsgy.wasm.gz'. Physical path: 'C:\Users\punko\Downloads\PoMiniGames\src\PoMiniGames.Client\obj\Debug\net10.0\compressed\79xpn7cg7q-{0}-m5z1bpmsgy-m5z1bpmsgy.gz' 
[23:21:59 INF] HTTP GET /_framework/Microsoft.VisualBasic.m5z1bpmsgy.wasm.gz responded 200 in 0.5107 ms 
[23:21:59 INF] Request finished HTTP/1.1 GET http://localhost:5000/_framework/Microsoft.VisualBasic.m5z1bpmsgy.wasm.gz - 200 2898 application/wasm 1.642ms 
[23:21:59 INF] Sending file. Request path: '/_framework/Microsoft.CSharp.y8cabdi7yj.wasm.gz'. Physical path: 'C:\Users\punko\Downloads\PoMiniGames\src\PoMiniGames.Client\obj\Debug\net10.0\compressed\ce2dp4yekr-{0}-y8cabdi7yj-y8cabdi7yj.gz' 
[23:21:59 INF] HTTP GET /_framework/Microsoft.CSharp.y8cabdi7yj.wasm.gz responded 200 in 3.1502 ms 
[23:21:59 INF] Request finished HTTP/1.1 GET http://localhost:5000/_framework/Microsoft.CSharp.y8cabdi7yj.wasm.gz - 200 133249 application/wasm 3.285ms 
[23:21:59 INF] Sending file. Request path: '/_framework/Microsoft.VisualBasic.Core.rj6qwnj2np.wasm.gz'. Physical path: 'C:\Users\punko\Downloads\PoMiniGames\src\PoMiniGames.Client\obj\Debug\net10.0\compressed\a5lmtzphqg-{0}-rj6qwnj2np-rj6qwnj2np.gz' 
[23:21:59 INF] HTTP GET /_framework/Microsoft.VisualBasic.Core.rj6qwnj2np.wasm.gz responded 200 in 2.4106 ms 
[23:21:59 INF] Request finished HTTP/1.1 GET http://localhost:5000/_framework/Microsoft.VisualBasic.Core.rj6qwnj2np.wasm.gz - 200 171040 application/wasm 2.683ms 
[23:21:59 INF] Request starting HTTP/1.1 GET http://localhost:5000/_framework/Microsoft.Win32.Registry.y4gq7fo2lp.wasm - null null 
[23:21:59 INF] Request starting HTTP/1.1 GET http://localhost:5000/_framework/System.AppContext.2bkkwkya64.wasm - null null 
[23:21:59 INF] Request starting HTTP/1.1 GET http://localhost:5000/_framework/System.Buffers.28ngaukdh3.wasm - null null 
[23:21:59 INF] Sending file. Request path: '/_framework/System.AppContext.2bkkwkya64.wasm.gz'. Physical path: 'C:\Users\punko\Downloads\PoMiniGames\src\PoMiniGames.Client\obj\Debug\net10.0\compressed\cd2bnpo44p-{0}-2bkkwkya64-2bkkwkya64.gz' 
[23:21:59 INF] Sending file. Request path: '/_framework/Microsoft.Win32.Registry.y4gq7fo2lp.wasm.gz'. Physical path: 'C:\Users\punko\Downloads\PoMiniGames\src\PoMiniGames.Client\obj\Debug\net10.0\compressed\2hzhcnawa0-{0}-y4gq7fo2lp-y4gq7fo2lp.gz' 
[23:21:59 INF] HTTP GET /_framework/System.AppContext.2bkkwkya64.wasm.gz responded 200 in 0.7492 ms 
[23:21:59 INF] HTTP GET /_framework/Microsoft.Win32.Registry.y4gq7fo2lp.wasm.gz responded 200 in 0.8087 ms 
[23:21:59 INF] Request finished HTTP/1.1 GET http://localhost:5000/_framework/System.AppContext.2bkkwkya64.wasm.gz - 200 2121 application/wasm 1.0373ms 
[23:21:59 INF] Request finished HTTP/1.1 GET http://localhost:5000/_framework/Microsoft.Win32.Registry.y4gq7fo2lp.wasm.gz - 200 9311 application/wasm 1.1376ms 
[23:21:59 INF] Sending file. Request path: '/_framework/System.Buffers.28ngaukdh3.wasm.gz'. Physical path: 'C:\Users\punko\Downloads\PoMiniGames\src\PoMiniGames.Client\obj\Debug\net10.0\compressed\uxv6upztr3-{0}-28ngaukdh3-28ngaukdh3.gz' 
[23:21:59 INF] HTTP GET /_framework/System.Buffers.28ngaukdh3.wasm.gz responded 200 in 0.6003 ms 
[23:21:59 INF] Request finished HTTP/1.1 GET http://localhost:5000/_framework/System.Buffers.28ngaukdh3.wasm.gz - 200 2121 application/wasm 1.0929ms 
[23:21:59 INF] Request starting HTTP/1.1 GET http://localhost:5000/_framework/System.Collections.Concurrent.uigxbozvg6.wasm - null null 
[23:21:59 INF] Request starting HTTP/1.1 GET http://localhost:5000/_framework/System.Collections.Immutable.jity4go0mw.wasm - null null 
[23:21:59 INF] Sending file. Request path: '/_framework/System.Collections.Concurrent.uigxbozvg6.wasm.gz'. Physical path: 'C:\Users\punko\Downloads\PoMiniGames\src\PoMiniGames.Client\obj\Debug\net10.0\compressed\tppx1d8klq-{0}-uigxbozvg6-uigxbozvg6.gz' 
[23:21:59 INF] HTTP GET /_framework/System.Collections.Concurrent.uigxbozvg6.wasm.gz responded 200 in 0.7838 ms 
[23:21:59 INF] Request finished HTTP/1.1 GET http://localhost:5000/_framework/System.Collections.Concurrent.uigxbozvg6.wasm.gz - 200 34278 application/wasm 1.0675ms 
[23:21:59 INF] Request starting HTTP/1.1 GET http://localhost:5000/_framework/System.Collections.Specialized.rjq2931kbi.wasm - null null 
[23:21:59 INF] Request starting HTTP/1.1 GET http://localhost:5000/_framework/System.Collections.NonGeneric.t4c1msu741.wasm - null null 
[23:21:59 INF] Sending file. Request path: '/_framework/System.Collections.Specialized.rjq2931kbi.wasm.gz'. Physical path: 'C:\Users\punko\Downloads\PoMiniGames\src\PoMiniGames.Client\obj\Debug\net10.0\compressed\44l3cpp0x7-{0}-rjq2931kbi-rjq2931kbi.gz' 
[23:21:59 INF] Sending file. Request path: '/_framework/System.Collections.Immutable.jity4go0mw.wasm.gz'. Physical path: 'C:\Users\punko\Downloads\PoMiniGames\src\PoMiniGames.Client\obj\Debug\net10.0\compressed\u03cje9g87-{0}-jity4go0mw-jity4go0mw.gz' 
[23:21:59 INF] HTTP GET /_framework/System.Collections.Specialized.rjq2931kbi.wasm.gz responded 200 in 0.6038 ms 
[23:21:59 INF] HTTP GET /_framework/System.Collections.Immutable.jity4go0mw.wasm.gz responded 200 in 1.1255 ms 
[23:21:59 INF] Request finished HTTP/1.1 GET http://localhost:5000/_framework/System.Collections.Specialized.rjq2931kbi.wasm.gz - 200 16597 application/wasm 0.7511ms 
[23:21:59 INF] Request finished HTTP/1.1 GET http://localhost:5000/_framework/System.Collections.Immutable.jity4go0mw.wasm.gz - 200 99323 application/wasm 1.3331ms 
[23:21:59 INF] Sending file. Request path: '/_framework/System.Collections.NonGeneric.t4c1msu741.wasm.gz'. Physical path: 'C:\Users\punko\Downloads\PoMiniGames\src\PoMiniGames.Client\obj\Debug\net10.0\compressed\1yjba18k5v-{0}-t4c1msu741-t4c1msu741.gz' 
[23:21:59 INF] HTTP GET /_framework/System.Collections.NonGeneric.t4c1msu741.wasm.gz responded 200 in 0.3688 ms 
[23:21:59 INF] Request finished HTTP/1.1 GET http://localhost:5000/_framework/System.Collections.NonGeneric.t4c1msu741.wasm.gz - 200 14956 application/wasm 1.2133ms 
[23:21:59 INF] Request starting HTTP/1.1 GET http://localhost:5000/_framework/System.Collections.0wg2pdla5w.wasm - null null 
[23:21:59 INF] Sending file. Request path: '/_framework/System.Collections.0wg2pdla5w.wasm.gz'. Physical path: 'C:\Users\punko\Downloads\PoMiniGames\src\PoMiniGames.Client\obj\Debug\net10.0\compressed\lag8ndukwt-{0}-0wg2pdla5w-0wg2pdla5w.gz' 
[23:21:59 INF] HTTP GET /_framework/System.Collections.0wg2pdla5w.wasm.gz responded 200 in 1.5036 ms 
[23:21:59 INF] Request finished HTTP/1.1 GET http://localhost:5000/_framework/System.Collections.0wg2pdla5w.wasm.gz - 200 44012 application/wasm 1.6822ms 
[23:21:59 INF] Request starting HTTP/1.1 GET http://localhost:5000/_framework/System.ComponentModel.Annotations.x1bvmbqcbl.wasm - null null 
[23:21:59 INF] Request starting HTTP/1.1 GET http://localhost:5000/_framework/System.ComponentModel.DataAnnotations.0ugm2kn0ef.wasm - null null 
[23:21:59 INF] Request starting HTTP/1.1 GET http://localhost:5000/_framework/System.ComponentModel.EventBasedAsync.iqz7yfxk0z.wasm - null null 
[23:21:59 INF] Sending file. Request path: '/_framework/System.ComponentModel.DataAnnotations.0ugm2kn0ef.wasm.gz'. Physical path: 'C:\Users\punko\Downloads\PoMiniGames\src\PoMiniGames.Client\obj\Debug\net10.0\compressed\xubt6ls29y-{0}-0ugm2kn0ef-0ugm2kn0ef.gz' 
[23:21:59 INF] Sending file. Request path: '/_framework/System.ComponentModel.Annotations.x1bvmbqcbl.wasm.gz'. Physical path: 'C:\Users\punko\Downloads\PoMiniGames\src\PoMiniGames.Client\obj\Debug\net10.0\compressed\bc1r6t6w6s-{0}-x1bvmbqcbl-x1bvmbqcbl.gz' 
[23:21:59 INF] HTTP GET /_framework/System.ComponentModel.DataAnnotations.0ugm2kn0ef.wasm.gz responded 200 in 0.6376 ms 
[23:21:59 INF] HTTP GET /_framework/System.ComponentModel.Annotations.x1bvmbqcbl.wasm.gz responded 200 in 0.8703 ms 
[23:21:59 INF] Request finished HTTP/1.1 GET http://localhost:5000/_framework/System.ComponentModel.DataAnnotations.0ugm2kn0ef.wasm.gz - 200 2601 application/wasm 0.8544ms 
[23:21:59 INF] Request finished HTTP/1.1 GET http://localhost:5000/_framework/System.ComponentModel.Annotations.x1bvmbqcbl.wasm.gz - 200 36556 application/wasm 1.1021ms 
[23:21:59 INF] Sending file. Request path: '/_framework/System.ComponentModel.EventBasedAsync.iqz7yfxk0z.wasm.gz'. Physical path: 'C:\Users\punko\Downloads\PoMiniGames\src\PoMiniGames.Client\obj\Debug\net10.0\compressed\pqla4yj3ll-{0}-iqz7yfxk0z-iqz7yfxk0z.gz' 
[23:21:59 INF] HTTP GET /_framework/System.ComponentModel.EventBasedAsync.iqz7yfxk0z.wasm.gz responded 200 in 0.7512 ms 
[23:21:59 INF] Request finished HTTP/1.1 GET http://localhost:5000/_framework/System.ComponentModel.EventBasedAsync.iqz7yfxk0z.wasm.gz - 200 6906 application/wasm 0.9347ms 
[23:21:59 INF] Request starting HTTP/1.1 GET http://localhost:5000/_framework/System.ComponentModel.Primitives.66wyka365l.wasm - null null 
[23:21:59 INF] Request starting HTTP/1.1 GET http://localhost:5000/_framework/System.ComponentModel.TypeConverter.le29ulsuyy.wasm - null null 
[23:21:59 INF] Request starting HTTP/1.1 GET http://localhost:5000/_framework/System.ComponentModel.wj8g6avob9.wasm - null null 
[23:21:59 INF] Sending file. Request path: '/_framework/System.ComponentModel.Primitives.66wyka365l.wasm.gz'. Physical path: 'C:\Users\punko\Downloads\PoMiniGames\src\PoMiniGames.Client\obj\Debug\net10.0\compressed\uqdfy30hkj-{0}-66wyka365l-66wyka365l.gz' 
[23:21:59 INF] HTTP GET /_framework/System.ComponentModel.Primitives.66wyka365l.wasm.gz responded 200 in 0.4119 ms 
[23:21:59 INF] Request finished HTTP/1.1 GET http://localhost:5000/_framework/System.ComponentModel.Primitives.66wyka365l.wasm.gz - 200 13652 application/wasm 0.5683ms 
[23:21:59 INF] Sending file. Request path: '/_framework/System.ComponentModel.wj8g6avob9.wasm.gz'. Physical path: 'C:\Users\punko\Downloads\PoMiniGames\src\PoMiniGames.Client\obj\Debug\net10.0\compressed\tbmgzul9cn-{0}-wj8g6avob9-wj8g6avob9.gz' 
[23:21:59 INF] HTTP GET /_framework/System.ComponentModel.wj8g6avob9.wasm.gz responded 200 in 0.3709 ms 
[23:21:59 INF] Sending file. Request path: '/_framework/System.ComponentModel.TypeConverter.le29ulsuyy.wasm.gz'. Physical path: 'C:\Users\punko\Downloads\PoMiniGames\src\PoMiniGames.Client\obj\Debug\net10.0\compressed\wrzh5iyb35-{0}-le29ulsuyy-le29ulsuyy.gz' 
[23:21:59 INF] Request finished HTTP/1.1 GET http://localhost:5000/_framework/System.ComponentModel.wj8g6avob9.wasm.gz - 200 2583 application/wasm 0.4875ms 
[23:21:59 INF] HTTP GET /_framework/System.ComponentModel.TypeConverter.le29ulsuyy.wasm.gz responded 200 in 0.5701 ms 
[23:21:59 INF] Request finished HTTP/1.1 GET http://localhost:5000/_framework/System.ComponentModel.TypeConverter.le29ulsuyy.wasm.gz - 200 125170 application/wasm 0.6962ms 
[23:21:59 INF] Request starting HTTP/1.1 GET http://localhost:5000/_framework/System.Configuration.7xj6hflys1.wasm - null null 
[23:21:59 INF] Sending file. Request path: '/_framework/System.Configuration.7xj6hflys1.wasm.gz'. Physical path: 'C:\Users\punko\Downloads\PoMiniGames\src\PoMiniGames.Client\obj\Debug\net10.0\compressed\146zd43u3v-{0}-7xj6hflys1-7xj6hflys1.gz' 
[23:21:59 INF] HTTP GET /_framework/System.Configuration.7xj6hflys1.wasm.gz responded 200 in 0.4632 ms 
[23:21:59 INF] Request finished HTTP/1.1 GET http://localhost:5000/_framework/System.Configuration.7xj6hflys1.wasm.gz - 200 3160 application/wasm 0.6088ms 
[23:21:59 INF] Request starting HTTP/1.1 GET http://localhost:5000/_framework/System.Console.bdauwtppto.wasm - null null 
[23:21:59 INF] Request starting HTTP/1.1 GET http://localhost:5000/_framework/System.Core.63xjv55d3c.wasm - null null 
[23:21:59 INF] Sending file. Request path: '/_framework/System.Console.bdauwtppto.wasm.gz'. Physical path: 'C:\Users\punko\Downloads\PoMiniGames\src\PoMiniGames.Client\obj\Debug\net10.0\compressed\b5fkqjownu-{0}-bdauwtppto-bdauwtppto.gz' 
[23:21:59 INF] HTTP GET /_framework/System.Console.bdauwtppto.wasm.gz responded 200 in 0.6134 ms 
[23:21:59 INF] Request finished HTTP/1.1 GET http://localhost:5000/_framework/System.Console.bdauwtppto.wasm.gz - 200 20060 application/wasm 0.8097ms 
[23:21:59 INF] Request starting HTTP/1.1 GET http://localhost:5000/_framework/System.Data.Common.or5475be6q.wasm - null null 
[23:21:59 INF] Sending file. Request path: '/_framework/System.Core.63xjv55d3c.wasm.gz'. Physical path: 'C:\Users\punko\Downloads\PoMiniGames\src\PoMiniGames.Client\obj\Debug\net10.0\compressed\1h95rafuhf-{0}-63xjv55d3c-63xjv55d3c.gz' 
[23:21:59 INF] HTTP GET /_framework/System.Core.63xjv55d3c.wasm.gz responded 200 in 0.7854 ms 
[23:21:59 INF] Request starting HTTP/1.1 GET http://localhost:5000/_framework/System.Data.DataSetExtensions.aie27nz2fz.wasm - null null 
[23:21:59 INF] Request finished HTTP/1.1 GET http://localhost:5000/_framework/System.Core.63xjv55d3c.wasm.gz - 200 4620 application/wasm 0.9456ms 
[23:21:59 INF] Sending file. Request path: '/_framework/System.Data.DataSetExtensions.aie27nz2fz.wasm.gz'. Physical path: 'C:\Users\punko\Downloads\PoMiniGames\src\PoMiniGames.Client\obj\Debug\net10.0\compressed\je2aay05jf-{0}-aie27nz2fz-aie27nz2fz.gz' 
[23:21:59 INF] HTTP GET /_framework/System.Data.DataSetExtensions.aie27nz2fz.wasm.gz responded 200 in 0.3834 ms 
[23:21:59 INF] Request finished HTTP/1.1 GET http://localhost:5000/_framework/System.Data.DataSetExtensions.aie27nz2fz.wasm.gz - 200 2082 application/wasm 0.5257ms 
[23:21:59 INF] Request starting HTTP/1.1 GET http://localhost:5000/_framework/System.Data.s403jyj13x.wasm - null null 
[23:21:59 INF] Request starting HTTP/1.1 GET http://localhost:5000/_framework/System.Diagnostics.Contracts.awjvmobi6a.wasm - null null 
[23:21:59 INF] Sending file. Request path: '/_framework/System.Data.s403jyj13x.wasm.gz'. Physical path: 'C:\Users\punko\Downloads\PoMiniGames\src\PoMiniGames.Client\obj\Debug\net10.0\compressed\4cjm4txr5r-{0}-s403jyj13x-s403jyj13x.gz' 
[23:21:59 INF] HTTP GET /_framework/System.Data.s403jyj13x.wasm.gz responded 200 in 0.6136 ms 
[23:21:59 INF] Sending file. Request path: '/_framework/System.Diagnostics.Contracts.awjvmobi6a.wasm.gz'. Physical path: 'C:\Users\punko\Downloads\PoMiniGames\src\PoMiniGames.Client\obj\Debug\net10.0\compressed\82rg934rel-{0}-awjvmobi6a-awjvmobi6a.gz' 
[23:21:59 INF] Request finished HTTP/1.1 GET http://localhost:5000/_framework/System.Data.s403jyj13x.wasm.gz - 200 5106 application/wasm 0.911ms 
[23:21:59 INF] HTTP GET /_framework/System.Diagnostics.Contracts.awjvmobi6a.wasm.gz responded 200 in 0.6573 ms 
[23:21:59 INF] Request finished HTTP/1.1 GET http://localhost:5000/_framework/System.Diagnostics.Contracts.awjvmobi6a.wasm.gz - 200 2413 application/wasm 0.8765ms 
[23:21:59 INF] Request starting HTTP/1.1 GET http://localhost:5000/_framework/System.Diagnostics.Debug.zd32j0e68b.wasm - null null 
[23:21:59 INF] Sending file. Request path: '/_framework/System.Diagnostics.Debug.zd32j0e68b.wasm.gz'. Physical path: 'C:\Users\punko\Downloads\PoMiniGames\src\PoMiniGames.Client\obj\Debug\net10.0\compressed\y70nixs12r-{0}-zd32j0e68b-zd32j0e68b.gz' 
[23:21:59 INF] HTTP GET /_framework/System.Diagnostics.Debug.zd32j0e68b.wasm.gz responded 200 in 0.7566 ms 
[23:21:59 INF] Request finished HTTP/1.1 GET http://localhost:5000/_framework/System.Diagnostics.Debug.zd32j0e68b.wasm.gz - 200 2296 application/wasm 0.9326ms 
[23:21:59 INF] Sending file. Request path: '/_framework/System.Data.Common.or5475be6q.wasm.gz'. Physical path: 'C:\Users\punko\Downloads\PoMiniGames\src\PoMiniGames.Client\obj\Debug\net10.0\compressed\2ao7p2uo3n-{0}-or5475be6q-or5475be6q.gz' 
[23:21:59 INF] HTTP GET /_framework/System.Data.Common.or5475be6q.wasm.gz responded 200 in 7.3135 ms 
[23:21:59 INF] Request finished HTTP/1.1 GET http://localhost:5000/_framework/System.Data.Common.or5475be6q.wasm.gz - 200 379504 application/wasm 7.4463ms 
[23:21:59 INF] Request starting HTTP/1.1 GET http://localhost:5000/_framework/System.Diagnostics.DiagnosticSource.h063kza90u.wasm - null null 
[23:21:59 INF] Sending file. Request path: '/_framework/System.Diagnostics.DiagnosticSource.h063kza90u.wasm.gz'. Physical path: 'C:\Users\punko\Downloads\PoMiniGames\src\PoMiniGames.Client\obj\Debug\net10.0\compressed\b60q62h1dl-{0}-h063kza90u-h063kza90u.gz' 
[23:21:59 INF] HTTP GET /_framework/System.Diagnostics.DiagnosticSource.h063kza90u.wasm.gz responded 200 in 1.2103 ms 
[23:21:59 INF] Request finished HTTP/1.1 GET http://localhost:5000/_framework/System.Diagnostics.DiagnosticSource.h063kza90u.wasm.gz - 200 82430 application/wasm 1.4811ms 
[23:21:59 INF] Request starting HTTP/1.1 GET http://localhost:5000/_framework/System.Diagnostics.FileVersionInfo.5faw37z8re.wasm - null null 
[23:21:59 INF] Request starting HTTP/1.1 GET http://localhost:5000/_framework/System.Diagnostics.Process.85y49vqmlw.wasm - null null 
[23:21:59 INF] Sending file. Request path: '/_framework/System.Diagnostics.FileVersionInfo.5faw37z8re.wasm.gz'. Physical path: 'C:\Users\punko\Downloads\PoMiniGames\src\PoMiniGames.Client\obj\Debug\net10.0\compressed\su9at2bhw9-{0}-5faw37z8re-5faw37z8re.gz' 
[23:21:59 INF] Sending file. Request path: '/_framework/System.Diagnostics.Process.85y49vqmlw.wasm.gz'. Physical path: 'C:\Users\punko\Downloads\PoMiniGames\src\PoMiniGames.Client\obj\Debug\net10.0\compressed\mzq96rtjfw-{0}-85y49vqmlw-85y49vqmlw.gz' 
[23:21:59 INF] HTTP GET /_framework/System.Diagnostics.Process.85y49vqmlw.wasm.gz responded 200 in 0.6702 ms 
[23:21:59 INF] Request finished HTTP/1.1 GET http://localhost:5000/_framework/System.Diagnostics.Process.85y49vqmlw.wasm.gz - 200 16610 application/wasm 0.8801ms 
[23:21:59 INF] HTTP GET /_framework/System.Diagnostics.FileVersionInfo.5faw37z8re.wasm.gz responded 200 in 0.9054 ms 
[23:21:59 INF] Request finished HTTP/1.1 GET http://localhost:5000/_framework/System.Diagnostics.FileVersionInfo.5faw37z8re.wasm.gz - 200 5196 application/wasm 2.1671ms 
[23:21:59 INF] Request starting HTTP/1.1 GET http://localhost:5000/_framework/System.Diagnostics.StackTrace.y2jslxj8se.wasm - null null 
[23:21:59 INF] Sending file. Request path: '/_framework/System.Diagnostics.StackTrace.y2jslxj8se.wasm.gz'. Physical path: 'C:\Users\punko\Downloads\PoMiniGames\src\PoMiniGames.Client\obj\Debug\net10.0\compressed\bdimzzvdli-{0}-y2jslxj8se-y2jslxj8se.gz' 
[23:21:59 INF] HTTP GET /_framework/System.Diagnostics.StackTrace.y2jslxj8se.wasm.gz responded 200 in 0.5096 ms 
[23:21:59 INF] Request finished HTTP/1.1 GET http://localhost:5000/_framework/System.Diagnostics.StackTrace.y2jslxj8se.wasm.gz - 200 7523 application/wasm 0.6287ms 
[23:21:59 INF] Request starting HTTP/1.1 GET http://localhost:5000/_framework/System.Diagnostics.TextWriterTraceListener.ubfqtow1rg.wasm - null null 
[23:21:59 INF] Request starting HTTP/1.1 GET http://localhost:5000/_framework/System.Diagnostics.Tools.fxjm3tg3oa.wasm - null null 
[23:21:59 INF] Request starting HTTP/1.1 GET http://localhost:5000/_framework/System.Diagnostics.TraceSource.m2df4u53h3.wasm - null null 
[23:21:59 INF] Sending file. Request path: '/_framework/System.Diagnostics.TextWriterTraceListener.ubfqtow1rg.wasm.gz'. Physical path: 'C:\Users\punko\Downloads\PoMiniGames\src\PoMiniGames.Client\obj\Debug\net10.0\compressed\ee1cxws0mh-{0}-ubfqtow1rg-ubfqtow1rg.gz' 
[23:21:59 INF] Sending file. Request path: '/_framework/System.Diagnostics.Tools.fxjm3tg3oa.wasm.gz'. Physical path: 'C:\Users\punko\Downloads\PoMiniGames\src\PoMiniGames.Client\obj\Debug\net10.0\compressed\6g2ujl5iku-{0}-fxjm3tg3oa-fxjm3tg3oa.gz' 
[23:21:59 INF] HTTP GET /_framework/System.Diagnostics.TextWriterTraceListener.ubfqtow1rg.wasm.gz responded 200 in 0.6484 ms 
[23:21:59 INF] Request finished HTTP/1.1 GET http://localhost:5000/_framework/System.Diagnostics.TextWriterTraceListener.ubfqtow1rg.wasm.gz - 200 9570 application/wasm 0.8418ms 
[23:21:59 INF] HTTP GET /_framework/System.Diagnostics.Tools.fxjm3tg3oa.wasm.gz responded 200 in 0.6308 ms 
[23:21:59 INF] Request finished HTTP/1.1 GET http://localhost:5000/_framework/System.Diagnostics.Tools.fxjm3tg3oa.wasm.gz - 200 2193 application/wasm 0.863ms 
[23:21:59 INF] Request starting HTTP/1.1 GET http://localhost:5000/_framework/System.Diagnostics.Tracing.yykvalakbz.wasm - null null 
[23:21:59 INF] Sending file. Request path: '/_framework/System.Diagnostics.TraceSource.m2df4u53h3.wasm.gz'. Physical path: 'C:\Users\punko\Downloads\PoMiniGames\src\PoMiniGames.Client\obj\Debug\net10.0\compressed\sw5oqwvcf6-{0}-m2df4u53h3-m2df4u53h3.gz' 
[23:21:59 INF] HTTP GET /_framework/System.Diagnostics.TraceSource.m2df4u53h3.wasm.gz responded 200 in 0.7118 ms 
[23:21:59 INF] Sending file. Request path: '/_framework/System.Diagnostics.Tracing.yykvalakbz.wasm.gz'. Physical path: 'C:\Users\punko\Downloads\PoMiniGames\src\PoMiniGames.Client\obj\Debug\net10.0\compressed\zsgmgsxgxm-{0}-yykvalakbz-yykvalakbz.gz' 
[23:21:59 INF] Request finished HTTP/1.1 GET http://localhost:5000/_framework/System.Diagnostics.TraceSource.m2df4u53h3.wasm.gz - 200 20502 application/wasm 1.0764ms 
[23:21:59 INF] HTTP GET /_framework/System.Diagnostics.Tracing.yykvalakbz.wasm.gz responded 200 in 0.5194 ms 
[23:21:59 INF] Request finished HTTP/1.1 GET http://localhost:5000/_framework/System.Diagnostics.Tracing.yykvalakbz.wasm.gz - 200 2527 application/wasm 0.6306ms 
[23:21:59 INF] Request starting HTTP/1.1 GET http://localhost:5000/_framework/System.Drawing.Primitives.6ajpvk5hee.wasm - null null 
[23:21:59 INF] Request starting HTTP/1.1 GET http://localhost:5000/_framework/System.Drawing.pwn69jd1sx.wasm - null null 
[23:21:59 INF] Sending file. Request path: '/_framework/System.Drawing.Primitives.6ajpvk5hee.wasm.gz'. Physical path: 'C:\Users\punko\Downloads\PoMiniGames\src\PoMiniGames.Client\obj\Debug\net10.0\compressed\yu6x3zh4xz-{0}-6ajpvk5hee-6ajpvk5hee.gz' 
[23:21:59 INF] HTTP GET /_framework/System.Drawing.Primitives.6ajpvk5hee.wasm.gz responded 200 in 0.6608 ms 
[23:21:59 INF] Request finished HTTP/1.1 GET http://localhost:5000/_framework/System.Drawing.Primitives.6ajpvk5hee.wasm.gz - 200 24569 application/wasm 0.8353ms 
[23:21:59 INF] Sending file. Request path: '/_framework/System.Drawing.pwn69jd1sx.wasm.gz'. Physical path: 'C:\Users\punko\Downloads\PoMiniGames\src\PoMiniGames.Client\obj\Debug\net10.0\compressed\261obxepzo-{0}-pwn69jd1sx-pwn69jd1sx.gz' 
[23:21:59 INF] HTTP GET /_framework/System.Drawing.pwn69jd1sx.wasm.gz responded 200 in 0.7056 ms 
[23:21:59 INF] Request starting HTTP/1.1 GET http://localhost:5000/_framework/System.Formats.Asn1.7r6f4x6f4s.wasm - null null 
[23:21:59 INF] Request finished HTTP/1.1 GET http://localhost:5000/_framework/System.Drawing.pwn69jd1sx.wasm.gz - 200 3906 application/wasm 0.9089ms 
[23:21:59 INF] Request starting HTTP/1.1 GET http://localhost:5000/_framework/System.Dynamic.Runtime.dwxo8l4rdr.wasm - null null 
[23:21:59 INF] Sending file. Request path: '/_framework/System.Dynamic.Runtime.dwxo8l4rdr.wasm.gz'. Physical path: 'C:\Users\punko\Downloads\PoMiniGames\src\PoMiniGames.Client\obj\Debug\net10.0\compressed\iu62cco4i4-{0}-dwxo8l4rdr-dwxo8l4rdr.gz' 
[23:21:59 INF] Sending file. Request path: '/_framework/System.Formats.Asn1.7r6f4x6f4s.wasm.gz'. Physical path: 'C:\Users\punko\Downloads\PoMiniGames\src\PoMiniGames.Client\obj\Debug\net10.0\compressed\ma8nk586j5-{0}-7r6f4x6f4s-7r6f4x6f4s.gz' 
[23:21:59 INF] HTTP GET /_framework/System.Dynamic.Runtime.dwxo8l4rdr.wasm.gz responded 200 in 0.5571 ms 
[23:21:59 INF] HTTP GET /_framework/System.Formats.Asn1.7r6f4x6f4s.wasm.gz responded 200 in 0.6665 ms 
[23:21:59 INF] Request finished HTTP/1.1 GET http://localhost:5000/_framework/System.Dynamic.Runtime.dwxo8l4rdr.wasm.gz - 200 2462 application/wasm 0.8302ms 
[23:21:59 INF] Request finished HTTP/1.1 GET http://localhost:5000/_framework/System.Formats.Asn1.7r6f4x6f4s.wasm.gz - 200 36569 application/wasm 0.8133ms 
[23:21:59 INF] Request starting HTTP/1.1 GET http://localhost:5000/_framework/System.Formats.Tar.9uzzbcwdi8.wasm - null null 
[23:21:59 INF] Request starting HTTP/1.1 GET http://localhost:5000/_framework/System.Globalization.Calendars.h9ciwjgoxu.wasm - null null 
[23:21:59 INF] Sending file. Request path: '/_framework/System.Globalization.Calendars.h9ciwjgoxu.wasm.gz'. Physical path: 'C:\Users\punko\Downloads\PoMiniGames\src\PoMiniGames.Client\obj\Debug\net10.0\compressed\9iftafuejg-{0}-h9ciwjgoxu-h9ciwjgoxu.gz' 
[23:21:59 INF] Request starting HTTP/1.1 GET http://localhost:5000/_framework/System.Globalization.Extensions.7iv43bve8g.wasm - null null 
[23:21:59 INF] Sending file. Request path: '/_framework/System.Formats.Tar.9uzzbcwdi8.wasm.gz'. Physical path: 'C:\Users\punko\Downloads\PoMiniGames\src\PoMiniGames.Client\obj\Debug\net10.0\compressed\nn1jgwaggq-{0}-9uzzbcwdi8-9uzzbcwdi8.gz' 
[23:21:59 INF] HTTP GET /_framework/System.Formats.Tar.9uzzbcwdi8.wasm.gz responded 200 in 2.3888 ms 
[23:21:59 INF] HTTP GET /_framework/System.Globalization.Calendars.h9ciwjgoxu.wasm.gz responded 200 in 1.4729 ms 
[23:21:59 INF] Request finished HTTP/1.1 GET http://localhost:5000/_framework/System.Formats.Tar.9uzzbcwdi8.wasm.gz - 200 10687 application/wasm 2.6172ms 
[23:21:59 INF] Request finished HTTP/1.1 GET http://localhost:5000/_framework/System.Globalization.Calendars.h9ciwjgoxu.wasm.gz - 200 2307 application/wasm 2.0574ms 
[23:21:59 INF] Request starting HTTP/1.1 GET http://localhost:5000/_framework/System.Globalization.xg8c7skko3.wasm - null null 
[23:21:59 INF] Request starting HTTP/1.1 GET http://localhost:5000/_framework/System.IO.Compression.Brotli.cgycdoss65.wasm - null null 
[23:21:59 INF] Sending file. Request path: '/_framework/System.Globalization.xg8c7skko3.wasm.gz'. Physical path: 'C:\Users\punko\Downloads\PoMiniGames\src\PoMiniGames.Client\obj\Debug\net10.0\compressed\rvkjz4fcct-{0}-xg8c7skko3-xg8c7skko3.gz' 
[23:21:59 INF] Sending file. Request path: '/_framework/System.Globalization.Extensions.7iv43bve8g.wasm.gz'. Physical path: 'C:\Users\punko\Downloads\PoMiniGames\src\PoMiniGames.Client\obj\Debug\net10.0\compressed\6qlnxpvphx-{0}-7iv43bve8g-7iv43bve8g.gz' 
[23:21:59 INF] Sending file. Request path: '/_framework/System.IO.Compression.Brotli.cgycdoss65.wasm.gz'. Physical path: 'C:\Users\punko\Downloads\PoMiniGames\src\PoMiniGames.Client\obj\Debug\net10.0\compressed\lw7c231qen-{0}-cgycdoss65-cgycdoss65.gz' 
[23:21:59 INF] HTTP GET /_framework/System.Globalization.xg8c7skko3.wasm.gz responded 200 in 2.4544 ms 
[23:21:59 INF] HTTP GET /_framework/System.IO.Compression.Brotli.cgycdoss65.wasm.gz responded 200 in 2.2016 ms 
[23:21:59 INF] HTTP GET /_framework/System.Globalization.Extensions.7iv43bve8g.wasm.gz responded 200 in 2.1519 ms 
[23:21:59 INF] Request finished HTTP/1.1 GET http://localhost:5000/_framework/System.IO.Compression.Brotli.cgycdoss65.wasm.gz - 200 7047 application/wasm 2.613ms 
[23:21:59 INF] Request finished HTTP/1.1 GET http://localhost:5000/_framework/System.Globalization.Extensions.7iv43bve8g.wasm.gz - 200 2205 application/wasm 3.2096ms 
[23:21:59 INF] Request finished HTTP/1.1 GET http://localhost:5000/_framework/System.Globalization.xg8c7skko3.wasm.gz - 200 2281 application/wasm 2.6354ms 
[23:21:59 INF] Request starting HTTP/1.1 GET http://localhost:5000/_framework/System.IO.Compression.FileSystem.g80du2epa5.wasm - null null 
[23:21:59 INF] Request starting HTTP/1.1 GET http://localhost:5000/_framework/System.IO.Compression.ZipFile.hq70g0m5k0.wasm - null null 
[23:21:59 INF] Request starting HTTP/1.1 GET http://localhost:5000/_framework/System.IO.Compression.ntu9cg6tk2.wasm - null null 
[23:21:59 INF] Sending file. Request path: '/_framework/System.IO.Compression.ZipFile.hq70g0m5k0.wasm.gz'. Physical path: 'C:\Users\punko\Downloads\PoMiniGames\src\PoMiniGames.Client\obj\Debug\net10.0\compressed\k49o0oiqlu-{0}-hq70g0m5k0-hq70g0m5k0.gz' 
[23:21:59 INF] HTTP GET /_framework/System.IO.Compression.ZipFile.hq70g0m5k0.wasm.gz responded 200 in 0.9658 ms 
[23:21:59 INF] Request finished HTTP/1.1 GET http://localhost:5000/_framework/System.IO.Compression.ZipFile.hq70g0m5k0.wasm.gz - 200 19197 application/wasm 1.1401ms 
[23:21:59 INF] Sending file. Request path: '/_framework/System.IO.Compression.FileSystem.g80du2epa5.wasm.gz'. Physical path: 'C:\Users\punko\Downloads\PoMiniGames\src\PoMiniGames.Client\obj\Debug\net10.0\compressed\3j26jcttwy-{0}-g80du2epa5-g80du2epa5.gz' 
[23:21:59 INF] HTTP GET /_framework/System.IO.Compression.FileSystem.g80du2epa5.wasm.gz responded 200 in 1.2834 ms 
[23:21:59 INF] Request starting HTTP/1.1 GET http://localhost:5000/_framework/System.IO.FileSystem.AccessControl.bcre3rjv67.wasm - null null 
[23:21:59 INF] Request finished HTTP/1.1 GET http://localhost:5000/_framework/System.IO.Compression.FileSystem.g80du2epa5.wasm.gz - 200 2004 application/wasm 1.5496ms 
[23:21:59 INF] Request starting HTTP/1.1 GET http://localhost:5000/_framework/System.IO.FileSystem.DriveInfo.gc4k28tlqi.wasm - null null 
[23:21:59 INF] Sending file. Request path: '/_framework/System.IO.Compression.ntu9cg6tk2.wasm.gz'. Physical path: 'C:\Users\punko\Downloads\PoMiniGames\src\PoMiniGames.Client\obj\Debug\net10.0\compressed\5haa2tlaw3-{0}-ntu9cg6tk2-ntu9cg6tk2.gz' 
[23:21:59 INF] HTTP GET /_framework/System.IO.Compression.ntu9cg6tk2.wasm.gz responded 200 in 1.5547 ms 
[23:21:59 INF] Sending file. Request path: '/_framework/System.IO.FileSystem.AccessControl.bcre3rjv67.wasm.gz'. Physical path: 'C:\Users\punko\Downloads\PoMiniGames\src\PoMiniGames.Client\obj\Debug\net10.0\compressed\64ndlmw773-{0}-bcre3rjv67-bcre3rjv67.gz' 
[23:21:59 INF] Request finished HTTP/1.1 GET http://localhost:5000/_framework/System.IO.Compression.ntu9cg6tk2.wasm.gz - 200 66249 application/wasm 1.7871ms 
[23:21:59 INF] HTTP GET /_framework/System.IO.FileSystem.AccessControl.bcre3rjv67.wasm.gz responded 200 in 0.5467 ms 
[23:21:59 INF] Request finished HTTP/1.1 GET http://localhost:5000/_framework/System.IO.FileSystem.AccessControl.bcre3rjv67.wasm.gz - 200 8628 application/wasm 0.7146ms 
[23:21:59 INF] Sending file. Request path: '/_framework/System.IO.FileSystem.DriveInfo.gc4k28tlqi.wasm.gz'. Physical path: 'C:\Users\punko\Downloads\PoMiniGames\src\PoMiniGames.Client\obj\Debug\net10.0\compressed\i7641dgtnp-{0}-gc4k28tlqi-gc4k28tlqi.gz' 
[23:21:59 INF] HTTP GET /_framework/System.IO.FileSystem.DriveInfo.gc4k28tlqi.wasm.gz responded 200 in 0.5633 ms 
[23:21:59 INF] Request finished HTTP/1.1 GET http://localhost:5000/_framework/System.IO.FileSystem.DriveInfo.gc4k28tlqi.wasm.gz - 200 6100 application/wasm 0.6603ms 
[23:21:59 INF] Request starting HTTP/1.1 GET http://localhost:5000/_framework/System.IO.FileSystem.Primitives.be43v34w5x.wasm - null null 
[23:21:59 INF] Sending file. Request path: '/_framework/System.IO.FileSystem.Primitives.be43v34w5x.wasm.gz'. Physical path: 'C:\Users\punko\Downloads\PoMiniGames\src\PoMiniGames.Client\obj\Debug\net10.0\compressed\xhzdotfnxt-{0}-be43v34w5x-be43v34w5x.gz' 
[23:21:59 INF] HTTP GET /_framework/System.IO.FileSystem.Primitives.be43v34w5x.wasm.gz responded 200 in 0.4097 ms 
[23:21:59 INF] Request finished HTTP/1.1 GET http://localhost:5000/_framework/System.IO.FileSystem.Primitives.be43v34w5x.wasm.gz - 200 2195 application/wasm 0.5648ms 
[23:21:59 INF] Request starting HTTP/1.1 GET http://localhost:5000/_framework/System.IO.FileSystem.Watcher.8qc3wsh77q.wasm - null null 
[23:21:59 INF] Request starting HTTP/1.1 GET http://localhost:5000/_framework/System.IO.FileSystem.h8uqkh82lb.wasm - null null 
[23:21:59 INF] Sending file. Request path: '/_framework/System.IO.FileSystem.Watcher.8qc3wsh77q.wasm.gz'. Physical path: 'C:\Users\punko\Downloads\PoMiniGames\src\PoMiniGames.Client\obj\Debug\net10.0\compressed\kfjpnwvoak-{0}-8qc3wsh77q-8qc3wsh77q.gz' 
[23:21:59 INF] HTTP GET /_framework/System.IO.FileSystem.Watcher.8qc3wsh77q.wasm.gz responded 200 in 0.4461 ms 
[23:21:59 INF] Request finished HTTP/1.1 GET http://localhost:5000/_framework/System.IO.FileSystem.Watcher.8qc3wsh77q.wasm.gz - 200 8926 application/wasm 0.573ms 
[23:21:59 INF] Sending file. Request path: '/_framework/System.IO.FileSystem.h8uqkh82lb.wasm.gz'. Physical path: 'C:\Users\punko\Downloads\PoMiniGames\src\PoMiniGames.Client\obj\Debug\net10.0\compressed\xbf5870643-{0}-h8uqkh82lb-h8uqkh82lb.gz' 
[23:21:59 INF] HTTP GET /_framework/System.IO.FileSystem.h8uqkh82lb.wasm.gz responded 200 in 0.3068 ms 
[23:21:59 INF] Request finished HTTP/1.1 GET http://localhost:5000/_framework/System.IO.FileSystem.h8uqkh82lb.wasm.gz - 200 2316 application/wasm 0.4175ms 
[23:21:59 INF] Request starting HTTP/1.1 GET http://localhost:5000/_framework/System.IO.IsolatedStorage.gzsye4pxc9.wasm - null null 
[23:21:59 INF] Sending file. Request path: '/_framework/System.IO.IsolatedStorage.gzsye4pxc9.wasm.gz'. Physical path: 'C:\Users\punko\Downloads\PoMiniGames\src\PoMiniGames.Client\obj\Debug\net10.0\compressed\xz9bx3ly6f-{0}-gzsye4pxc9-gzsye4pxc9.gz' 
[23:21:59 INF] HTTP GET /_framework/System.IO.IsolatedStorage.gzsye4pxc9.wasm.gz responded 200 in 0.2915 ms 
[23:21:59 INF] Request finished HTTP/1.1 GET http://localhost:5000/_framework/System.IO.IsolatedStorage.gzsye4pxc9.wasm.gz - 200 9540 application/wasm 0.4046ms 
[23:21:59 INF] Request starting HTTP/1.1 GET http://localhost:5000/_framework/System.IO.MemoryMappedFiles.4lxw69q3da.wasm - null null 
[23:21:59 INF] Request starting HTTP/1.1 GET http://localhost:5000/_framework/System.IO.Pipelines.u8n6swt2ok.wasm - null null 
[23:21:59 INF] Sending file. Request path: '/_framework/System.IO.MemoryMappedFiles.4lxw69q3da.wasm.gz'. Physical path: 'C:\Users\punko\Downloads\PoMiniGames\src\PoMiniGames.Client\obj\Debug\net10.0\compressed\q3zurxpypo-{0}-4lxw69q3da-4lxw69q3da.gz' 
[23:21:59 INF] HTTP GET /_framework/System.IO.MemoryMappedFiles.4lxw69q3da.wasm.gz responded 200 in 0.3599 ms 
[23:21:59 INF] Request finished HTTP/1.1 GET http://localhost:5000/_framework/System.IO.MemoryMappedFiles.4lxw69q3da.wasm.gz - 200 17440 application/wasm 0.4886ms 
[23:21:59 INF] Sending file. Request path: '/_framework/System.IO.Pipelines.u8n6swt2ok.wasm.gz'. Physical path: 'C:\Users\punko\Downloads\PoMiniGames\src\PoMiniGames.Client\obj\Debug\net10.0\compressed\k9mnflnaqu-{0}-u8n6swt2ok-u8n6swt2ok.gz' 
[23:21:59 INF] HTTP GET /_framework/System.IO.Pipelines.u8n6swt2ok.wasm.gz responded 200 in 0.3925 ms 
[23:21:59 INF] Request starting HTTP/1.1 GET http://localhost:5000/_framework/System.IO.Pipes.AccessControl.ddt7du9svb.wasm - null null 
[23:21:59 INF] Request starting HTTP/1.1 GET http://localhost:5000/_framework/System.IO.Pipes.tv4o1w1yo1.wasm - null null 
[23:21:59 INF] Sending file. Request path: '/_framework/System.IO.Pipes.AccessControl.ddt7du9svb.wasm.gz'. Physical path: 'C:\Users\punko\Downloads\PoMiniGames\src\PoMiniGames.Client\obj\Debug\net10.0\compressed\nn28lj7vjf-{0}-ddt7du9svb-ddt7du9svb.gz' 
[23:21:59 INF] HTTP GET /_framework/System.IO.Pipes.AccessControl.ddt7du9svb.wasm.gz responded 200 in 0.3296 ms 
[23:21:59 INF] Request finished HTTP/1.1 GET http://localhost:5000/_framework/System.IO.Pipes.AccessControl.ddt7du9svb.wasm.gz - 200 5671 application/wasm 0.4281ms 
[23:21:59 INF] Request finished HTTP/1.1 GET http://localhost:5000/_framework/System.IO.Pipelines.u8n6swt2ok.wasm.gz - 200 31015 application/wasm 0.5156ms 
[23:21:59 INF] Sending file. Request path: '/_framework/System.IO.Pipes.tv4o1w1yo1.wasm.gz'. Physical path: 'C:\Users\punko\Downloads\PoMiniGames\src\PoMiniGames.Client\obj\Debug\net10.0\compressed\udoc0b7hnv-{0}-tv4o1w1yo1-tv4o1w1yo1.gz' 
[23:21:59 INF] HTTP GET /_framework/System.IO.Pipes.tv4o1w1yo1.wasm.gz responded 200 in 1.6303 ms 
[23:21:59 INF] Request finished HTTP/1.1 GET http://localhost:5000/_framework/System.IO.Pipes.tv4o1w1yo1.wasm.gz - 200 11620 application/wasm 2ms 
[23:21:59 INF] Request starting HTTP/1.1 GET http://localhost:5000/_framework/System.IO.UnmanagedMemoryStream.jb5bmgvv05.wasm - null null 
[23:21:59 INF] Sending file. Request path: '/_framework/System.IO.UnmanagedMemoryStream.jb5bmgvv05.wasm.gz'. Physical path: 'C:\Users\punko\Downloads\PoMiniGames\src\PoMiniGames.Client\obj\Debug\net10.0\compressed\imaf6cmzs0-{0}-jb5bmgvv05-jb5bmgvv05.gz' 
[23:21:59 INF] HTTP GET /_framework/System.IO.UnmanagedMemoryStream.jb5bmgvv05.wasm.gz responded 200 in 0.5706 ms 
[23:21:59 INF] Request finished HTTP/1.1 GET http://localhost:5000/_framework/System.IO.UnmanagedMemoryStream.jb5bmgvv05.wasm.gz - 200 2226 application/wasm 0.7441ms 
[23:21:59 INF] Request starting HTTP/1.1 GET http://localhost:5000/_framework/System.IO.g204ske44p.wasm - null null 
[23:21:59 INF] Request starting HTTP/1.1 GET http://localhost:5000/_framework/System.Linq.AsyncEnumerable.w2ftt5zfx7.wasm - null null 
[23:21:59 INF] Sending file. Request path: '/_framework/System.IO.g204ske44p.wasm.gz'. Physical path: 'C:\Users\punko\Downloads\PoMiniGames\src\PoMiniGames.Client\obj\Debug\net10.0\compressed\ehf0x7i0wd-{0}-g204ske44p-g204ske44p.gz' 
[23:21:59 INF] HTTP GET /_framework/System.IO.g204ske44p.wasm.gz responded 200 in 1.2435 ms 
[23:21:59 INF] Request finished HTTP/1.1 GET http://localhost:5000/_framework/System.IO.g204ske44p.wasm.gz - 200 2287 application/wasm 1.398ms 
[23:21:59 INF] Request starting HTTP/1.1 GET http://localhost:5000/_framework/System.Linq.Expressions.rwll9v3f54.wasm - null null 
[23:21:59 INF] Request starting HTTP/1.1 GET http://localhost:5000/_framework/System.Linq.Parallel.78wbzaw40x.wasm - null null 
[23:21:59 INF] Request starting HTTP/1.1 GET http://localhost:5000/_framework/System.Linq.Queryable.bk0gkg2iiv.wasm - null null 
[23:21:59 INF] Sending file. Request path: '/_framework/System.Linq.AsyncEnumerable.w2ftt5zfx7.wasm.gz'. Physical path: 'C:\Users\punko\Downloads\PoMiniGames\src\PoMiniGames.Client\obj\Debug\net10.0\compressed\klwfgjw1q5-{0}-w2ftt5zfx7-w2ftt5zfx7.gz' 
[23:21:59 INF] Sending file. Request path: '/_framework/System.Linq.Queryable.bk0gkg2iiv.wasm.gz'. Physical path: 'C:\Users\punko\Downloads\PoMiniGames\src\PoMiniGames.Client\obj\Debug\net10.0\compressed\6phuodwqt2-{0}-bk0gkg2iiv-bk0gkg2iiv.gz' 
[23:21:59 INF] HTTP GET /_framework/System.Linq.AsyncEnumerable.w2ftt5zfx7.wasm.gz responded 200 in 4.0073 ms 
[23:21:59 INF] HTTP GET /_framework/System.Linq.Queryable.bk0gkg2iiv.wasm.gz responded 200 in 0.7790 ms 
[23:21:59 INF] Request finished HTTP/1.1 GET http://localhost:5000/_framework/System.Linq.Queryable.bk0gkg2iiv.wasm.gz - 200 21946 application/wasm 0.9533ms 
[23:21:59 INF] Request finished HTTP/1.1 GET http://localhost:5000/_framework/System.Linq.AsyncEnumerable.w2ftt5zfx7.wasm.gz - 200 145487 application/wasm 4.1467ms 
[23:21:59 INF] Sending file. Request path: '/_framework/System.Linq.Parallel.78wbzaw40x.wasm.gz'. Physical path: 'C:\Users\punko\Downloads\PoMiniGames\src\PoMiniGames.Client\obj\Debug\net10.0\compressed\8pd3qsgpkf-{0}-78wbzaw40x-78wbzaw40x.gz' 
[23:21:59 INF] HTTP GET /_framework/System.Linq.Parallel.78wbzaw40x.wasm.gz responded 200 in 2.0514 ms 
[23:21:59 INF] Request finished HTTP/1.1 GET http://localhost:5000/_framework/System.Linq.Parallel.78wbzaw40x.wasm.gz - 200 88085 application/wasm 2.1683ms 
[23:21:59 INF] Sending file. Request path: '/_framework/System.Linq.Expressions.rwll9v3f54.wasm.gz'. Physical path: 'C:\Users\punko\Downloads\PoMiniGames\src\PoMiniGames.Client\obj\Debug\net10.0\compressed\k9qc70s0nm-{0}-rwll9v3f54-rwll9v3f54.gz' 
[23:21:59 INF] HTTP GET /_framework/System.Linq.Expressions.rwll9v3f54.wasm.gz responded 200 in 3.9912 ms 
[23:21:59 INF] Request finished HTTP/1.1 GET http://localhost:5000/_framework/System.Linq.Expressions.rwll9v3f54.wasm.gz - 200 217688 application/wasm 4.0961ms 
[23:21:59 INF] Request starting HTTP/1.1 GET http://localhost:5000/_framework/System.Linq.bmrkhne1ox.wasm - null null 
[23:21:59 INF] Sending file. Request path: '/_framework/System.Linq.bmrkhne1ox.wasm.gz'. Physical path: 'C:\Users\punko\Downloads\PoMiniGames\src\PoMiniGames.Client\obj\Debug\net10.0\compressed\2e7fxz2i0q-{0}-bmrkhne1ox-bmrkhne1ox.gz' 
[23:21:59 INF] HTTP GET /_framework/System.Linq.bmrkhne1ox.wasm.gz responded 200 in 0.9187 ms 
[23:21:59 INF] Request starting HTTP/1.1 GET http://localhost:5000/_framework/System.Memory.6sz098jj9v.wasm - null null 
[23:21:59 INF] Request finished HTTP/1.1 GET http://localhost:5000/_framework/System.Linq.bmrkhne1ox.wasm.gz - 200 76152 application/wasm 1.0511ms 
[23:21:59 INF] Sending file. Request path: '/_framework/System.Memory.6sz098jj9v.wasm.gz'. Physical path: 'C:\Users\punko\Downloads\PoMiniGames\src\PoMiniGames.Client\obj\Debug\net10.0\compressed\97d73t8s0s-{0}-6sz098jj9v-6sz098jj9v.gz' 
[23:21:59 INF] HTTP GET /_framework/System.Memory.6sz098jj9v.wasm.gz responded 200 in 0.3143 ms 
[23:21:59 INF] Request finished HTTP/1.1 GET http://localhost:5000/_framework/System.Memory.6sz098jj9v.wasm.gz - 200 21108 application/wasm 0.4328ms 
[23:21:59 INF] Request starting HTTP/1.1 GET http://localhost:5000/_framework/System.Net.Http.Json.56y669zj3s.wasm - null null 
[23:21:59 INF] Request starting HTTP/1.1 GET http://localhost:5000/_framework/System.Net.Http.08oi8qoit4.wasm - null null 
[23:21:59 INF] Sending file. Request path: '/_framework/System.Net.Http.Json.56y669zj3s.wasm.gz'. Physical path: 'C:\Users\punko\Downloads\PoMiniGames\src\PoMiniGames.Client\obj\Debug\net10.0\compressed\gu2rn79i9f-{0}-56y669zj3s-56y669zj3s.gz' 
[23:21:59 INF] HTTP GET /_framework/System.Net.Http.Json.56y669zj3s.wasm.gz responded 200 in 0.7819 ms 
[23:21:59 INF] Request finished HTTP/1.1 GET http://localhost:5000/_framework/System.Net.Http.Json.56y669zj3s.wasm.gz - 200 19787 application/wasm 1.0401ms 
[23:21:59 INF] Sending file. Request path: '/_framework/System.Net.Http.08oi8qoit4.wasm.gz'. Physical path: 'C:\Users\punko\Downloads\PoMiniGames\src\PoMiniGames.Client\obj\Debug\net10.0\compressed\36uczbmqfw-{0}-08oi8qoit4-08oi8qoit4.gz' 
[23:21:59 INF] HTTP GET /_framework/System.Net.Http.08oi8qoit4.wasm.gz responded 200 in 0.6982 ms 
[23:21:59 INF] Request finished HTTP/1.1 GET http://localhost:5000/_framework/System.Net.Http.08oi8qoit4.wasm.gz - 200 119876 application/wasm 0.9096ms 
[23:21:59 INF] Request starting HTTP/1.1 GET http://localhost:5000/_framework/System.Net.HttpListener.qg0j6amwue.wasm - null null 
[23:21:59 INF] Sending file. Request path: '/_framework/System.Net.HttpListener.qg0j6amwue.wasm.gz'. Physical path: 'C:\Users\punko\Downloads\PoMiniGames\src\PoMiniGames.Client\obj\Debug\net10.0\compressed\gnfsjlo33z-{0}-qg0j6amwue-qg0j6amwue.gz' 
[23:21:59 INF] HTTP GET /_framework/System.Net.HttpListener.qg0j6amwue.wasm.gz responded 200 in 0.5831 ms 
[23:21:59 INF] Request finished HTTP/1.1 GET http://localhost:5000/_framework/System.Net.HttpListener.qg0j6amwue.wasm.gz - 200 16354 application/wasm 0.7797ms 
[23:21:59 INF] Request starting HTTP/1.1 GET http://localhost:5000/_framework/System.Net.Mail.533n6ks0cq.wasm - null null 
[23:21:59 INF] Sending file. Request path: '/_framework/System.Net.Mail.533n6ks0cq.wasm.gz'. Physical path: 'C:\Users\punko\Downloads\PoMiniGames\src\PoMiniGames.Client\obj\Debug\net10.0\compressed\1trr0yibct-{0}-533n6ks0cq-533n6ks0cq.gz' 
[23:21:59 INF] HTTP GET /_framework/System.Net.Mail.533n6ks0cq.wasm.gz responded 200 in 0.5365 ms 
[23:21:59 INF] Request finished HTTP/1.1 GET http://localhost:5000/_framework/System.Net.Mail.533n6ks0cq.wasm.gz - 200 43455 application/wasm 0.6696ms 
[23:21:59 INF] Request starting HTTP/1.1 GET http://localhost:5000/_framework/System.Net.NameResolution.s5btvjcq6y.wasm - null null 
[23:21:59 INF] Sending file. Request path: '/_framework/System.Net.NameResolution.s5btvjcq6y.wasm.gz'. Physical path: 'C:\Users\punko\Downloads\PoMiniGames\src\PoMiniGames.Client\obj\Debug\net10.0\compressed\4xfo2mqke4-{0}-s5btvjcq6y-s5btvjcq6y.gz' 
[23:21:59 INF] HTTP GET /_framework/System.Net.NameResolution.s5btvjcq6y.wasm.gz responded 200 in 0.5153 ms 
[23:21:59 INF] Request finished HTTP/1.1 GET http://localhost:5000/_framework/System.Net.NameResolution.s5btvjcq6y.wasm.gz - 200 6008 application/wasm 0.7016ms 
[23:21:59 INF] Request starting HTTP/1.1 GET http://localhost:5000/_framework/System.Net.NetworkInformation.ucbqjhtjil.wasm - null null 
[23:21:59 INF] Sending file. Request path: '/_framework/System.Net.NetworkInformation.ucbqjhtjil.wasm.gz'. Physical path: 'C:\Users\punko\Downloads\PoMiniGames\src\PoMiniGames.Client\obj\Debug\net10.0\compressed\m85vnt05w4-{0}-ucbqjhtjil-ucbqjhtjil.gz' 
[23:21:59 INF] HTTP GET /_framework/System.Net.NetworkInformation.ucbqjhtjil.wasm.gz responded 200 in 0.7220 ms 
[23:21:59 INF] Request finished HTTP/1.1 GET http://localhost:5000/_framework/System.Net.NetworkInformation.ucbqjhtjil.wasm.gz - 200 13068 application/wasm 0.8693ms 
[23:21:59 INF] Request starting HTTP/1.1 GET http://localhost:5000/_framework/System.Net.Ping.ustem6o7fc.wasm - null null 
[23:21:59 INF] Sending file. Request path: '/_framework/System.Net.Ping.ustem6o7fc.wasm.gz'. Physical path: 'C:\Users\punko\Downloads\PoMiniGames\src\PoMiniGames.Client\obj\Debug\net10.0\compressed\zqzk44bzo1-{0}-ustem6o7fc-ustem6o7fc.gz' 
[23:21:59 INF] HTTP GET /_framework/System.Net.Ping.ustem6o7fc.wasm.gz responded 200 in 0.5847 ms 
[23:21:59 INF] Request finished HTTP/1.1 GET http://localhost:5000/_framework/System.Net.Ping.ustem6o7fc.wasm.gz - 200 7692 application/wasm 0.7903ms 
[23:21:59 INF] Request starting HTTP/1.1 GET http://localhost:5000/_framework/System.Net.Primitives.935qhm3yb8.wasm - null null 
[23:21:59 INF] Request starting HTTP/1.1 GET http://localhost:5000/_framework/System.Net.Quic.cnkjqkyrlb.wasm - null null 
[23:21:59 INF] Request starting HTTP/1.1 GET http://localhost:5000/_framework/System.Net.Requests.7w1r8uf0a4.wasm - null null 
[23:21:59 INF] Sending file. Request path: '/_framework/System.Net.Primitives.935qhm3yb8.wasm.gz'. Physical path: 'C:\Users\punko\Downloads\PoMiniGames\src\PoMiniGames.Client\obj\Debug\net10.0\compressed\njegsu88i4-{0}-935qhm3yb8-935qhm3yb8.gz' 
[23:21:59 INF] HTTP GET /_framework/System.Net.Primitives.935qhm3yb8.wasm.gz responded 200 in 0.8658 ms 
[23:21:59 INF] Sending file. Request path: '/_framework/System.Net.Quic.cnkjqkyrlb.wasm.gz'. Physical path: 'C:\Users\punko\Downloads\PoMiniGames\src\PoMiniGames.Client\obj\Debug\net10.0\compressed\zmul3lslv0-{0}-cnkjqkyrlb-cnkjqkyrlb.gz' 
[23:21:59 INF] Request finished HTTP/1.1 GET http://localhost:5000/_framework/System.Net.Primitives.935qhm3yb8.wasm.gz - 200 47049 application/wasm 1.1281ms 
[23:21:59 INF] HTTP GET /_framework/System.Net.Quic.cnkjqkyrlb.wasm.gz responded 200 in 0.5039 ms 
[23:21:59 INF] Request finished HTTP/1.1 GET http://localhost:5000/_framework/System.Net.Quic.cnkjqkyrlb.wasm.gz - 200 11200 application/wasm 0.7237ms 
[23:21:59 INF] Sending file. Request path: '/_framework/System.Net.Requests.7w1r8uf0a4.wasm.gz'. Physical path: 'C:\Users\punko\Downloads\PoMiniGames\src\PoMiniGames.Client\obj\Debug\net10.0\compressed\9yylpcqq8o-{0}-7w1r8uf0a4-7w1r8uf0a4.gz' 
[23:21:59 INF] HTTP GET /_framework/System.Net.Requests.7w1r8uf0a4.wasm.gz responded 200 in 0.5703 ms 
[23:21:59 INF] Request finished HTTP/1.1 GET http://localhost:5000/_framework/System.Net.Requests.7w1r8uf0a4.wasm.gz - 200 20792 application/wasm 0.7112ms 
[23:21:59 INF] Request starting HTTP/1.1 GET http://localhost:5000/_framework/System.Net.Security.xlqynrdyot.wasm - null null 
[23:21:59 INF] Request starting HTTP/1.1 GET http://localhost:5000/_framework/System.Net.ServerSentEvents.vwcoz3tazw.wasm - null null 
[23:21:59 INF] Sending file. Request path: '/_framework/System.Net.Security.xlqynrdyot.wasm.gz'. Physical path: 'C:\Users\punko\Downloads\PoMiniGames\src\PoMiniGames.Client\obj\Debug\net10.0\compressed\u83nb3ka4a-{0}-xlqynrdyot-xlqynrdyot.gz' 
[23:21:59 INF] HTTP GET /_framework/System.Net.Security.xlqynrdyot.wasm.gz responded 200 in 0.7986 ms 
[23:21:59 INF] Request finished HTTP/1.1 GET http://localhost:5000/_framework/System.Net.Security.xlqynrdyot.wasm.gz - 200 34556 application/wasm 0.9974ms 
[23:21:59 INF] Sending file. Request path: '/_framework/System.Net.ServerSentEvents.vwcoz3tazw.wasm.gz'. Physical path: 'C:\Users\punko\Downloads\PoMiniGames\src\PoMiniGames.Client\obj\Debug\net10.0\compressed\foarq7rl7f-{0}-vwcoz3tazw-vwcoz3tazw.gz' 
[23:21:59 INF] HTTP GET /_framework/System.Net.ServerSentEvents.vwcoz3tazw.wasm.gz responded 200 in 1.0986 ms 
[23:21:59 INF] Request finished HTTP/1.1 GET http://localhost:5000/_framework/System.Net.ServerSentEvents.vwcoz3tazw.wasm.gz - 200 15014 application/wasm 1.2816ms 
[23:21:59 INF] Request starting HTTP/1.1 GET http://localhost:5000/_framework/System.Net.ServicePoint.8k7uo97505.wasm - null null 
[23:21:59 INF] Request starting HTTP/1.1 GET http://localhost:5000/_framework/System.Net.Sockets.krbyf8n4l7.wasm - null null 
[23:21:59 INF] Request starting HTTP/1.1 GET http://localhost:5000/_framework/System.Net.WebClient.s7es5vcafa.wasm - null null 
[23:21:59 INF] Sending file. Request path: '/_framework/System.Net.ServicePoint.8k7uo97505.wasm.gz'. Physical path: 'C:\Users\punko\Downloads\PoMiniGames\src\PoMiniGames.Client\obj\Debug\net10.0\compressed\wonmgfepu1-{0}-8k7uo97505-8k7uo97505.gz' 
[23:21:59 INF] HTTP GET /_framework/System.Net.ServicePoint.8k7uo97505.wasm.gz responded 200 in 0.5448 ms 
[23:21:59 INF] Request finished HTTP/1.1 GET http://localhost:5000/_framework/System.Net.ServicePoint.8k7uo97505.wasm.gz - 200 2189 application/wasm 0.7535ms 
[23:21:59 INF] Sending file. Request path: '/_framework/System.Net.Sockets.krbyf8n4l7.wasm.gz'. Physical path: 'C:\Users\punko\Downloads\PoMiniGames\src\PoMiniGames.Client\obj\Debug\net10.0\compressed\weuxaer5aa-{0}-krbyf8n4l7-krbyf8n4l7.gz' 
[23:21:59 INF] Sending file. Request path: '/_framework/System.Net.WebClient.s7es5vcafa.wasm.gz'. Physical path: 'C:\Users\punko\Downloads\PoMiniGames\src\PoMiniGames.Client\obj\Debug\net10.0\compressed\c4r0axl6hf-{0}-s7es5vcafa-s7es5vcafa.gz' 
[23:21:59 INF] HTTP GET /_framework/System.Net.Sockets.krbyf8n4l7.wasm.gz responded 200 in 0.6895 ms 
[23:21:59 INF] HTTP GET /_framework/System.Net.WebClient.s7es5vcafa.wasm.gz responded 200 in 0.4775 ms 
[23:21:59 INF] Request finished HTTP/1.1 GET http://localhost:5000/_framework/System.Net.Sockets.krbyf8n4l7.wasm.gz - 200 23439 application/wasm 0.968ms 
[23:21:59 INF] Request finished HTTP/1.1 GET http://localhost:5000/_framework/System.Net.WebClient.s7es5vcafa.wasm.gz - 200 15044 application/wasm 0.6751ms 
[23:21:59 INF] Request starting HTTP/1.1 GET http://localhost:5000/_framework/System.Net.WebHeaderCollection.9quxghu2aq.wasm - null null 
[23:21:59 INF] Request starting HTTP/1.1 GET http://localhost:5000/_framework/System.Net.WebProxy.ivbmxiwm57.wasm - null null 
[23:21:59 INF] Sending file. Request path: '/_framework/System.Net.WebHeaderCollection.9quxghu2aq.wasm.gz'. Physical path: 'C:\Users\punko\Downloads\PoMiniGames\src\PoMiniGames.Client\obj\Debug\net10.0\compressed\r9dkitcmyi-{0}-9quxghu2aq-9quxghu2aq.gz' 
[23:21:59 INF] HTTP GET /_framework/System.Net.WebHeaderCollection.9quxghu2aq.wasm.gz responded 200 in 0.5032 ms 
[23:21:59 INF] Request finished HTTP/1.1 GET http://localhost:5000/_framework/System.Net.WebHeaderCollection.9quxghu2aq.wasm.gz - 200 10407 application/wasm 0.7067ms 
[23:21:59 INF] Sending file. Request path: '/_framework/System.Net.WebProxy.ivbmxiwm57.wasm.gz'. Physical path: 'C:\Users\punko\Downloads\PoMiniGames\src\PoMiniGames.Client\obj\Debug\net10.0\compressed\mjg9lcwwiv-{0}-ivbmxiwm57-ivbmxiwm57.gz' 
[23:21:59 INF] HTTP GET /_framework/System.Net.WebProxy.ivbmxiwm57.wasm.gz responded 200 in 0.5479 ms 
[23:21:59 INF] Request finished HTTP/1.1 GET http://localhost:5000/_framework/System.Net.WebProxy.ivbmxiwm57.wasm.gz - 200 5704 application/wasm 0.6849ms 
[23:21:59 INF] Request starting HTTP/1.1 GET http://localhost:5000/_framework/System.Net.WebSockets.Client.x9i7zul9bw.wasm - null null 
[23:21:59 INF] Request starting HTTP/1.1 GET http://localhost:5000/_framework/System.Net.WebSockets.ep3trdpcsb.wasm - null null 
[23:21:59 INF] Request starting HTTP/1.1 GET http://localhost:5000/_framework/System.Net.lkc10g164w.wasm - null null 
[23:21:59 INF] Sending file. Request path: '/_framework/System.Net.WebSockets.Client.x9i7zul9bw.wasm.gz'. Physical path: 'C:\Users\punko\Downloads\PoMiniGames\src\PoMiniGames.Client\obj\Debug\net10.0\compressed\2667rnamtv-{0}-x9i7zul9bw-x9i7zul9bw.gz' 
[23:21:59 INF] HTTP GET /_framework/System.Net.WebSockets.Client.x9i7zul9bw.wasm.gz responded 200 in 0.4521 ms 
[23:21:59 INF] Request finished HTTP/1.1 GET http://localhost:5000/_framework/System.Net.WebSockets.Client.x9i7zul9bw.wasm.gz - 200 18337 application/wasm 0.6336ms 
[23:21:59 INF] Sending file. Request path: '/_framework/System.Net.lkc10g164w.wasm.gz'. Physical path: 'C:\Users\punko\Downloads\PoMiniGames\src\PoMiniGames.Client\obj\Debug\net10.0\compressed\9ppx2nk8jr-{0}-lkc10g164w-lkc10g164w.gz' 
[23:21:59 INF] Sending file. Request path: '/_framework/System.Net.WebSockets.ep3trdpcsb.wasm.gz'. Physical path: 'C:\Users\punko\Downloads\PoMiniGames\src\PoMiniGames.Client\obj\Debug\net10.0\compressed\cerly1ttui-{0}-ep3trdpcsb-ep3trdpcsb.gz' 
[23:21:59 INF] HTTP GET /_framework/System.Net.lkc10g164w.wasm.gz responded 200 in 0.2748 ms 
[23:21:59 INF] HTTP GET /_framework/System.Net.WebSockets.ep3trdpcsb.wasm.gz responded 200 in 0.4273 ms 
[23:21:59 INF] Request finished HTTP/1.1 GET http://localhost:5000/_framework/System.Net.lkc10g164w.wasm.gz - 200 2777 application/wasm 0.4035ms 
[23:21:59 INF] Request finished HTTP/1.1 GET http://localhost:5000/_framework/System.Net.WebSockets.ep3trdpcsb.wasm.gz - 200 41769 application/wasm 0.5858ms 
[23:21:59 INF] Request starting HTTP/1.1 GET http://localhost:5000/_framework/System.Numerics.Vectors.ohk6rx7mq3.wasm - null null 
[23:21:59 INF] Request starting HTTP/1.1 GET http://localhost:5000/_framework/System.Numerics.w9sdg2myku.wasm - null null 
[23:21:59 INF] Sending file. Request path: '/_framework/System.Numerics.Vectors.ohk6rx7mq3.wasm.gz'. Physical path: 'C:\Users\punko\Downloads\PoMiniGames\src\PoMiniGames.Client\obj\Debug\net10.0\compressed\cqnbjad7sw-{0}-ohk6rx7mq3-ohk6rx7mq3.gz' 
[23:21:59 INF] HTTP GET /_framework/System.Numerics.Vectors.ohk6rx7mq3.wasm.gz responded 200 in 0.5362 ms 
[23:21:59 INF] Request finished HTTP/1.1 GET http://localhost:5000/_framework/System.Numerics.Vectors.ohk6rx7mq3.wasm.gz - 200 2281 application/wasm 0.7408ms 
[23:21:59 INF] Sending file. Request path: '/_framework/System.Numerics.w9sdg2myku.wasm.gz'. Physical path: 'C:\Users\punko\Downloads\PoMiniGames\src\PoMiniGames.Client\obj\Debug\net10.0\compressed\8rl3cblltq-{0}-w9sdg2myku-w9sdg2myku.gz' 
[23:21:59 INF] HTTP GET /_framework/System.Numerics.w9sdg2myku.wasm.gz responded 200 in 0.5319 ms 
[23:21:59 INF] Request finished HTTP/1.1 GET http://localhost:5000/_framework/System.Numerics.w9sdg2myku.wasm.gz - 200 2039 application/wasm 0.694ms 
[23:21:59 INF] Request starting HTTP/1.1 GET http://localhost:5000/_framework/System.ObjectModel.o49nwl5106.wasm - null null 
[23:21:59 INF] Sending file. Request path: '/_framework/System.ObjectModel.o49nwl5106.wasm.gz'. Physical path: 'C:\Users\punko\Downloads\PoMiniGames\src\PoMiniGames.Client\obj\Debug\net10.0\compressed\t7u6cmh6vo-{0}-o49nwl5106-o49nwl5106.gz' 
[23:21:59 INF] HTTP GET /_framework/System.ObjectModel.o49nwl5106.wasm.gz responded 200 in 0.5139 ms 
[23:21:59 INF] Request finished HTTP/1.1 GET http://localhost:5000/_framework/System.ObjectModel.o49nwl5106.wasm.gz - 200 13628 application/wasm 0.6873ms 
[23:21:59 INF] Request starting HTTP/1.1 GET http://localhost:5000/_framework/System.Private.DataContractSerialization.l1wepxshem.wasm - null null 
[23:21:59 INF] Request starting HTTP/1.1 GET http://localhost:5000/_framework/System.Private.Uri.17wno6fz9h.wasm - null null 
[23:21:59 INF] Request starting HTTP/1.1 GET http://localhost:5000/_framework/System.Private.Xml.Linq.6ndmellwxq.wasm - null null 
[23:21:59 INF] Request starting HTTP/1.1 GET http://localhost:5000/_framework/System.Private.Xml.1znmymukzn.wasm - null null 
[23:21:59 INF] Sending file. Request path: '/_framework/System.Private.Uri.17wno6fz9h.wasm.gz'. Physical path: 'C:\Users\punko\Downloads\PoMiniGames\src\PoMiniGames.Client\obj\Debug\net10.0\compressed\fafsy17t61-{0}-17wno6fz9h-17wno6fz9h.gz' 
[23:21:59 INF] HTTP GET /_framework/System.Private.Uri.17wno6fz9h.wasm.gz responded 200 in 1.1001 ms 
[23:21:59 INF] Request finished HTTP/1.1 GET http://localhost:5000/_framework/System.Private.Uri.17wno6fz9h.wasm.gz - 200 43024 application/wasm 1.2782ms 
[23:21:59 INF] Sending file. Request path: '/_framework/System.Private.Xml.Linq.6ndmellwxq.wasm.gz'. Physical path: 'C:\Users\punko\Downloads\PoMiniGames\src\PoMiniGames.Client\obj\Debug\net10.0\compressed\ing35wwy2x-{0}-6ndmellwxq-6ndmellwxq.gz' 
[23:21:59 INF] HTTP GET /_framework/System.Private.Xml.Linq.6ndmellwxq.wasm.gz responded 200 in 0.9031 ms 
[23:21:59 INF] Request finished HTTP/1.1 GET http://localhost:5000/_framework/System.Private.Xml.Linq.6ndmellwxq.wasm.gz - 200 59932 application/wasm 1.0393ms 
[23:21:59 INF] Sending file. Request path: '/_framework/System.Private.DataContractSerialization.l1wepxshem.wasm.gz'. Physical path: 'C:\Users\punko\Downloads\PoMiniGames\src\PoMiniGames.Client\obj\Debug\net10.0\compressed\4o3fm77b5e-{0}-l1wepxshem-l1wepxshem.gz' 
[23:21:59 INF] HTTP GET /_framework/System.Private.DataContractSerialization.l1wepxshem.wasm.gz responded 200 in 1.6174 ms 
[23:21:59 INF] Request finished HTTP/1.1 GET http://localhost:5000/_framework/System.Private.DataContractSerialization.l1wepxshem.wasm.gz - 200 306847 application/wasm 1.7015ms 
[23:21:59 INF] Request starting HTTP/1.1 GET http://localhost:5000/_framework/System.Reflection.DispatchProxy.uhng0i33yv.wasm - null null 
[23:21:59 INF] Sending file. Request path: '/_framework/System.Reflection.DispatchProxy.uhng0i33yv.wasm.gz'. Physical path: 'C:\Users\punko\Downloads\PoMiniGames\src\PoMiniGames.Client\obj\Debug\net10.0\compressed\ax94ehqm1i-{0}-uhng0i33yv-uhng0i33yv.gz' 
[23:21:59 INF] HTTP GET /_framework/System.Reflection.DispatchProxy.uhng0i33yv.wasm.gz responded 200 in 0.6789 ms 
[23:21:59 INF] Request finished HTTP/1.1 GET http://localhost:5000/_framework/System.Reflection.DispatchProxy.uhng0i33yv.wasm.gz - 200 13050 application/wasm 0.9222ms 
[23:21:59 INF] Request starting HTTP/1.1 GET http://localhost:5000/_framework/System.Reflection.Emit.ILGeneration.mki4j8yrd1.wasm - null null 
[23:21:59 INF] Sending file. Request path: '/_framework/System.Reflection.Emit.ILGeneration.mki4j8yrd1.wasm.gz'. Physical path: 'C:\Users\punko\Downloads\PoMiniGames\src\PoMiniGames.Client\obj\Debug\net10.0\compressed\k1133gvyp5-{0}-mki4j8yrd1-mki4j8yrd1.gz' 
[23:21:59 INF] HTTP GET /_framework/System.Reflection.Emit.ILGeneration.mki4j8yrd1.wasm.gz responded 200 in 0.6130 ms 
[23:21:59 INF] Request starting HTTP/1.1 GET http://localhost:5000/_framework/System.Reflection.Emit.Lightweight.rwbaytvlax.wasm - null null 
[23:21:59 INF] Request finished HTTP/1.1 GET http://localhost:5000/_framework/System.Reflection.Emit.ILGeneration.mki4j8yrd1.wasm.gz - 200 2290 application/wasm 0.8304ms 
[23:21:59 INF] Sending file. Request path: '/_framework/System.Reflection.Emit.Lightweight.rwbaytvlax.wasm.gz'. Physical path: 'C:\Users\punko\Downloads\PoMiniGames\src\PoMiniGames.Client\obj\Debug\net10.0\compressed\cschzskf0g-{0}-rwbaytvlax-rwbaytvlax.gz' 
[23:21:59 INF] HTTP GET /_framework/System.Reflection.Emit.Lightweight.rwbaytvlax.wasm.gz responded 200 in 0.3647 ms 
[23:21:59 INF] Request finished HTTP/1.1 GET http://localhost:5000/_framework/System.Reflection.Emit.Lightweight.rwbaytvlax.wasm.gz - 200 2241 application/wasm 0.5215ms 
[23:21:59 INF] Request starting HTTP/1.1 GET http://localhost:5000/_framework/System.Reflection.Emit.sioal9node.wasm - null null 
[23:21:59 INF] Request starting HTTP/1.1 GET http://localhost:5000/_framework/System.Reflection.Extensions.j3sy1079ix.wasm - null null 
[23:21:59 INF] Sending file. Request path: '/_framework/System.Reflection.Emit.sioal9node.wasm.gz'. Physical path: 'C:\Users\punko\Downloads\PoMiniGames\src\PoMiniGames.Client\obj\Debug\net10.0\compressed\wwiqm9u6vt-{0}-sioal9node-sioal9node.gz' 
[23:21:59 INF] HTTP GET /_framework/System.Reflection.Emit.sioal9node.wasm.gz responded 200 in 1.0755 ms 
[23:21:59 INF] Request finished HTTP/1.1 GET http://localhost:5000/_framework/System.Reflection.Emit.sioal9node.wasm.gz - 200 54219 application/wasm 1.4623ms 
[23:21:59 INF] Request starting HTTP/1.1 GET http://localhost:5000/_framework/System.Reflection.Metadata.jppm5mm49v.wasm - null null 
[23:21:59 INF] Sending file. Request path: '/_framework/System.Reflection.Extensions.j3sy1079ix.wasm.gz'. Physical path: 'C:\Users\punko\Downloads\PoMiniGames\src\PoMiniGames.Client\obj\Debug\net10.0\compressed\sxmdhf91oi-{0}-j3sy1079ix-j3sy1079ix.gz' 
[23:21:59 INF] HTTP GET /_framework/System.Reflection.Extensions.j3sy1079ix.wasm.gz responded 200 in 0.4888 ms 
[23:21:59 INF] Request finished HTTP/1.1 GET http://localhost:5000/_framework/System.Reflection.Extensions.j3sy1079ix.wasm.gz - 200 2161 application/wasm 0.6925ms 
[23:21:59 INF] Sending file. Request path: '/_framework/System.Reflection.Metadata.jppm5mm49v.wasm.gz'. Physical path: 'C:\Users\punko\Downloads\PoMiniGames\src\PoMiniGames.Client\obj\Debug\net10.0\compressed\7yx9ov8j2w-{0}-jppm5mm49v-jppm5mm49v.gz' 
[23:21:59 INF] HTTP GET /_framework/System.Reflection.Metadata.jppm5mm49v.wasm.gz responded 200 in 1.0613 ms 
[23:21:59 INF] Request finished HTTP/1.1 GET http://localhost:5000/_framework/System.Reflection.Metadata.jppm5mm49v.wasm.gz - 200 196439 application/wasm 1.2859ms 
[23:21:59 INF] Request starting HTTP/1.1 GET http://localhost:5000/_framework/System.Reflection.Primitives.td0lyduqh2.wasm - null null 
[23:21:59 INF] Sending file. Request path: '/_framework/System.Reflection.Primitives.td0lyduqh2.wasm.gz'. Physical path: 'C:\Users\punko\Downloads\PoMiniGames\src\PoMiniGames.Client\obj\Debug\net10.0\compressed\4ckyo4yhej-{0}-td0lyduqh2-td0lyduqh2.gz' 
[23:21:59 INF] HTTP GET /_framework/System.Reflection.Primitives.td0lyduqh2.wasm.gz responded 200 in 0.4335 ms 
[23:21:59 INF] Request finished HTTP/1.1 GET http://localhost:5000/_framework/System.Reflection.Primitives.td0lyduqh2.wasm.gz - 200 2379 application/wasm 0.5736ms 
[23:21:59 INF] Request starting HTTP/1.1 GET http://localhost:5000/_framework/System.Reflection.TypeExtensions.bw6raolkdi.wasm - null null 
[23:21:59 INF] Sending file. Request path: '/_framework/System.Reflection.TypeExtensions.bw6raolkdi.wasm.gz'. Physical path: 'C:\Users\punko\Downloads\PoMiniGames\src\PoMiniGames.Client\obj\Debug\net10.0\compressed\uqu3axi2og-{0}-bw6raolkdi-bw6raolkdi.gz' 
[23:21:59 INF] HTTP GET /_framework/System.Reflection.TypeExtensions.bw6raolkdi.wasm.gz responded 200 in 0.5614 ms 
[23:21:59 INF] Request finished HTTP/1.1 GET http://localhost:5000/_framework/System.Reflection.TypeExtensions.bw6raolkdi.wasm.gz - 200 5952 application/wasm 0.7469ms 
[23:21:59 INF] Request starting HTTP/1.1 GET http://localhost:5000/_framework/System.Reflection.vtl64yeamf.wasm - null null 
[23:21:59 INF] Sending file. Request path: '/_framework/System.Reflection.vtl64yeamf.wasm.gz'. Physical path: 'C:\Users\punko\Downloads\PoMiniGames\src\PoMiniGames.Client\obj\Debug\net10.0\compressed\bmtqa6cj34-{0}-vtl64yeamf-vtl64yeamf.gz' 
[23:21:59 INF] HTTP GET /_framework/System.Reflection.vtl64yeamf.wasm.gz responded 200 in 0.6477 ms 
[23:21:59 INF] Request finished HTTP/1.1 GET http://localhost:5000/_framework/System.Reflection.vtl64yeamf.wasm.gz - 200 2481 application/wasm 0.8592ms 
[23:21:59 INF] Request starting HTTP/1.1 GET http://localhost:5000/_framework/System.Resources.Reader.v4f2264f3m.wasm - null null 
[23:21:59 INF] Request starting HTTP/1.1 GET http://localhost:5000/_framework/System.Resources.ResourceManager.wfbqycsq2f.wasm - null null 
[23:21:59 INF] Sending file. Request path: '/_framework/System.Resources.Reader.v4f2264f3m.wasm.gz'. Physical path: 'C:\Users\punko\Downloads\PoMiniGames\src\PoMiniGames.Client\obj\Debug\net10.0\compressed\oeeg2ld5g7-{0}-v4f2264f3m-v4f2264f3m.gz' 
[23:21:59 INF] HTTP GET /_framework/System.Resources.Reader.v4f2264f3m.wasm.gz responded 200 in 0.5811 ms 
[23:21:59 INF] Sending file. Request path: '/_framework/System.Resources.ResourceManager.wfbqycsq2f.wasm.gz'. Physical path: 'C:\Users\punko\Downloads\PoMiniGames\src\PoMiniGames.Client\obj\Debug\net10.0\compressed\mxzazy4ccs-{0}-wfbqycsq2f-wfbqycsq2f.gz' 
[23:21:59 INF] Request finished HTTP/1.1 GET http://localhost:5000/_framework/System.Resources.Reader.v4f2264f3m.wasm.gz - 200 2143 application/wasm 0.7756ms 
[23:21:59 INF] HTTP GET /_framework/System.Resources.ResourceManager.wfbqycsq2f.wasm.gz responded 200 in 0.5778 ms 
[23:21:59 INF] Request finished HTTP/1.1 GET http://localhost:5000/_framework/System.Resources.ResourceManager.wfbqycsq2f.wasm.gz - 200 2259 application/wasm 0.7495ms 
[23:21:59 INF] Request starting HTTP/1.1 GET http://localhost:5000/_framework/System.Resources.Writer.yomp7oq8px.wasm - null null 
[23:21:59 INF] Sending file. Request path: '/_framework/System.Resources.Writer.yomp7oq8px.wasm.gz'. Physical path: 'C:\Users\punko\Downloads\PoMiniGames\src\PoMiniGames.Client\obj\Debug\net10.0\compressed\zog0clf9hv-{0}-yomp7oq8px-yomp7oq8px.gz' 
[23:21:59 INF] HTTP GET /_framework/System.Resources.Writer.yomp7oq8px.wasm.gz responded 200 in 0.5455 ms 
[23:21:59 INF] Request starting HTTP/1.1 GET http://localhost:5000/_framework/System.Runtime.CompilerServices.Unsafe.3fy8j39bry.wasm - null null 
[23:21:59 INF] Request finished HTTP/1.1 GET http://localhost:5000/_framework/System.Resources.Writer.yomp7oq8px.wasm.gz - 200 7752 application/wasm 0.7569ms 
[23:21:59 INF] Request starting HTTP/1.1 GET http://localhost:5000/_framework/System.Runtime.CompilerServices.VisualC.lzt2t2jx25.wasm - null null 
[23:21:59 INF] Sending file. Request path: '/_framework/System.Runtime.CompilerServices.Unsafe.3fy8j39bry.wasm.gz'. Physical path: 'C:\Users\punko\Downloads\PoMiniGames\src\PoMiniGames.Client\obj\Debug\net10.0\compressed\ocupx0f1i3-{0}-3fy8j39bry-3fy8j39bry.gz' 
[23:21:59 INF] HTTP GET /_framework/System.Runtime.CompilerServices.Unsafe.3fy8j39bry.wasm.gz responded 200 in 0.4136 ms 
[23:21:59 INF] Request finished HTTP/1.1 GET http://localhost:5000/_framework/System.Runtime.CompilerServices.Unsafe.3fy8j39bry.wasm.gz - 200 2137 application/wasm 0.6148ms 
[23:21:59 INF] Sending file. Request path: '/_framework/System.Runtime.CompilerServices.VisualC.lzt2t2jx25.wasm.gz'. Physical path: 'C:\Users\punko\Downloads\PoMiniGames\src\PoMiniGames.Client\obj\Debug\net10.0\compressed\3zl7oazmo6-{0}-lzt2t2jx25-lzt2t2jx25.gz' 
[23:21:59 INF] Request starting HTTP/1.1 GET http://localhost:5000/_framework/System.Runtime.Extensions.bllnsrspwd.wasm - null null 
[23:21:59 INF] HTTP GET /_framework/System.Runtime.CompilerServices.VisualC.lzt2t2jx25.wasm.gz responded 200 in 0.5034 ms 
[23:21:59 INF] Request finished HTTP/1.1 GET http://localhost:5000/_framework/System.Runtime.CompilerServices.VisualC.lzt2t2jx25.wasm.gz - 200 3097 application/wasm 0.5927ms 
[23:21:59 INF] Sending file. Request path: '/_framework/System.Runtime.Extensions.bllnsrspwd.wasm.gz'. Physical path: 'C:\Users\punko\Downloads\PoMiniGames\src\PoMiniGames.Client\obj\Debug\net10.0\compressed\n3aaaa9rcp-{0}-bllnsrspwd-bllnsrspwd.gz' 
[23:21:59 INF] HTTP GET /_framework/System.Runtime.Extensions.bllnsrspwd.wasm.gz responded 200 in 0.2980 ms 
[23:21:59 INF] Request finished HTTP/1.1 GET http://localhost:5000/_framework/System.Runtime.Extensions.bllnsrspwd.wasm.gz - 200 3017 application/wasm 0.4368ms 
[23:21:59 INF] Request starting HTTP/1.1 GET http://localhost:5000/_framework/System.Runtime.Handles.l1doztbysk.wasm - null null 
[23:21:59 INF] Request starting HTTP/1.1 GET http://localhost:5000/_framework/System.Runtime.InteropServices.RuntimeInformation.9rm6cit8v0.wasm - null null 
[23:21:59 INF] Request starting HTTP/1.1 GET http://localhost:5000/_framework/System.Runtime.InteropServices.92mbh6ougs.wasm - null null 
[23:21:59 INF] Sending file. Request path: '/_framework/System.Runtime.Handles.l1doztbysk.wasm.gz'. Physical path: 'C:\Users\punko\Downloads\PoMiniGames\src\PoMiniGames.Client\obj\Debug\net10.0\compressed\dicixn3ceq-{0}-l1doztbysk-l1doztbysk.gz' 
[23:21:59 INF] HTTP GET /_framework/System.Runtime.Handles.l1doztbysk.wasm.gz responded 200 in 1.4095 ms 
[23:21:59 INF] Request finished HTTP/1.1 GET http://localhost:5000/_framework/System.Runtime.Handles.l1doztbysk.wasm.gz - 200 2222 application/wasm 1.7813ms 
[23:21:59 INF] Sending file. Request path: '/_framework/System.Runtime.InteropServices.RuntimeInformation.9rm6cit8v0.wasm.gz'. Physical path: 'C:\Users\punko\Downloads\PoMiniGames\src\PoMiniGames.Client\obj\Debug\net10.0\compressed\ma6k9448j9-{0}-9rm6cit8v0-9rm6cit8v0.gz' 
[23:21:59 INF] HTTP GET /_framework/System.Runtime.InteropServices.RuntimeInformation.9rm6cit8v0.wasm.gz responded 200 in 1.4734 ms 
[23:21:59 INF] Sending file. Request path: '/_framework/System.Runtime.InteropServices.92mbh6ougs.wasm.gz'. Physical path: 'C:\Users\punko\Downloads\PoMiniGames\src\PoMiniGames.Client\obj\Debug\net10.0\compressed\nhcgh9amt0-{0}-92mbh6ougs-92mbh6ougs.gz' 
[23:21:59 INF] HTTP GET /_framework/System.Runtime.InteropServices.92mbh6ougs.wasm.gz responded 200 in 0.4155 ms 
[23:21:59 INF] Request finished HTTP/1.1 GET http://localhost:5000/_framework/System.Runtime.InteropServices.92mbh6ougs.wasm.gz - 200 24116 application/wasm 0.6884ms 
[23:21:59 INF] Request finished HTTP/1.1 GET http://localhost:5000/_framework/System.Runtime.InteropServices.RuntimeInformation.9rm6cit8v0.wasm.gz - 200 2171 application/wasm 1.644ms 
[23:21:59 INF] Request starting HTTP/1.1 GET http://localhost:5000/_framework/System.Runtime.Intrinsics.m5kkftjqir.wasm - null null 
[23:21:59 INF] Sending file. Request path: '/_framework/System.Runtime.Intrinsics.m5kkftjqir.wasm.gz'. Physical path: 'C:\Users\punko\Downloads\PoMiniGames\src\PoMiniGames.Client\obj\Debug\net10.0\compressed\8ony1gn612-{0}-m5kkftjqir-m5kkftjqir.gz' 
[23:21:59 INF] HTTP GET /_framework/System.Runtime.Intrinsics.m5kkftjqir.wasm.gz responded 200 in 0.5093 ms 
[23:21:59 INF] Request finished HTTP/1.1 GET http://localhost:5000/_framework/System.Runtime.Intrinsics.m5kkftjqir.wasm.gz - 200 2864 application/wasm 0.6778ms 
[23:21:59 INF] Request starting HTTP/1.1 GET http://localhost:5000/_framework/System.Runtime.Loader.8tidl2vik3.wasm - null null 
[23:21:59 INF] Request starting HTTP/1.1 GET http://localhost:5000/_framework/System.Runtime.Numerics.ym3nhl4pae.wasm - null null 
[23:21:59 INF] Sending file. Request path: '/_framework/System.Runtime.Loader.8tidl2vik3.wasm.gz'. Physical path: 'C:\Users\punko\Downloads\PoMiniGames\src\PoMiniGames.Client\obj\Debug\net10.0\compressed\dwpfj8ac1s-{0}-8tidl2vik3-8tidl2vik3.gz' 
[23:21:59 INF] HTTP GET /_framework/System.Runtime.Loader.8tidl2vik3.wasm.gz responded 200 in 0.9477 ms 
[23:21:59 INF] Request finished HTTP/1.1 GET http://localhost:5000/_framework/System.Runtime.Loader.8tidl2vik3.wasm.gz - 200 2348 application/wasm 1.0943ms 
[23:21:59 INF] Request starting HTTP/1.1 GET http://localhost:5000/_framework/System.Runtime.Serialization.Formatters.jfoer9a9b1.wasm - null null 
[23:21:59 INF] Request starting HTTP/1.1 GET http://localhost:5000/_framework/System.Runtime.Serialization.Json.04ot9ggpin.wasm - null null 
[23:21:59 INF] Sending file. Request path: '/_framework/System.Runtime.Serialization.Json.04ot9ggpin.wasm.gz'. Physical path: 'C:\Users\punko\Downloads\PoMiniGames\src\PoMiniGames.Client\obj\Debug\net10.0\compressed\6r5msp17ar-{0}-04ot9ggpin-04ot9ggpin.gz' 
[23:21:59 INF] Sending file. Request path: '/_framework/System.Runtime.Serialization.Formatters.jfoer9a9b1.wasm.gz'. Physical path: 'C:\Users\punko\Downloads\PoMiniGames\src\PoMiniGames.Client\obj\Debug\net10.0\compressed\638z0lul22-{0}-jfoer9a9b1-jfoer9a9b1.gz' 
[23:21:59 INF] HTTP GET /_framework/System.Runtime.Serialization.Json.04ot9ggpin.wasm.gz responded 200 in 0.4884 ms 
[23:21:59 INF] HTTP GET /_framework/System.Runtime.Serialization.Formatters.jfoer9a9b1.wasm.gz responded 200 in 0.5555 ms 
[23:21:59 INF] Request finished HTTP/1.1 GET http://localhost:5000/_framework/System.Runtime.Serialization.Json.04ot9ggpin.wasm.gz - 200 2264 application/wasm 0.6772ms 
[23:21:59 INF] Request finished HTTP/1.1 GET http://localhost:5000/_framework/System.Runtime.Serialization.Formatters.jfoer9a9b1.wasm.gz - 200 24599 application/wasm 0.6887ms 
[23:21:59 INF] Sending file. Request path: '/_framework/System.Runtime.Numerics.ym3nhl4pae.wasm.gz'. Physical path: 'C:\Users\punko\Downloads\PoMiniGames\src\PoMiniGames.Client\obj\Debug\net10.0\compressed\u27iomvnfm-{0}-ym3nhl4pae-ym3nhl4pae.gz' 
[23:21:59 INF] HTTP GET /_framework/System.Runtime.Numerics.ym3nhl4pae.wasm.gz responded 200 in 1.2736 ms 
[23:21:59 INF] Request finished HTTP/1.1 GET http://localhost:5000/_framework/System.Runtime.Numerics.ym3nhl4pae.wasm.gz - 200 54218 application/wasm 1.4415ms 
[23:21:59 INF] Request starting HTTP/1.1 GET http://localhost:5000/_framework/System.Runtime.Serialization.Primitives.v0sloygu0k.wasm - null null 
[23:21:59 INF] Sending file. Request path: '/_framework/System.Runtime.Serialization.Primitives.v0sloygu0k.wasm.gz'. Physical path: 'C:\Users\punko\Downloads\PoMiniGames\src\PoMiniGames.Client\obj\Debug\net10.0\compressed\jrj627hdma-{0}-v0sloygu0k-v0sloygu0k.gz' 
[23:21:59 INF] HTTP GET /_framework/System.Runtime.Serialization.Primitives.v0sloygu0k.wasm.gz responded 200 in 0.8087 ms 
[23:21:59 INF] Request finished HTTP/1.1 GET http://localhost:5000/_framework/System.Runtime.Serialization.Primitives.v0sloygu0k.wasm.gz - 200 5519 application/wasm 1.1256ms 
[23:21:59 INF] Request starting HTTP/1.1 GET http://localhost:5000/_framework/System.Runtime.Serialization.Xml.l9p36z8pw0.wasm - null null 
[23:21:59 INF] Sending file. Request path: '/_framework/System.Runtime.Serialization.Xml.l9p36z8pw0.wasm.gz'. Physical path: 'C:\Users\punko\Downloads\PoMiniGames\src\PoMiniGames.Client\obj\Debug\net10.0\compressed\pvyb6wdwna-{0}-l9p36z8pw0-l9p36z8pw0.gz' 
[23:21:59 INF] HTTP GET /_framework/System.Runtime.Serialization.Xml.l9p36z8pw0.wasm.gz responded 200 in 0.9381 ms 
[23:21:59 INF] Request finished HTTP/1.1 GET http://localhost:5000/_framework/System.Runtime.Serialization.Xml.l9p36z8pw0.wasm.gz - 200 2579 application/wasm 1.2407ms 
[23:21:59 INF] Request starting HTTP/1.1 GET http://localhost:5000/_framework/System.Runtime.Serialization.sl1f80ke8z.wasm - null null 
[23:21:59 INF] Sending file. Request path: '/_framework/System.Runtime.Serialization.sl1f80ke8z.wasm.gz'. Physical path: 'C:\Users\punko\Downloads\PoMiniGames\src\PoMiniGames.Client\obj\Debug\net10.0\compressed\36gs5z9k6i-{0}-sl1f80ke8z-sl1f80ke8z.gz' 
[23:21:59 INF] HTTP GET /_framework/System.Runtime.Serialization.sl1f80ke8z.wasm.gz responded 200 in 0.8531 ms 
[23:21:59 INF] Request finished HTTP/1.1 GET http://localhost:5000/_framework/System.Runtime.Serialization.sl1f80ke8z.wasm.gz - 200 2521 application/wasm 1.9556ms 
[23:21:59 INF] Sending file. Request path: '/_framework/System.Private.Xml.1znmymukzn.wasm.gz'. Physical path: 'C:\Users\punko\Downloads\PoMiniGames\src\PoMiniGames.Client\obj\Debug\net10.0\compressed\n8nank40mi-{0}-1znmymukzn-1znmymukzn.gz' 
[23:21:59 INF] HTTP GET /_framework/System.Private.Xml.1znmymukzn.wasm.gz responded 200 in 66.2643 ms 
[23:21:59 INF] Request finished HTTP/1.1 GET http://localhost:5000/_framework/System.Private.Xml.1znmymukzn.wasm.gz - 200 1072054 application/wasm 66.4033ms 
[23:21:59 INF] Request starting HTTP/1.1 GET http://localhost:5000/_framework/System.Runtime.6x7t8axmdw.wasm - null null 
[23:21:59 INF] Sending file. Request path: '/_framework/System.Runtime.6x7t8axmdw.wasm.gz'. Physical path: 'C:\Users\punko\Downloads\PoMiniGames\src\PoMiniGames.Client\obj\Debug\net10.0\compressed\esqw0h77nj-{0}-6x7t8axmdw-6x7t8axmdw.gz' 
[23:21:59 INF] HTTP GET /_framework/System.Runtime.6x7t8axmdw.wasm.gz responded 200 in 1.7009 ms 
[23:21:59 INF] Request finished HTTP/1.1 GET http://localhost:5000/_framework/System.Runtime.6x7t8axmdw.wasm.gz - 200 10918 application/wasm 1.9205ms 
[23:21:59 INF] Request starting HTTP/1.1 GET http://localhost:5000/_framework/System.Security.AccessControl.3nwl7fw3mc.wasm - null null 
[23:21:59 INF] Request starting HTTP/1.1 GET http://localhost:5000/_framework/System.Security.Claims.xz90ei9jt5.wasm - null null 
[23:21:59 INF] Sending file. Request path: '/_framework/System.Security.AccessControl.3nwl7fw3mc.wasm.gz'. Physical path: 'C:\Users\punko\Downloads\PoMiniGames\src\PoMiniGames.Client\obj\Debug\net10.0\compressed\9wq1bjwqrd-{0}-3nwl7fw3mc-3nwl7fw3mc.gz' 
[23:21:59 INF] HTTP GET /_framework/System.Security.AccessControl.3nwl7fw3mc.wasm.gz responded 200 in 1.0071 ms 
[23:21:59 INF] Request finished HTTP/1.1 GET http://localhost:5000/_framework/System.Security.AccessControl.3nwl7fw3mc.wasm.gz - 200 17244 application/wasm 1.2908ms 
[23:21:59 INF] Sending file. Request path: '/_framework/System.Security.Claims.xz90ei9jt5.wasm.gz'. Physical path: 'C:\Users\punko\Downloads\PoMiniGames\src\PoMiniGames.Client\obj\Debug\net10.0\compressed\xqxyfr54v4-{0}-xz90ei9jt5-xz90ei9jt5.gz' 
[23:21:59 INF] HTTP GET /_framework/System.Security.Claims.xz90ei9jt5.wasm.gz responded 200 in 0.4517 ms 
[23:21:59 INF] Request finished HTTP/1.1 GET http://localhost:5000/_framework/System.Security.Claims.xz90ei9jt5.wasm.gz - 200 16922 application/wasm 0.8468ms 
[23:21:59 INF] Request starting HTTP/1.1 GET http://localhost:5000/_framework/System.Security.Cryptography.Algorithms.p2act7isih.wasm - null null 
[23:21:59 INF] Sending file. Request path: '/_framework/System.Security.Cryptography.Algorithms.p2act7isih.wasm.gz'. Physical path: 'C:\Users\punko\Downloads\PoMiniGames\src\PoMiniGames.Client\obj\Debug\net10.0\compressed\atxdbyxis0-{0}-p2act7isih-p2act7isih.gz' 
[23:21:59 INF] HTTP GET /_framework/System.Security.Cryptography.Algorithms.p2act7isih.wasm.gz responded 200 in 0.9125 ms 
[23:21:59 INF] Request finished HTTP/1.1 GET http://localhost:5000/_framework/System.Security.Cryptography.Algorithms.p2act7isih.wasm.gz - 200 2734 application/wasm 1.0883ms 
[23:21:59 INF] Request starting HTTP/1.1 GET http://localhost:5000/_framework/System.Security.Cryptography.Cng.x43abjiulr.wasm - null null 
[23:21:59 INF] Sending file. Request path: '/_framework/System.Security.Cryptography.Cng.x43abjiulr.wasm.gz'. Physical path: 'C:\Users\punko\Downloads\PoMiniGames\src\PoMiniGames.Client\obj\Debug\net10.0\compressed\b4u07xggl2-{0}-x43abjiulr-x43abjiulr.gz' 
[23:21:59 INF] HTTP GET /_framework/System.Security.Cryptography.Cng.x43abjiulr.wasm.gz responded 200 in 0.7435 ms 
[23:21:59 INF] Request finished HTTP/1.1 GET http://localhost:5000/_framework/System.Security.Cryptography.Cng.x43abjiulr.wasm.gz - 200 2497 application/wasm 0.977ms 
[23:21:59 INF] Request starting HTTP/1.1 GET http://localhost:5000/_framework/System.Security.Cryptography.Encoding.87lifboqsx.wasm - null null 
[23:21:59 INF] Request starting HTTP/1.1 GET http://localhost:5000/_framework/System.Security.Cryptography.Csp.ujvbo6nowk.wasm - null null 
[23:21:59 INF] Request starting HTTP/1.1 GET http://localhost:5000/_framework/System.Security.Cryptography.OpenSsl.u2qntds71c.wasm - null null 
[23:21:59 INF] Sending file. Request path: '/_framework/System.Security.Cryptography.Encoding.87lifboqsx.wasm.gz'. Physical path: 'C:\Users\punko\Downloads\PoMiniGames\src\PoMiniGames.Client\obj\Debug\net10.0\compressed\00ck4i0a3y-{0}-87lifboqsx-87lifboqsx.gz' 
[23:21:59 INF] HTTP GET /_framework/System.Security.Cryptography.Encoding.87lifboqsx.wasm.gz responded 200 in 0.4684 ms 
[23:21:59 INF] Request finished HTTP/1.1 GET http://localhost:5000/_framework/System.Security.Cryptography.Encoding.87lifboqsx.wasm.gz - 200 2289 application/wasm 0.7035ms 
[23:21:59 INF] Sending file. Request path: '/_framework/System.Security.Cryptography.Csp.ujvbo6nowk.wasm.gz'. Physical path: 'C:\Users\punko\Downloads\PoMiniGames\src\PoMiniGames.Client\obj\Debug\net10.0\compressed\dn9yq3n7ol-{0}-ujvbo6nowk-ujvbo6nowk.gz' 
[23:21:59 INF] HTTP GET /_framework/System.Security.Cryptography.Csp.ujvbo6nowk.wasm.gz responded 200 in 0.5875 ms 
[23:21:59 INF] Request finished HTTP/1.1 GET http://localhost:5000/_framework/System.Security.Cryptography.Csp.ujvbo6nowk.wasm.gz - 200 2356 application/wasm 0.8495ms 
[23:21:59 INF] Sending file. Request path: '/_framework/System.Security.Cryptography.OpenSsl.u2qntds71c.wasm.gz'. Physical path: 'C:\Users\punko\Downloads\PoMiniGames\src\PoMiniGames.Client\obj\Debug\net10.0\compressed\og7hno4iax-{0}-u2qntds71c-u2qntds71c.gz' 
[23:21:59 INF] HTTP GET /_framework/System.Security.Cryptography.OpenSsl.u2qntds71c.wasm.gz responded 200 in 0.3235 ms 
[23:21:59 INF] Request finished HTTP/1.1 GET http://localhost:5000/_framework/System.Security.Cryptography.OpenSsl.u2qntds71c.wasm.gz - 200 2231 application/wasm 0.4938ms 
[23:21:59 INF] Sending file. Request path: '/_framework/System.Private.CoreLib.9s549gpy7m.wasm.gz'. Physical path: 'C:\Users\punko\Downloads\PoMiniGames\src\PoMiniGames.Client\obj\Debug\net10.0\compressed\skspx8lfl8-{0}-9s549gpy7m-9s549gpy7m.gz' 
[23:21:59 INF] HTTP GET /_framework/System.Private.CoreLib.9s549gpy7m.wasm.gz responded 200 in 498.3038 ms 
[23:21:59 INF] Request finished HTTP/1.1 GET http://localhost:5000/_framework/System.Private.CoreLib.9s549gpy7m.wasm.gz - 200 1588491 application/wasm 498.6059ms 
[23:21:59 INF] Request starting HTTP/1.1 GET http://localhost:5000/_framework/System.Security.Cryptography.Primitives.ei71q5x4j1.wasm - null null 
[23:21:59 INF] Sending file. Request path: '/_framework/System.Security.Cryptography.Primitives.ei71q5x4j1.wasm.gz'. Physical path: 'C:\Users\punko\Downloads\PoMiniGames\src\PoMiniGames.Client\obj\Debug\net10.0\compressed\qmq7oiogkg-{0}-ei71q5x4j1-ei71q5x4j1.gz' 
[23:21:59 INF] HTTP GET /_framework/System.Security.Cryptography.Primitives.ei71q5x4j1.wasm.gz responded 200 in 0.7505 ms 
[23:21:59 INF] Request finished HTTP/1.1 GET http://localhost:5000/_framework/System.Security.Cryptography.Primitives.ei71q5x4j1.wasm.gz - 200 2352 application/wasm 0.972ms 
[23:21:59 INF] Request starting HTTP/1.1 GET http://localhost:5000/_framework/System.Security.Cryptography.X509Certificates.2spowjj5l2.wasm - null null 
[23:21:59 INF] Sending file. Request path: '/_framework/System.Security.Cryptography.X509Certificates.2spowjj5l2.wasm.gz'. Physical path: 'C:\Users\punko\Downloads\PoMiniGames\src\PoMiniGames.Client\obj\Debug\net10.0\compressed\t0x8g1lvwy-{0}-2spowjj5l2-2spowjj5l2.gz' 
[23:21:59 INF] HTTP GET /_framework/System.Security.Cryptography.X509Certificates.2spowjj5l2.wasm.gz responded 200 in 0.5247 ms 
[23:21:59 INF] Request finished HTTP/1.1 GET http://localhost:5000/_framework/System.Security.Cryptography.X509Certificates.2spowjj5l2.wasm.gz - 200 2691 application/wasm 0.782ms 
[23:21:59 INF] Request starting HTTP/1.1 GET http://localhost:5000/_framework/System.Security.Cryptography.na4q58ou4y.wasm - null null 
[23:21:59 INF] Request starting HTTP/1.1 GET http://localhost:5000/_framework/System.Security.Principal.Windows.w9a1l2myly.wasm - null null 
[23:21:59 INF] Sending file. Request path: '/_framework/System.Security.Principal.Windows.w9a1l2myly.wasm.gz'. Physical path: 'C:\Users\punko\Downloads\PoMiniGames\src\PoMiniGames.Client\obj\Debug\net10.0\compressed\4632nfru0h-{0}-w9a1l2myly-w9a1l2myly.gz' 
[23:21:59 INF] HTTP GET /_framework/System.Security.Principal.Windows.w9a1l2myly.wasm.gz responded 200 in 0.5866 ms 
[23:21:59 INF] Request finished HTTP/1.1 GET http://localhost:5000/_framework/System.Security.Principal.Windows.w9a1l2myly.wasm.gz - 200 11400 application/wasm 0.7423ms 
[23:21:59 INF] Request starting HTTP/1.1 GET http://localhost:5000/_framework/System.Security.Principal.bh1imzrvgv.wasm - null null 
[23:21:59 INF] Sending file. Request path: '/_framework/System.Security.Cryptography.na4q58ou4y.wasm.gz'. Physical path: 'C:\Users\punko\Downloads\PoMiniGames\src\PoMiniGames.Client\obj\Debug\net10.0\compressed\t3f4gbujn7-{0}-na4q58ou4y-na4q58ou4y.gz' 
[23:21:59 INF] HTTP GET /_framework/System.Security.Cryptography.na4q58ou4y.wasm.gz responded 200 in 3.2356 ms 
[23:21:59 INF] Request finished HTTP/1.1 GET http://localhost:5000/_framework/System.Security.Cryptography.na4q58ou4y.wasm.gz - 200 231396 application/wasm 3.4004ms 
[23:21:59 INF] Sending file. Request path: '/_framework/System.Security.Principal.bh1imzrvgv.wasm.gz'. Physical path: 'C:\Users\punko\Downloads\PoMiniGames\src\PoMiniGames.Client\obj\Debug\net10.0\compressed\41qee558tp-{0}-bh1imzrvgv-bh1imzrvgv.gz' 
[23:21:59 INF] HTTP GET /_framework/System.Security.Principal.bh1imzrvgv.wasm.gz responded 200 in 0.4713 ms 
[23:21:59 INF] Request finished HTTP/1.1 GET http://localhost:5000/_framework/System.Security.Principal.bh1imzrvgv.wasm.gz - 200 2180 application/wasm 0.6527ms 
[23:21:59 INF] Request starting HTTP/1.1 GET http://localhost:5000/_framework/System.Security.SecureString.x4k3li7xsu.wasm - null null 
[23:21:59 INF] Sending file. Request path: '/_framework/System.Security.SecureString.x4k3li7xsu.wasm.gz'. Physical path: 'C:\Users\punko\Downloads\PoMiniGames\src\PoMiniGames.Client\obj\Debug\net10.0\compressed\nt6vtdxalo-{0}-x4k3li7xsu-x4k3li7xsu.gz' 
[23:21:59 INF] HTTP GET /_framework/System.Security.SecureString.x4k3li7xsu.wasm.gz responded 200 in 0.3691 ms 
[23:21:59 INF] Request finished HTTP/1.1 GET http://localhost:5000/_framework/System.Security.SecureString.x4k3li7xsu.wasm.gz - 200 2208 application/wasm 0.496ms 
[23:21:59 INF] Request starting HTTP/1.1 GET http://localhost:5000/_framework/System.Security.xcu685weif.wasm - null null 
[23:21:59 INF] Sending file. Request path: '/_framework/System.Security.xcu685weif.wasm.gz'. Physical path: 'C:\Users\punko\Downloads\PoMiniGames\src\PoMiniGames.Client\obj\Debug\net10.0\compressed\l5g4ztsbf9-{0}-xcu685weif-xcu685weif.gz' 
[23:21:59 INF] HTTP GET /_framework/System.Security.xcu685weif.wasm.gz responded 200 in 0.4327 ms 
[23:21:59 INF] Request finished HTTP/1.1 GET http://localhost:5000/_framework/System.Security.xcu685weif.wasm.gz - 200 3008 application/wasm 0.7526ms 
[23:21:59 INF] Request starting HTTP/1.1 GET http://localhost:5000/_framework/System.ServiceModel.Web.bj3h2scdlc.wasm - null null 
[23:21:59 INF] Sending file. Request path: '/_framework/System.ServiceModel.Web.bj3h2scdlc.wasm.gz'. Physical path: 'C:\Users\punko\Downloads\PoMiniGames\src\PoMiniGames.Client\obj\Debug\net10.0\compressed\zkztbtz3jf-{0}-bj3h2scdlc-bj3h2scdlc.gz' 
[23:21:59 INF] HTTP GET /_framework/System.ServiceModel.Web.bj3h2scdlc.wasm.gz responded 200 in 0.5380 ms 
[23:21:59 INF] Request finished HTTP/1.1 GET http://localhost:5000/_framework/System.ServiceModel.Web.bj3h2scdlc.wasm.gz - 200 2564 application/wasm 0.8051ms 
[23:21:59 INF] Request starting HTTP/1.1 GET http://localhost:5000/_framework/System.ServiceProcess.5a1uwxr095.wasm - null null 
[23:21:59 INF] Sending file. Request path: '/_framework/System.ServiceProcess.5a1uwxr095.wasm.gz'. Physical path: 'C:\Users\punko\Downloads\PoMiniGames\src\PoMiniGames.Client\obj\Debug\net10.0\compressed\0suf182o8k-{0}-5a1uwxr095-5a1uwxr095.gz' 
[23:21:59 INF] HTTP GET /_framework/System.ServiceProcess.5a1uwxr095.wasm.gz responded 200 in 0.2592 ms 
[23:21:59 INF] Request finished HTTP/1.1 GET http://localhost:5000/_framework/System.ServiceProcess.5a1uwxr095.wasm.gz - 200 2318 application/wasm 0.3383ms 
[23:21:59 INF] Request starting HTTP/1.1 GET http://localhost:5000/_framework/System.Text.Encoding.CodePages.bxr2gc97io.wasm - null null 
[23:21:59 INF] Request starting HTTP/1.1 GET http://localhost:5000/_framework/System.Text.Encoding.Extensions.ar7spvhfea.wasm - null null 
[23:21:59 INF] Request starting HTTP/1.1 GET http://localhost:5000/_framework/System.Text.Encoding.z1tsijp8tc.wasm - null null 
[23:21:59 INF] Sending file. Request path: '/_framework/System.Text.Encoding.Extensions.ar7spvhfea.wasm.gz'. Physical path: 'C:\Users\punko\Downloads\PoMiniGames\src\PoMiniGames.Client\obj\Debug\net10.0\compressed\3c40cnphmm-{0}-ar7spvhfea-ar7spvhfea.gz' 
[23:21:59 INF] HTTP GET /_framework/System.Text.Encoding.Extensions.ar7spvhfea.wasm.gz responded 200 in 0.4945 ms 
[23:21:59 INF] Request finished HTTP/1.1 GET http://localhost:5000/_framework/System.Text.Encoding.Extensions.ar7spvhfea.wasm.gz - 200 2277 application/wasm 0.6544ms 
[23:21:59 INF] Sending file. Request path: '/_framework/System.Text.Encoding.z1tsijp8tc.wasm.gz'. Physical path: 'C:\Users\punko\Downloads\PoMiniGames\src\PoMiniGames.Client\obj\Debug\net10.0\compressed\faovm6hwap-{0}-z1tsijp8tc-z1tsijp8tc.gz' 
[23:21:59 INF] HTTP GET /_framework/System.Text.Encoding.z1tsijp8tc.wasm.gz responded 200 in 0.3885 ms 
[23:21:59 INF] Request finished HTTP/1.1 GET http://localhost:5000/_framework/System.Text.Encoding.z1tsijp8tc.wasm.gz - 200 2254 application/wasm 0.5162ms 
[23:21:59 INF] Request starting HTTP/1.1 GET http://localhost:5000/_framework/System.Text.Encodings.Web.ecvfozax9d.wasm - null null 
[23:21:59 INF] Sending file. Request path: '/_framework/System.Text.Encoding.CodePages.bxr2gc97io.wasm.gz'. Physical path: 'C:\Users\punko\Downloads\PoMiniGames\src\PoMiniGames.Client\obj\Debug\net10.0\compressed\pdkgf27qen-{0}-bxr2gc97io-bxr2gc97io.gz' 
[23:21:59 INF] HTTP GET /_framework/System.Text.Encoding.CodePages.bxr2gc97io.wasm.gz responded 200 in 5.2127 ms 
[23:21:59 INF] Request finished HTTP/1.1 GET http://localhost:5000/_framework/System.Text.Encoding.CodePages.bxr2gc97io.wasm.gz - 200 519252 application/wasm 5.342ms 
[23:21:59 INF] Sending file. Request path: '/_framework/System.Text.Encodings.Web.ecvfozax9d.wasm.gz'. Physical path: 'C:\Users\punko\Downloads\PoMiniGames\src\PoMiniGames.Client\obj\Debug\net10.0\compressed\v2pxn0assn-{0}-ecvfozax9d-ecvfozax9d.gz' 
[23:21:59 INF] Request starting HTTP/1.1 GET http://localhost:5000/_framework/System.Text.Json.t2y3tht3ok.wasm - null null 
[23:21:59 INF] HTTP GET /_framework/System.Text.Encodings.Web.ecvfozax9d.wasm.gz responded 200 in 0.4337 ms 
[23:21:59 INF] Request finished HTTP/1.1 GET http://localhost:5000/_framework/System.Text.Encodings.Web.ecvfozax9d.wasm.gz - 200 22586 application/wasm 0.5706ms 
[23:21:59 INF] Sending file. Request path: '/_framework/System.Text.Json.t2y3tht3ok.wasm.gz'. Physical path: 'C:\Users\punko\Downloads\PoMiniGames\src\PoMiniGames.Client\obj\Debug\net10.0\compressed\5ui2k7z5eq-{0}-t2y3tht3ok-t2y3tht3ok.gz' 
[23:21:59 INF] HTTP GET /_framework/System.Text.Json.t2y3tht3ok.wasm.gz responded 200 in 0.4921 ms 
[23:21:59 INF] Request finished HTTP/1.1 GET http://localhost:5000/_framework/System.Text.Json.t2y3tht3ok.wasm.gz - 200 232452 application/wasm 0.5984ms 
[23:21:59 INF] Request starting HTTP/1.1 GET http://localhost:5000/_framework/System.Text.RegularExpressions.qwxrrj2acp.wasm - null null 
[23:21:59 INF] Sending file. Request path: '/_framework/System.Text.RegularExpressions.qwxrrj2acp.wasm.gz'. Physical path: 'C:\Users\punko\Downloads\PoMiniGames\src\PoMiniGames.Client\obj\Debug\net10.0\compressed\504tubx8a3-{0}-qwxrrj2acp-qwxrrj2acp.gz' 
[23:21:59 INF] HTTP GET /_framework/System.Text.RegularExpressions.qwxrrj2acp.wasm.gz responded 200 in 0.5028 ms 
[23:21:59 INF] Request finished HTTP/1.1 GET http://localhost:5000/_framework/System.Text.RegularExpressions.qwxrrj2acp.wasm.gz - 200 162344 application/wasm 0.5933ms 
[23:21:59 INF] Request starting HTTP/1.1 GET http://localhost:5000/_framework/System.Threading.AccessControl.9ykh0d964r.wasm - null null 
[23:21:59 INF] Sending file. Request path: '/_framework/System.Threading.AccessControl.9ykh0d964r.wasm.gz'. Physical path: 'C:\Users\punko\Downloads\PoMiniGames\src\PoMiniGames.Client\obj\Debug\net10.0\compressed\k2unsc1e7u-{0}-9ykh0d964r-9ykh0d964r.gz' 
[23:21:59 INF] HTTP GET /_framework/System.Threading.AccessControl.9ykh0d964r.wasm.gz responded 200 in 0.5568 ms 
[23:21:59 INF] Request finished HTTP/1.1 GET http://localhost:5000/_framework/System.Threading.AccessControl.9ykh0d964r.wasm.gz - 200 8652 application/wasm 0.7763ms 
[23:21:59 INF] Request starting HTTP/1.1 GET http://localhost:5000/_framework/System.Threading.Channels.kqljytjj5u.wasm - null null 
[23:21:59 INF] Request starting HTTP/1.1 GET http://localhost:5000/_framework/System.Threading.Overlapped.aw0j9ufvn4.wasm - null null 
[23:21:59 INF] Sending file. Request path: '/_framework/System.Threading.Channels.kqljytjj5u.wasm.gz'. Physical path: 'C:\Users\punko\Downloads\PoMiniGames\src\PoMiniGames.Client\obj\Debug\net10.0\compressed\3tlxjhud24-{0}-kqljytjj5u-kqljytjj5u.gz' 
[23:21:59 INF] HTTP GET /_framework/System.Threading.Channels.kqljytjj5u.wasm.gz responded 200 in 0.4779 ms 
[23:21:59 INF] Sending file. Request path: '/_framework/System.Threading.Overlapped.aw0j9ufvn4.wasm.gz'. Physical path: 'C:\Users\punko\Downloads\PoMiniGames\src\PoMiniGames.Client\obj\Debug\net10.0\compressed\3tszvbz0db-{0}-aw0j9ufvn4-aw0j9ufvn4.gz' 
[23:21:59 INF] Request finished HTTP/1.1 GET http://localhost:5000/_framework/System.Threading.Channels.kqljytjj5u.wasm.gz - 200 24811 application/wasm 0.7052ms 
[23:21:59 INF] HTTP GET /_framework/System.Threading.Overlapped.aw0j9ufvn4.wasm.gz responded 200 in 0.3918 ms 
[23:21:59 INF] Request finished HTTP/1.1 GET http://localhost:5000/_framework/System.Threading.Overlapped.aw0j9ufvn4.wasm.gz - 200 2320 application/wasm 0.6272ms 
[23:21:59 INF] Request starting HTTP/1.1 GET http://localhost:5000/_framework/System.Threading.Tasks.Dataflow.gsdu90uund.wasm - null null 
[23:21:59 INF] Sending file. Request path: '/_framework/System.Threading.Tasks.Dataflow.gsdu90uund.wasm.gz'. Physical path: 'C:\Users\punko\Downloads\PoMiniGames\src\PoMiniGames.Client\obj\Debug\net10.0\compressed\cufb2anlzp-{0}-gsdu90uund-gsdu90uund.gz' 
[23:21:59 INF] HTTP GET /_framework/System.Threading.Tasks.Dataflow.gsdu90uund.wasm.gz responded 200 in 0.4837 ms 
[23:21:59 INF] Request finished HTTP/1.1 GET http://localhost:5000/_framework/System.Threading.Tasks.Dataflow.gsdu90uund.wasm.gz - 200 74117 application/wasm 0.6179ms 
[23:21:59 INF] Request starting HTTP/1.1 GET http://localhost:5000/_framework/System.Threading.Tasks.Extensions.bxz0ahfwn3.wasm - null null 
[23:21:59 INF] Request starting HTTP/1.1 GET http://localhost:5000/_framework/System.Threading.Tasks.Parallel.m6q3sy58px.wasm - null null 
[23:21:59 INF] Sending file. Request path: '/_framework/System.Threading.Tasks.Parallel.m6q3sy58px.wasm.gz'. Physical path: 'C:\Users\punko\Downloads\PoMiniGames\src\PoMiniGames.Client\obj\Debug\net10.0\compressed\ktsurp0kd7-{0}-m6q3sy58px-m6q3sy58px.gz' 
[23:21:59 INF] Sending file. Request path: '/_framework/System.Threading.Tasks.Extensions.bxz0ahfwn3.wasm.gz'. Physical path: 'C:\Users\punko\Downloads\PoMiniGames\src\PoMiniGames.Client\obj\Debug\net10.0\compressed\yna42b8md0-{0}-bxz0ahfwn3-bxz0ahfwn3.gz' 
[23:21:59 INF] HTTP GET /_framework/System.Threading.Tasks.Parallel.m6q3sy58px.wasm.gz responded 200 in 0.3131 ms 
[23:21:59 INF] HTTP GET /_framework/System.Threading.Tasks.Extensions.bxz0ahfwn3.wasm.gz responded 200 in 0.3619 ms 
[23:21:59 INF] Request finished HTTP/1.1 GET http://localhost:5000/_framework/System.Threading.Tasks.Parallel.m6q3sy58px.wasm.gz - 200 21553 application/wasm 0.4037ms 
[23:21:59 INF] Request finished HTTP/1.1 GET http://localhost:5000/_framework/System.Threading.Tasks.Extensions.bxz0ahfwn3.wasm.gz - 200 2317 application/wasm 0.4751ms 
[23:21:59 INF] Request starting HTTP/1.1 GET http://localhost:5000/_framework/System.Threading.Tasks.vr7balnlm6.wasm - null null 
[23:21:59 INF] Sending file. Request path: '/_framework/System.Threading.Tasks.vr7balnlm6.wasm.gz'. Physical path: 'C:\Users\punko\Downloads\PoMiniGames\src\PoMiniGames.Client\obj\Debug\net10.0\compressed\965wi67j63-{0}-vr7balnlm6-vr7balnlm6.gz' 
[23:21:59 INF] HTTP GET /_framework/System.Threading.Tasks.vr7balnlm6.wasm.gz responded 200 in 0.2961 ms 
[23:21:59 INF] Request finished HTTP/1.1 GET http://localhost:5000/_framework/System.Threading.Tasks.vr7balnlm6.wasm.gz - 200 2578 application/wasm 0.4244ms 
[23:21:59 INF] Request starting HTTP/1.1 GET http://localhost:5000/_framework/System.Threading.Thread.yoidgvo6hg.wasm - null null 
[23:21:59 INF] Request starting HTTP/1.1 GET http://localhost:5000/_framework/System.Threading.ThreadPool.ylzen93rxt.wasm - null null 
[23:21:59 INF] Request starting HTTP/1.1 GET http://localhost:5000/_framework/System.Threading.Timer.ai8c4yy4gy.wasm - null null 
[23:21:59 INF] Sending file. Request path: '/_framework/System.Threading.Thread.yoidgvo6hg.wasm.gz'. Physical path: 'C:\Users\punko\Downloads\PoMiniGames\src\PoMiniGames.Client\obj\Debug\net10.0\compressed\8rcb7dcbyk-{0}-yoidgvo6hg-yoidgvo6hg.gz' 
[23:21:59 INF] HTTP GET /_framework/System.Threading.Thread.yoidgvo6hg.wasm.gz responded 200 in 0.5331 ms 
[23:21:59 INF] Request finished HTTP/1.1 GET http://localhost:5000/_framework/System.Threading.Thread.yoidgvo6hg.wasm.gz - 200 2353 application/wasm 0.719ms 
[23:21:59 INF] Request starting HTTP/1.1 GET http://localhost:5000/_framework/System.Threading.7dgt1d3mf6.wasm - null null 
[23:21:59 INF] Sending file. Request path: '/_framework/System.Threading.Timer.ai8c4yy4gy.wasm.gz'. Physical path: 'C:\Users\punko\Downloads\PoMiniGames\src\PoMiniGames.Client\obj\Debug\net10.0\compressed\n39qbrk5oj-{0}-ai8c4yy4gy-ai8c4yy4gy.gz' 
[23:21:59 INF] Sending file. Request path: '/_framework/System.Threading.ThreadPool.ylzen93rxt.wasm.gz'. Physical path: 'C:\Users\punko\Downloads\PoMiniGames\src\PoMiniGames.Client\obj\Debug\net10.0\compressed\bya1bxm8a8-{0}-ylzen93rxt-ylzen93rxt.gz' 
[23:21:59 INF] HTTP GET /_framework/System.Threading.Timer.ai8c4yy4gy.wasm.gz responded 200 in 0.5726 ms 
[23:21:59 INF] HTTP GET /_framework/System.Threading.ThreadPool.ylzen93rxt.wasm.gz responded 200 in 0.7272 ms 
[23:21:59 INF] Request finished HTTP/1.1 GET http://localhost:5000/_framework/System.Threading.Timer.ai8c4yy4gy.wasm.gz - 200 2144 application/wasm 0.7923ms 
[23:21:59 INF] Request finished HTTP/1.1 GET http://localhost:5000/_framework/System.Threading.ThreadPool.ylzen93rxt.wasm.gz - 200 2277 application/wasm 0.9783ms 
[23:21:59 INF] Sending file. Request path: '/_framework/System.Threading.7dgt1d3mf6.wasm.gz'. Physical path: 'C:\Users\punko\Downloads\PoMiniGames\src\PoMiniGames.Client\obj\Debug\net10.0\compressed\8338g9gur3-{0}-7dgt1d3mf6-7dgt1d3mf6.gz' 
[23:21:59 INF] HTTP GET /_framework/System.Threading.7dgt1d3mf6.wasm.gz responded 200 in 0.4552 ms 
[23:21:59 INF] Request finished HTTP/1.1 GET http://localhost:5000/_framework/System.Threading.7dgt1d3mf6.wasm.gz - 200 14985 application/wasm 0.6345ms 
[23:21:59 INF] Request starting HTTP/1.1 GET http://localhost:5000/_framework/System.Transactions.Local.lzy5oi4lqx.wasm - null null 
[23:21:59 INF] Request starting HTTP/1.1 GET http://localhost:5000/_framework/System.Transactions.t2zd200496.wasm - null null 
[23:21:59 INF] Request starting HTTP/1.1 GET http://localhost:5000/_framework/System.Web.HttpUtility.6tp4nz4hbm.wasm - null null 
[23:21:59 INF] Sending file. Request path: '/_framework/System.Web.HttpUtility.6tp4nz4hbm.wasm.gz'. Physical path: 'C:\Users\punko\Downloads\PoMiniGames\src\PoMiniGames.Client\obj\Debug\net10.0\compressed\lx9dohrjns-{0}-6tp4nz4hbm-6tp4nz4hbm.gz' 
[23:21:59 INF] HTTP GET /_framework/System.Web.HttpUtility.6tp4nz4hbm.wasm.gz responded 200 in 2.0539 ms 
[23:21:59 INF] Request finished HTTP/1.1 GET http://localhost:5000/_framework/System.Web.HttpUtility.6tp4nz4hbm.wasm.gz - 200 9771 application/wasm 2.2431ms 
[23:21:59 INF] Sending file. Request path: '/_framework/System.Transactions.Local.lzy5oi4lqx.wasm.gz'. Physical path: 'C:\Users\punko\Downloads\PoMiniGames\src\PoMiniGames.Client\obj\Debug\net10.0\compressed\9hfzljok1j-{0}-lzy5oi4lqx-lzy5oi4lqx.gz' 
[23:21:59 INF] HTTP GET /_framework/System.Transactions.Local.lzy5oi4lqx.wasm.gz responded 200 in 2.9859 ms 
[23:21:59 INF] Request finished HTTP/1.1 GET http://localhost:5000/_framework/System.Transactions.Local.lzy5oi4lqx.wasm.gz - 200 52526 application/wasm 3.1442ms 
[23:21:59 INF] Request starting HTTP/1.1 GET http://localhost:5000/_framework/System.ValueTuple.7wn6he28cp.wasm - null null 
[23:21:59 INF] Sending file. Request path: '/_framework/System.Transactions.t2zd200496.wasm.gz'. Physical path: 'C:\Users\punko\Downloads\PoMiniGames\src\PoMiniGames.Client\obj\Debug\net10.0\compressed\t46d2zm5o0-{0}-t2zd200496-t2zd200496.gz' 
[23:21:59 INF] HTTP GET /_framework/System.Transactions.t2zd200496.wasm.gz responded 200 in 3.0813 ms 
[23:21:59 INF] Request finished HTTP/1.1 GET http://localhost:5000/_framework/System.Transactions.t2zd200496.wasm.gz - 200 2392 application/wasm 3.2601ms 
[23:21:59 INF] Sending file. Request path: '/_framework/System.ValueTuple.7wn6he28cp.wasm.gz'. Physical path: 'C:\Users\punko\Downloads\PoMiniGames\src\PoMiniGames.Client\obj\Debug\net10.0\compressed\1efygpna3d-{0}-7wn6he28cp-7wn6he28cp.gz' 
[23:21:59 INF] HTTP GET /_framework/System.ValueTuple.7wn6he28cp.wasm.gz responded 200 in 0.7005 ms 
[23:21:59 INF] Request finished HTTP/1.1 GET http://localhost:5000/_framework/System.ValueTuple.7wn6he28cp.wasm.gz - 200 2198 application/wasm 3.7455ms 
[23:21:59 INF] Request starting HTTP/1.1 GET http://localhost:5000/_framework/System.Web.ebdit25xqb.wasm - null null 
[23:21:59 INF] Request starting HTTP/1.1 GET http://localhost:5000/_framework/System.Windows.aq6lwwfr3z.wasm - null null 
[23:21:59 INF] Sending file. Request path: '/_framework/System.Web.ebdit25xqb.wasm.gz'. Physical path: 'C:\Users\punko\Downloads\PoMiniGames\src\PoMiniGames.Client\obj\Debug\net10.0\compressed\m4xllfdfe7-{0}-ebdit25xqb-ebdit25xqb.gz' 
[23:21:59 INF] Sending file. Request path: '/_framework/System.Windows.aq6lwwfr3z.wasm.gz'. Physical path: 'C:\Users\punko\Downloads\PoMiniGames\src\PoMiniGames.Client\obj\Debug\net10.0\compressed\jwvilqozww-{0}-aq6lwwfr3z-aq6lwwfr3z.gz' 
[23:21:59 INF] HTTP GET /_framework/System.Web.ebdit25xqb.wasm.gz responded 200 in 0.6551 ms 
[23:21:59 INF] HTTP GET /_framework/System.Windows.aq6lwwfr3z.wasm.gz responded 200 in 0.6114 ms 
[23:21:59 INF] Request finished HTTP/1.1 GET http://localhost:5000/_framework/System.Web.ebdit25xqb.wasm.gz - 200 2134 application/wasm 0.8468ms 
[23:21:59 INF] Request finished HTTP/1.1 GET http://localhost:5000/_framework/System.Windows.aq6lwwfr3z.wasm.gz - 200 2291 application/wasm 0.8393ms 
[23:21:59 INF] Request starting HTTP/1.1 GET http://localhost:5000/_framework/System.Xml.Linq.b7gdbqfifs.wasm - null null 
[23:21:59 INF] Sending file. Request path: '/_framework/System.Xml.Linq.b7gdbqfifs.wasm.gz'. Physical path: 'C:\Users\punko\Downloads\PoMiniGames\src\PoMiniGames.Client\obj\Debug\net10.0\compressed\yt4dg9o16r-{0}-b7gdbqfifs-b7gdbqfifs.gz' 
[23:21:59 INF] HTTP GET /_framework/System.Xml.Linq.b7gdbqfifs.wasm.gz responded 200 in 0.2196 ms 
[23:21:59 INF] Request finished HTTP/1.1 GET http://localhost:5000/_framework/System.Xml.Linq.b7gdbqfifs.wasm.gz - 200 2226 application/wasm 0.292ms 
[23:21:59 INF] Request starting HTTP/1.1 GET http://localhost:5000/_framework/System.Xml.ReaderWriter.y98l7nfpbl.wasm - null null 
[23:21:59 INF] Sending file. Request path: '/_framework/System.Xml.ReaderWriter.y98l7nfpbl.wasm.gz'. Physical path: 'C:\Users\punko\Downloads\PoMiniGames\src\PoMiniGames.Client\obj\Debug\net10.0\compressed\87br5zy6ma-{0}-y98l7nfpbl-y98l7nfpbl.gz' 
[23:21:59 INF] HTTP GET /_framework/System.Xml.ReaderWriter.y98l7nfpbl.wasm.gz responded 200 in 0.6232 ms 
[23:21:59 INF] Request finished HTTP/1.1 GET http://localhost:5000/_framework/System.Xml.ReaderWriter.y98l7nfpbl.wasm.gz - 200 4045 application/wasm 0.9086ms 
[23:21:59 INF] Request starting HTTP/1.1 GET http://localhost:5000/_framework/System.Xml.Serialization.7yexjpd5e3.wasm - null null 
[23:21:59 INF] Request starting HTTP/1.1 GET http://localhost:5000/_framework/System.Xml.XDocument.vg9k1j0zjc.wasm - null null 
[23:21:59 INF] Sending file. Request path: '/_framework/System.Xml.Serialization.7yexjpd5e3.wasm.gz'. Physical path: 'C:\Users\punko\Downloads\PoMiniGames\src\PoMiniGames.Client\obj\Debug\net10.0\compressed\3fkb4jvl72-{0}-7yexjpd5e3-7yexjpd5e3.gz' 
[23:21:59 INF] HTTP GET /_framework/System.Xml.Serialization.7yexjpd5e3.wasm.gz responded 200 in 0.6803 ms 
[23:21:59 INF] Request finished HTTP/1.1 GET http://localhost:5000/_framework/System.Xml.Serialization.7yexjpd5e3.wasm.gz - 200 2260 application/wasm 0.8525ms 
[23:21:59 INF] Request starting HTTP/1.1 GET http://localhost:5000/_framework/System.Xml.XPath.XDocument.kwdgho41kx.wasm - null null 
[23:21:59 INF] Sending file. Request path: '/_framework/System.Xml.XPath.XDocument.kwdgho41kx.wasm.gz'. Physical path: 'C:\Users\punko\Downloads\PoMiniGames\src\PoMiniGames.Client\obj\Debug\net10.0\compressed\awpm0ew11m-{0}-kwdgho41kx-kwdgho41kx.gz' 
[23:21:59 INF] Sending file. Request path: '/_framework/System.Xml.XDocument.vg9k1j0zjc.wasm.gz'. Physical path: 'C:\Users\punko\Downloads\PoMiniGames\src\PoMiniGames.Client\obj\Debug\net10.0\compressed\wtrvzod2ui-{0}-vg9k1j0zjc-vg9k1j0zjc.gz' 
[23:21:59 INF] HTTP GET /_framework/System.Xml.XPath.XDocument.kwdgho41kx.wasm.gz responded 200 in 0.7328 ms 
[23:21:59 INF] HTTP GET /_framework/System.Xml.XDocument.vg9k1j0zjc.wasm.gz responded 200 in 1.1073 ms 
[23:21:59 INF] Request finished HTTP/1.1 GET http://localhost:5000/_framework/System.Xml.XPath.XDocument.kwdgho41kx.wasm.gz - 200 2503 application/wasm 0.9068ms 
[23:21:59 INF] Request finished HTTP/1.1 GET http://localhost:5000/_framework/System.Xml.XDocument.vg9k1j0zjc.wasm.gz - 200 2412 application/wasm 1.8535ms 
[23:21:59 INF] Request starting HTTP/1.1 GET http://localhost:5000/_framework/System.Xml.XPath.b1ds872h3h.wasm - null null 
[23:21:59 INF] Sending file. Request path: '/_framework/System.Xml.XPath.b1ds872h3h.wasm.gz'. Physical path: 'C:\Users\punko\Downloads\PoMiniGames\src\PoMiniGames.Client\obj\Debug\net10.0\compressed\46gewpfyzg-{0}-b1ds872h3h-b1ds872h3h.gz' 
[23:21:59 INF] HTTP GET /_framework/System.Xml.XPath.b1ds872h3h.wasm.gz responded 200 in 5.6787 ms 
[23:21:59 INF] Request finished HTTP/1.1 GET http://localhost:5000/_framework/System.Xml.XPath.b1ds872h3h.wasm.gz - 200 2332 application/wasm 5.8382ms 
[23:21:59 INF] Request starting HTTP/1.1 GET http://localhost:5000/_framework/System.Xml.XmlDocument.7obbgjtztj.wasm - null null 
[23:21:59 INF] Sending file. Request path: '/_framework/System.Xml.XmlDocument.7obbgjtztj.wasm.gz'. Physical path: 'C:\Users\punko\Downloads\PoMiniGames\src\PoMiniGames.Client\obj\Debug\net10.0\compressed\8dx418wz5a-{0}-7obbgjtztj-7obbgjtztj.gz' 
[23:21:59 INF] HTTP GET /_framework/System.Xml.XmlDocument.7obbgjtztj.wasm.gz responded 200 in 0.7332 ms 
[23:21:59 INF] Request finished HTTP/1.1 GET http://localhost:5000/_framework/System.Xml.XmlDocument.7obbgjtztj.wasm.gz - 200 2372 application/wasm 0.9682ms 
[23:21:59 INF] Request starting HTTP/1.1 GET http://localhost:5000/_framework/System.Xml.XmlSerializer.vgjr3kbu2b.wasm - null null 
[23:21:59 INF] Request starting HTTP/1.1 GET http://localhost:5000/_framework/System.Xml.4dgsvowdwq.wasm - null null 
[23:21:59 INF] Sending file. Request path: '/_framework/System.Xml.4dgsvowdwq.wasm.gz'. Physical path: 'C:\Users\punko\Downloads\PoMiniGames\src\PoMiniGames.Client\obj\Debug\net10.0\compressed\ayulzbnb2w-{0}-4dgsvowdwq-4dgsvowdwq.gz' 
[23:21:59 INF] HTTP GET /_framework/System.Xml.4dgsvowdwq.wasm.gz responded 200 in 1.0383 ms 
[23:21:59 INF] Request finished HTTP/1.1 GET http://localhost:5000/_framework/System.Xml.4dgsvowdwq.wasm.gz - 200 4265 application/wasm 1.3257ms 
[23:21:59 INF] Sending file. Request path: '/_framework/System.Xml.XmlSerializer.vgjr3kbu2b.wasm.gz'. Physical path: 'C:\Users\punko\Downloads\PoMiniGames\src\PoMiniGames.Client\obj\Debug\net10.0\compressed\vaohknim1v-{0}-vgjr3kbu2b-vgjr3kbu2b.gz' 
[23:21:59 INF] HTTP GET /_framework/System.Xml.XmlSerializer.vgjr3kbu2b.wasm.gz responded 200 in 3.5890 ms 
[23:21:59 INF] Request finished HTTP/1.1 GET http://localhost:5000/_framework/System.Xml.XmlSerializer.vgjr3kbu2b.wasm.gz - 200 2884 application/wasm 3.6964ms 
[23:21:59 INF] Request starting HTTP/1.1 GET http://localhost:5000/_framework/System.bv0vfagjd5.wasm - null null 
[23:21:59 INF] Request starting HTTP/1.1 GET http://localhost:5000/_framework/WindowsBase.fin39dxgo4.wasm - null null 
[23:21:59 INF] Sending file. Request path: '/_framework/System.bv0vfagjd5.wasm.gz'. Physical path: 'C:\Users\punko\Downloads\PoMiniGames\src\PoMiniGames.Client\obj\Debug\net10.0\compressed\ov3mtxo2e2-{0}-bv0vfagjd5-bv0vfagjd5.gz' 
[23:21:59 INF] HTTP GET /_framework/System.bv0vfagjd5.wasm.gz responded 200 in 0.5746 ms 
[23:21:59 INF] Request finished HTTP/1.1 GET http://localhost:5000/_framework/System.bv0vfagjd5.wasm.gz - 200 11875 application/wasm 0.8191ms 
[23:21:59 INF] Sending file. Request path: '/_framework/WindowsBase.fin39dxgo4.wasm.gz'. Physical path: 'C:\Users\punko\Downloads\PoMiniGames\src\PoMiniGames.Client\obj\Debug\net10.0\compressed\j0grgor8fj-{0}-fin39dxgo4-fin39dxgo4.gz' 
[23:21:59 INF] HTTP GET /_framework/WindowsBase.fin39dxgo4.wasm.gz responded 200 in 0.4311 ms 
[23:21:59 INF] Request finished HTTP/1.1 GET http://localhost:5000/_framework/WindowsBase.fin39dxgo4.wasm.gz - 200 2533 application/wasm 0.6611ms 
[23:21:59 INF] Request starting HTTP/1.1 GET http://localhost:5000/_framework/mscorlib.83s5ln6r4i.wasm - null null 
[23:21:59 INF] Sending file. Request path: '/_framework/mscorlib.83s5ln6r4i.wasm.gz'. Physical path: 'C:\Users\punko\Downloads\PoMiniGames\src\PoMiniGames.Client\obj\Debug\net10.0\compressed\bcmqlvkcqy-{0}-83s5ln6r4i-83s5ln6r4i.gz' 
[23:21:59 INF] HTTP GET /_framework/mscorlib.83s5ln6r4i.wasm.gz responded 200 in 0.2614 ms 
[23:21:59 INF] Request finished HTTP/1.1 GET http://localhost:5000/_framework/mscorlib.83s5ln6r4i.wasm.gz - 200 14914 application/wasm 0.4887ms 
[23:21:59 INF] Request starting HTTP/1.1 GET http://localhost:5000/_framework/netstandard.qv9s71s9sf.wasm - null null 
[23:21:59 INF] Sending file. Request path: '/_framework/netstandard.qv9s71s9sf.wasm.gz'. Physical path: 'C:\Users\punko\Downloads\PoMiniGames\src\PoMiniGames.Client\obj\Debug\net10.0\compressed\8af2d2imh4-{0}-qv9s71s9sf-qv9s71s9sf.gz' 
[23:21:59 INF] HTTP GET /_framework/netstandard.qv9s71s9sf.wasm.gz responded 200 in 0.6518 ms 
[23:21:59 INF] Request finished HTTP/1.1 GET http://localhost:5000/_framework/netstandard.qv9s71s9sf.wasm.gz - 200 26253 application/wasm 0.8572ms 
[23:21:59 INF] Request starting HTTP/1.1 GET http://localhost:5000/_framework/PoMiniGames.Application.yhyllnrffn.wasm - null null 
[23:21:59 INF] Sending file. Request path: '/_framework/PoMiniGames.Application.yhyllnrffn.wasm.gz'. Physical path: 'C:\Users\punko\Downloads\PoMiniGames\src\PoMiniGames.Client\obj\Debug\net10.0\compressed\c8ot8206vs-{0}-yhyllnrffn-yhyllnrffn.gz' 
[23:21:59 INF] HTTP GET /_framework/PoMiniGames.Application.yhyllnrffn.wasm.gz responded 200 in 0.4221 ms 
[23:21:59 INF] Request finished HTTP/1.1 GET http://localhost:5000/_framework/PoMiniGames.Application.yhyllnrffn.wasm.gz - 200 25059 application/wasm 0.9498ms 
[23:21:59 INF] Request starting HTTP/1.1 GET http://localhost:5000/_framework/PoMiniGames.Domain.3zn9v1rd3x.wasm - null null 
[23:21:59 INF] Request starting HTTP/1.1 GET http://localhost:5000/_framework/PoShared.qd8a4dt64f.wasm - null null 
[23:21:59 INF] Sending file. Request path: '/_framework/PoMiniGames.Domain.3zn9v1rd3x.wasm.gz'. Physical path: 'C:\Users\punko\Downloads\PoMiniGames\src\PoMiniGames.Client\obj\Debug\net10.0\compressed\pk7sjepjud-{0}-3zn9v1rd3x-3zn9v1rd3x.gz' 
[23:21:59 INF] HTTP GET /_framework/PoMiniGames.Domain.3zn9v1rd3x.wasm.gz responded 200 in 0.7677 ms 
[23:21:59 INF] Sending file. Request path: '/_framework/PoShared.qd8a4dt64f.wasm.gz'. Physical path: 'C:\Users\punko\Downloads\PoMiniGames\src\PoMiniGames.Client\obj\Debug\net10.0\compressed\rm83p0ys4r-{0}-qd8a4dt64f-qd8a4dt64f.gz' 
[23:21:59 INF] HTTP GET /_framework/PoShared.qd8a4dt64f.wasm.gz responded 200 in 0.7580 ms 
[23:21:59 INF] Request starting HTTP/1.1 GET http://localhost:5000/_framework/Microsoft.DotNet.HotReload.WebAssembly.Browser.r0uvx0ebhi.wasm - null null 
[23:21:59 INF] Request finished HTTP/1.1 GET http://localhost:5000/_framework/PoShared.qd8a4dt64f.wasm.gz - 200 28924 application/wasm 1.0002ms 
[23:21:59 INF] Sending file. Request path: '/_framework/Microsoft.DotNet.HotReload.WebAssembly.Browser.r0uvx0ebhi.wasm.gz'. Physical path: 'C:\Users\punko\Downloads\PoMiniGames\src\PoMiniGames.Client\obj\Debug\net10.0\compressed\23z115zuab-{0}-r0uvx0ebhi-r0uvx0ebhi.gz' 
[23:21:59 INF] HTTP GET /_framework/Microsoft.DotNet.HotReload.WebAssembly.Browser.r0uvx0ebhi.wasm.gz responded 200 in 0.2962 ms 
[23:21:59 INF] Request finished HTTP/1.1 GET http://localhost:5000/_framework/Microsoft.DotNet.HotReload.WebAssembly.Browser.r0uvx0ebhi.wasm.gz - 200 25007 application/wasm 0.368ms 
[23:21:59 INF] Request finished HTTP/1.1 GET http://localhost:5000/_framework/PoMiniGames.Domain.3zn9v1rd3x.wasm.gz - 200 24195 application/wasm 1.0106ms 
[23:21:59 INF] Request starting HTTP/1.1 GET http://localhost:5000/_framework/PoMiniGamesClient.vin489qmil.wasm - null null 
[23:21:59 INF] Request starting HTTP/1.1 GET http://localhost:5000/_framework/icudt_EFIGS.tptq2av103.dat - null null 
[23:21:59 INF] Request starting HTTP/1.1 GET http://localhost:5000/appsettings.Development.json - null null 
[23:21:59 INF] Request starting HTTP/1.1 GET http://localhost:5000/appsettings.json - null null 
[23:21:59 INF] HTTP GET /appsettings.Development.json responded 200 in 0.4241 ms 
[23:21:59 INF] Request finished HTTP/1.1 GET http://localhost:5000/appsettings.Development.json - 200 null application/json 0.7263ms 
[23:21:59 INF] HTTP GET /appsettings.json responded 200 in 0.2411 ms 
[23:21:59 INF] Request finished HTTP/1.1 GET http://localhost:5000/appsettings.json - 200 null application/json 0.4056ms 
[23:21:59 INF] Sending file. Request path: '/_framework/icudt_EFIGS.tptq2av103.dat.gz'. Physical path: 'C:\Users\punko\Downloads\PoMiniGames\src\PoMiniGames.Client\obj\Debug\net10.0\compressed\nraizm5dvs-{0}-tptq2av103-tptq2av103.gz' 
[23:21:59 INF] HTTP GET /_framework/icudt_EFIGS.tptq2av103.dat.gz responded 200 in 1.4924 ms 
[23:21:59 INF] Request finished HTTP/1.1 GET http://localhost:5000/_framework/icudt_EFIGS.tptq2av103.dat.gz - 200 220093 application/octet-stream 1.7447ms 
[23:21:59 INF] Sending file. Request path: '/_framework/PoMiniGamesClient.vin489qmil.wasm.gz'. Physical path: 'C:\Users\punko\Downloads\PoMiniGames\src\PoMiniGames.Client\obj\Debug\net10.0\compressed\qxh48sp9j6-{0}-vin489qmil-vin489qmil.gz' 
[23:21:59 INF] HTTP GET /_framework/PoMiniGamesClient.vin489qmil.wasm.gz responded 200 in 10.4589 ms 
[23:21:59 INF] Request finished HTTP/1.1 GET http://localhost:5000/_framework/PoMiniGamesClient.vin489qmil.wasm.gz - 200 475302 application/wasm 10.6523ms 
[23:22:05 INF] Request starting HTTP/1.1 GET http://localhost:5000/api/auth/handshake - null null 
[23:22:05 INF] Executing endpoint 'HTTP: GET /api/auth/handshake' 
[23:22:05 INF] Setting HTTP status code 200. 
[23:22:05 INF] Writing value of type 'AuthHandshakeResponse' as Json. 
[23:22:05 INF] Executed endpoint 'HTTP: GET /api/auth/handshake' 
[23:22:05 INF] HTTP GET /api/auth/handshake responded 200 in 22.7296 ms 
[23:22:05 INF] Request finished HTTP/1.1 GET http://localhost:5000/api/auth/handshake - 200 null application/json; charset=utf-8 37.4185ms 
[23:22:05 INF] Request starting HTTP/1.1 POST http://localhost:5000/funquiz/gamehub/negotiate?negotiateVersion=1 - null 0 
[23:22:05 INF] Executing endpoint '/funquiz/gamehub/negotiate' 
[23:22:06 INF] Executed endpoint '/funquiz/gamehub/negotiate' 
[23:22:06 INF] HTTP POST /funquiz/gamehub/negotiate responded 200 in 6.2459 ms 
[23:22:06 INF] Request finished HTTP/1.1 POST http://localhost:5000/funquiz/gamehub/negotiate?negotiateVersion=1 - 200 null application/json 7.2939ms 
[23:22:06 INF] Request starting HTTP/1.1 GET http://localhost:5000/funquiz/gamehub?id=_FqCCRmuoUtmN6021joOew - null null 
[23:22:06 INF] Executing endpoint '/funquiz/gamehub' 
[23:22:06 INF] Request starting HTTP/1.1 POST http://localhost:5000/api/auth/dev-bypass?user=Bob - null 0 
[23:22:06 INF] Executing endpoint 'HTTP: POST /api/auth/dev-bypass' 
[23:22:06 INF] AuthenticationScheme: DevCookie signed in. 
[23:22:06 INF] Setting HTTP status code 200. 
[23:22:06 INF] Writing value of type 'AuthenticatedUserProfile' as Json. 
[23:22:06 INF] Executed endpoint 'HTTP: POST /api/auth/dev-bypass' 
[23:22:06 INF] HTTP POST /api/auth/dev-bypass responded 200 in 2.8746 ms 
[23:22:06 INF] Request finished HTTP/1.1 POST http://localhost:5000/api/auth/dev-bypass?user=Bob - 200 null application/json; charset=utf-8 3.487ms 
[23:22:06 INF] Request starting HTTP/1.1 GET http://localhost:5000/funquiz/multiplayer - null null 
[23:22:06 INF] Executing endpoint 'Fallback {*path:nonfile}' 
[23:22:06 INF] Sending file. Request path: '/index.html'. Physical path: 'C:\Users\punko\Downloads\PoMiniGames\src\PoMiniGames.Client\wwwroot\index.html' 
[23:22:06 INF] Executed endpoint 'Fallback {*path:nonfile}' 
[23:22:06 INF] HTTP GET /index.html responded 200 in 4.3889 ms 
[23:22:06 INF] Request finished HTTP/1.1 GET http://localhost:5000/index.html - 200 null text/html 4.832ms 
[23:22:06 INF] Request starting HTTP/1.1 GET http://localhost:5000/_framework/blazor.webassembly.js - null null 
[23:22:06 INF] Sending file. Request path: '/_framework/blazor.webassembly.js.gz'. Physical path: 'C:\Users\punko\Downloads\PoMiniGames\src\PoMiniGames.Client\obj\Debug\net10.0\compressed\xj6g04in47-{0}-zxhwjtv6sc-zxhwjtv6sc.gz' 
[23:22:06 INF] HTTP GET /_framework/blazor.webassembly.js.gz responded 200 in 1.8658 ms 
[23:22:06 INF] Request finished HTTP/1.1 GET http://localhost:5000/_framework/blazor.webassembly.js.gz - 200 18928 text/javascript 2.1117ms 
[23:22:06 INF] Request starting HTTP/1.1 GET http://localhost:5000/css/app.css - null null 
[23:22:06 INF] Sending file. Request path: '/css/app.css'. Physical path: 'C:\Users\punko\Downloads\PoMiniGames\src\PoMiniGames.Client\wwwroot\css\app.css' 
[23:22:06 INF] HTTP GET /css/app.css responded 200 in 0.5464 ms 
[23:22:06 INF] Request finished HTTP/1.1 GET http://localhost:5000/css/app.css - 200 null text/css 0.7139ms 
[23:22:06 INF] Request starting HTTP/1.1 GET http://localhost:5000/css/games.css - null null 
[23:22:06 INF] Request starting HTTP/1.1 GET http://localhost:5000/css/poclick.css - null null 
[23:22:06 INF] Sending file. Request path: '/css/poclick.css'. Physical path: 'C:\Users\punko\Downloads\PoMiniGames\src\PoMiniGames.Client\wwwroot\css\poclick.css' 
[23:22:06 INF] HTTP GET /css/poclick.css responded 200 in 0.3635 ms 
[23:22:06 INF] Sending file. Request path: '/css/games.css'. Physical path: 'C:\Users\punko\Downloads\PoMiniGames\src\PoMiniGames.Client\wwwroot\css\games.css' 
[23:22:06 INF] Request finished HTTP/1.1 GET http://localhost:5000/css/poclick.css - 200 null text/css 0.4659ms 
[23:22:06 INF] HTTP GET /css/games.css responded 200 in 0.4426 ms 
[23:22:06 INF] Request finished HTTP/1.1 GET http://localhost:5000/css/games.css - 200 null text/css 0.5893ms 
[23:22:06 INF] Request starting HTTP/1.1 GET http://localhost:5000/css/pojoker-theme.css - null null 
[23:22:06 INF] Request starting HTTP/1.1 GET http://localhost:5000/css/fight.css - null null 
[23:22:06 INF] Sending file. Request path: '/css/pojoker-theme.css'. Physical path: 'C:\Users\punko\Downloads\PoMiniGames\src\PoMiniGames.Client\wwwroot\css\pojoker-theme.css' 
[23:22:06 INF] HTTP GET /css/pojoker-theme.css responded 200 in 0.1824 ms 
[23:22:06 INF] Request finished HTTP/1.1 GET http://localhost:5000/css/pojoker-theme.css - 200 null text/css 0.2424ms 
[23:22:06 INF] Sending file. Request path: '/css/fight.css'. Physical path: 'C:\Users\punko\Downloads\PoMiniGames\src\PoMiniGames.Client\wwwroot\css\fight.css' 
[23:22:06 INF] HTTP GET /css/fight.css responded 200 in 0.2624 ms 
[23:22:06 INF] Request finished HTTP/1.1 GET http://localhost:5000/css/fight.css - 200 null text/css 0.3137ms 
[23:22:06 INF] Request starting HTTP/1.1 GET http://localhost:5000/PoMiniGamesClient.styles.css - null null 
[23:22:06 INF] Sending file. Request path: '/PoMiniGamesClient.styles.css'. Physical path: 'C:\Users\punko\Downloads\PoMiniGames\src\PoMiniGames.Client\obj\Debug\net10.0\scopedcss\bundle\PoMiniGamesClient.styles.css' 
[23:22:06 INF] HTTP GET /PoMiniGamesClient.styles.css responded 200 in 0.3855 ms 
[23:22:06 INF] Request finished HTTP/1.1 GET http://localhost:5000/PoMiniGamesClient.styles.css - 200 null text/css 0.4461ms 
[23:22:06 INF] Request starting HTTP/1.1 GET http://localhost:5000/js/poFunQuizSplitHotkeys.js - null null 
[23:22:06 INF] Sending file. Request path: '/js/poFunQuizSplitHotkeys.js'. Physical path: 'C:\Users\punko\Downloads\PoMiniGames\src\PoMiniGames.Client\wwwroot\js\poFunQuizSplitHotkeys.js' 
[23:22:06 INF] HTTP GET /js/poFunQuizSplitHotkeys.js responded 200 in 0.3459 ms 
[23:22:06 INF] Request finished HTTP/1.1 GET http://localhost:5000/js/poFunQuizSplitHotkeys.js - 200 null text/javascript 0.5209ms 
[23:22:06 INF] Request starting HTTP/1.1 GET http://localhost:5000/js/poauth.js - null null 
[23:22:06 INF] Request starting HTTP/1.1 GET http://localhost:5000/js/pojoker-speech-interop.js - null null 
[23:22:06 INF] Request starting HTTP/1.1 GET http://localhost:5000/js/pojoker-audio-interop.js - null null 
[23:22:06 INF] Sending file. Request path: '/js/poauth.js'. Physical path: 'C:\Users\punko\Downloads\PoMiniGames\src\PoMiniGames.Client\wwwroot\js\poauth.js' 
[23:22:06 INF] Sending file. Request path: '/js/pojoker-speech-interop.js'. Physical path: 'C:\Users\punko\Downloads\PoMiniGames\src\PoMiniGames.Client\wwwroot\js\pojoker-speech-interop.js' 
[23:22:06 INF] HTTP GET /js/poauth.js responded 200 in 0.5190 ms 
[23:22:06 INF] HTTP GET /js/pojoker-speech-interop.js responded 200 in 0.4135 ms 
[23:22:06 INF] Request finished HTTP/1.1 GET http://localhost:5000/js/poauth.js - 200 null text/javascript 0.7737ms 
[23:22:06 INF] Request finished HTTP/1.1 GET http://localhost:5000/js/pojoker-speech-interop.js - 200 null text/javascript 0.7362ms 
[23:22:06 INF] Sending file. Request path: '/js/pojoker-audio-interop.js'. Physical path: 'C:\Users\punko\Downloads\PoMiniGames\src\PoMiniGames.Client\wwwroot\js\pojoker-audio-interop.js' 
[23:22:06 INF] Request starting HTTP/1.1 GET http://localhost:5000/js/marblerace/index.js - null null 
[23:22:06 INF] Request starting HTTP/1.1 GET http://localhost:5000/js/pobrawl/index.js - null null 
[23:22:06 INF] Sending file. Request path: '/js/marblerace/index.js'. Physical path: 'C:\Users\punko\Downloads\PoMiniGames\src\PoMiniGames.Client\wwwroot\js\marblerace\index.js' 
[23:22:06 INF] HTTP GET /js/marblerace/index.js responded 200 in 0.1795 ms 
[23:22:06 INF] Request finished HTTP/1.1 GET http://localhost:5000/js/marblerace/index.js - 200 null text/javascript 0.2918ms 
[23:22:06 INF] Sending file. Request path: '/js/pobrawl/index.js'. Physical path: 'C:\Users\punko\Downloads\PoMiniGames\src\PoMiniGames.Client\wwwroot\js\pobrawl\index.js' 
[23:22:06 INF] HTTP GET /js/pojoker-audio-interop.js responded 200 in 0.4897 ms 
[23:22:06 INF] HTTP GET /js/pobrawl/index.js responded 200 in 0.1533 ms 
[23:22:06 INF] Request finished HTTP/1.1 GET http://localhost:5000/js/pojoker-audio-interop.js - 200 null text/javascript 0.9691ms 
[23:22:06 INF] Request finished HTTP/1.1 GET http://localhost:5000/js/pobrawl/index.js - 200 null text/javascript 0.3531ms 
[23:22:06 INF] Request starting HTTP/1.1 GET http://localhost:5000/js/audio.js - null null 
[23:22:06 INF] Sending file. Request path: '/js/audio.js'. Physical path: 'C:\Users\punko\Downloads\PoMiniGames\src\PoMiniGames.Client\wwwroot\js\audio.js' 
[23:22:06 INF] HTTP GET /js/audio.js responded 200 in 0.2019 ms 
[23:22:06 INF] Request finished HTTP/1.1 GET http://localhost:5000/js/audio.js - 200 null text/javascript 0.3033ms 
[23:22:06 INF] Request starting HTTP/1.1 GET http://localhost:5000/js/racingInterop.js - null null 
[23:22:06 INF] Request starting HTTP/1.1 GET http://localhost:5000/js/posurvive/theme.js - null null 
[23:22:06 INF] Request starting HTTP/1.1 GET http://localhost:5000/js/posurvive/uiHelpers.js - null null 
[23:22:06 INF] Sending file. Request path: '/js/posurvive/theme.js'. Physical path: 'C:\Users\punko\Downloads\PoMiniGames\src\PoMiniGames.Client\wwwroot\js\posurvive\theme.js' 
[23:22:06 INF] HTTP GET /js/posurvive/theme.js responded 200 in 0.1130 ms 
[23:22:06 INF] Sending file. Request path: '/js/racingInterop.js'. Physical path: 'C:\Users\punko\Downloads\PoMiniGames\src\PoMiniGames.Client\wwwroot\js\racingInterop.js' 
[23:22:06 INF] Request finished HTTP/1.1 GET http://localhost:5000/js/posurvive/theme.js - 200 null text/javascript 0.1651ms 
[23:22:06 INF] HTTP GET /js/racingInterop.js responded 200 in 0.2025 ms 
[23:22:06 INF] Request finished HTTP/1.1 GET http://localhost:5000/js/racingInterop.js - 200 null text/javascript 0.2627ms 
[23:22:06 INF] Sending file. Request path: '/js/posurvive/uiHelpers.js'. Physical path: 'C:\Users\punko\Downloads\PoMiniGames\src\PoMiniGames.Client\wwwroot\js\posurvive\uiHelpers.js' 
[23:22:06 INF] HTTP GET /js/posurvive/uiHelpers.js responded 200 in 0.1752 ms 
[23:22:06 INF] Request finished HTTP/1.1 GET http://localhost:5000/js/posurvive/uiHelpers.js - 200 null text/javascript 0.2289ms 
[23:22:06 INF] Request starting HTTP/1.1 GET http://localhost:5000/js/posurvive/gpuProbe.js - null null 
[23:22:06 INF] Sending file. Request path: '/js/posurvive/gpuProbe.js'. Physical path: 'C:\Users\punko\Downloads\PoMiniGames\src\PoMiniGames.Client\wwwroot\js\posurvive\gpuProbe.js' 
[23:22:06 INF] Request starting HTTP/1.1 GET http://localhost:5000/js/posurvive/indexedDbStore.js - null null 
[23:22:06 INF] HTTP GET /js/posurvive/gpuProbe.js responded 200 in 0.3366 ms 
[23:22:06 INF] Request finished HTTP/1.1 GET http://localhost:5000/js/posurvive/gpuProbe.js - 200 null text/javascript 0.5035ms 
[23:22:06 INF] Sending file. Request path: '/js/posurvive/indexedDbStore.js'. Physical path: 'C:\Users\punko\Downloads\PoMiniGames\src\PoMiniGames.Client\wwwroot\js\posurvive\indexedDbStore.js' 
[23:22:06 INF] HTTP GET /js/posurvive/indexedDbStore.js responded 200 in 0.1101 ms 
[23:22:06 INF] Request finished HTTP/1.1 GET http://localhost:5000/js/posurvive/indexedDbStore.js - 200 null text/javascript 0.1552ms 
[23:22:06 INF] Request starting HTTP/1.1 GET http://localhost:5000/js/posurvive/inferenceWorkerBridge.js - null null 
[23:22:06 INF] Request starting HTTP/1.1 GET http://localhost:5000/js/gl-fps.js - null null 
[23:22:06 INF] Sending file. Request path: '/js/posurvive/inferenceWorkerBridge.js'. Physical path: 'C:\Users\punko\Downloads\PoMiniGames\src\PoMiniGames.Client\wwwroot\js\posurvive\inferenceWorkerBridge.js' 
[23:22:06 INF] HTTP GET /js/posurvive/inferenceWorkerBridge.js responded 200 in 0.4393 ms 
[23:22:06 INF] Sending file. Request path: '/js/gl-fps.js'. Physical path: 'C:\Users\punko\Downloads\PoMiniGames\src\PoMiniGames.Client\wwwroot\js\gl-fps.js' 
[23:22:06 INF] Request finished HTTP/1.1 GET http://localhost:5000/js/posurvive/inferenceWorkerBridge.js - 200 null text/javascript 0.5801ms 
[23:22:06 INF] HTTP GET /js/gl-fps.js responded 200 in 0.3748 ms 
[23:22:06 INF] Request finished HTTP/1.1 GET http://localhost:5000/js/gl-fps.js - 200 null text/javascript 0.528ms 
[23:22:07 INF] Request starting HTTP/1.1 GET http://localhost:5000/scripts/app.js - null null 
[23:22:07 INF] Sending file. Request path: '/scripts/app.js'. Physical path: 'C:\Users\punko\Downloads\PoMiniGames\src\PoMiniGames.Client\wwwroot\scripts\app.js' 
[23:22:07 INF] HTTP GET /scripts/app.js responded 200 in 0.8391 ms 
[23:22:07 INF] Request finished HTTP/1.1 GET http://localhost:5000/scripts/app.js - 200 null text/javascript 1.2958ms 
[23:22:07 INF] Request starting HTTP/1.1 GET http://localhost:5000/js/uiFeedback.js - null null 
[23:22:07 INF] Request starting HTTP/1.1 GET http://localhost:5000/js/webcam.js - null null 
[23:22:07 INF] Sending file. Request path: '/js/webcam.js'. Physical path: 'C:\Users\punko\Downloads\PoMiniGames\src\PoMiniGames.Client\wwwroot\js\webcam.js' 
[23:22:07 INF] Sending file. Request path: '/js/uiFeedback.js'. Physical path: 'C:\Users\punko\Downloads\PoMiniGames\src\PoMiniGames.Client\wwwroot\js\uiFeedback.js' 
[23:22:07 INF] HTTP GET /js/webcam.js responded 200 in 0.4733 ms 
[23:22:07 INF] Request finished HTTP/1.1 GET http://localhost:5000/js/webcam.js - 200 null text/javascript 1.6869ms 
[23:22:07 INF] HTTP GET /js/uiFeedback.js responded 200 in 2.8583 ms 
[23:22:07 INF] Request finished HTTP/1.1 GET http://localhost:5000/js/uiFeedback.js - 200 null text/javascript 3.2209ms 
[23:22:07 INF] Request starting HTTP/1.1 GET http://localhost:5000/js/appErrorBoundary.js - null null 
[23:22:07 INF] Request starting HTTP/1.1 GET http://localhost:5000/js/posurvive/audioEngine.js - null null 
[23:22:07 INF] Request starting HTTP/1.1 GET http://localhost:5000/_framework/blazor.webassembly.js - null null 
[23:22:07 INF] Sending file. Request path: '/_framework/blazor.webassembly.js.gz'. Physical path: 'C:\Users\punko\Downloads\PoMiniGames\src\PoMiniGames.Client\obj\Debug\net10.0\compressed\xj6g04in47-{0}-zxhwjtv6sc-zxhwjtv6sc.gz' 
[23:22:07 INF] Sending file. Request path: '/js/posurvive/audioEngine.js'. Physical path: 'C:\Users\punko\Downloads\PoMiniGames\src\PoMiniGames.Client\wwwroot\js\posurvive\audioEngine.js' 
[23:22:07 INF] HTTP GET /_framework/blazor.webassembly.js.gz responded 200 in 0.7999 ms 
[23:22:07 INF] Request finished HTTP/1.1 GET http://localhost:5000/_framework/blazor.webassembly.js.gz - 200 18928 text/javascript 0.9266ms 
[23:22:07 INF] Sending file. Request path: '/js/appErrorBoundary.js'. Physical path: 'C:\Users\punko\Downloads\PoMiniGames\src\PoMiniGames.Client\wwwroot\js\appErrorBoundary.js' 
[23:22:07 INF] HTTP GET /js/appErrorBoundary.js responded 200 in 15.7058 ms 
[23:22:07 INF] Request finished HTTP/1.1 GET http://localhost:5000/js/appErrorBoundary.js - 200 null text/javascript 15.9305ms 
[23:22:07 INF] HTTP GET /js/posurvive/audioEngine.js responded 200 in 0.8564 ms 
[23:22:07 INF] Request finished HTTP/1.1 GET http://localhost:5000/js/posurvive/audioEngine.js - 200 null text/javascript 3.0167ms 
[23:22:07 INF] Request starting HTTP/1.1 GET http://localhost:5000/_framework/dotnet.js - null null 
[23:22:07 INF] Sending file. Request path: '/_framework/dotnet.js.gz'. Physical path: 'C:\Users\punko\Downloads\PoMiniGames\src\PoMiniGames.Client\obj\Debug\net10.0\compressed\sjev88wts5-{0}-mzl1kt96fv-mzl1kt96fv.gz' 
[23:22:07 INF] HTTP GET /_framework/dotnet.js.gz responded 200 in 1.0544 ms 
[23:22:07 INF] Request finished HTTP/1.1 GET http://localhost:5000/_framework/dotnet.js.gz - 200 26146 text/javascript 1.408ms 
[23:22:07 INF] Request starting HTTP/1.1 GET http://localhost:5000/js/marblerace/game.js - null null 
[23:22:07 INF] Sending file. Request path: '/js/marblerace/game.js'. Physical path: 'C:\Users\punko\Downloads\PoMiniGames\src\PoMiniGames.Client\wwwroot\js\marblerace\game.js' 
[23:22:07 INF] HTTP GET /js/marblerace/game.js responded 200 in 0.5726 ms 
[23:22:07 INF] Request finished HTTP/1.1 GET http://localhost:5000/js/marblerace/game.js - 200 null text/javascript 0.7275ms 
[23:22:07 INF] Request starting HTTP/1.1 GET http://localhost:5000/js/pobrawl/game.js - null null 
[23:22:07 INF] Sending file. Request path: '/js/pobrawl/game.js'. Physical path: 'C:\Users\punko\Downloads\PoMiniGames\src\PoMiniGames.Client\wwwroot\js\pobrawl\game.js' 
[23:22:07 INF] HTTP GET /js/pobrawl/game.js responded 200 in 0.8314 ms 
[23:22:07 INF] Request finished HTTP/1.1 GET http://localhost:5000/js/pobrawl/game.js - 200 null text/javascript 1.6773ms 
[23:22:07 INF] Request starting HTTP/1.1 GET http://localhost:5000/_framework/Microsoft.DotNet.HotReload.WebAssembly.Browser.99zm1jdh75.lib.module.js - null null 
[23:22:07 INF] Sending file. Request path: '/_framework/Microsoft.DotNet.HotReload.WebAssembly.Browser.99zm1jdh75.lib.module.js.gz'. Physical path: 'C:\Users\punko\Downloads\PoMiniGames\src\PoMiniGames.Client\obj\Debug\net10.0\compressed\qr39cm30uc-{0}-99zm1jdh75-99zm1jdh75.gz' 
[23:22:07 INF] HTTP GET /_framework/Microsoft.DotNet.HotReload.WebAssembly.Browser.99zm1jdh75.lib.module.js.gz responded 200 in 0.4675 ms 
[23:22:07 INF] Request finished HTTP/1.1 GET http://localhost:5000/_framework/Microsoft.DotNet.HotReload.WebAssembly.Browser.99zm1jdh75.lib.module.js.gz - 200 695 text/javascript 0.6365ms 
[23:22:07 INF] Request starting HTTP/1.1 GET http://localhost:5000/js/marblerace/scene.js - null null 
[23:22:07 INF] Sending file. Request path: '/js/marblerace/scene.js'. Physical path: 'C:\Users\punko\Downloads\PoMiniGames\src\PoMiniGames.Client\wwwroot\js\marblerace\scene.js' 
[23:22:07 INF] HTTP GET /js/marblerace/scene.js responded 200 in 0.3647 ms 
[23:22:07 INF] Request finished HTTP/1.1 GET http://localhost:5000/js/marblerace/scene.js - 200 null text/javascript 0.5029ms 
[23:22:07 INF] Request starting HTTP/1.1 GET http://localhost:5000/js/marblerace/physics.js - null null 
[23:22:07 INF] Sending file. Request path: '/js/marblerace/physics.js'. Physical path: 'C:\Users\punko\Downloads\PoMiniGames\src\PoMiniGames.Client\wwwroot\js\marblerace\physics.js' 
[23:22:07 INF] HTTP GET /js/marblerace/physics.js responded 200 in 0.7872 ms 
[23:22:07 INF] Request finished HTTP/1.1 GET http://localhost:5000/js/marblerace/physics.js - 200 null text/javascript 0.952ms 
[23:22:07 INF] Request starting HTTP/1.1 GET http://localhost:5000/js/marblerace/track.js - null null 
[23:22:07 INF] Sending file. Request path: '/js/marblerace/track.js'. Physical path: 'C:\Users\punko\Downloads\PoMiniGames\src\PoMiniGames.Client\wwwroot\js\marblerace\track.js' 
[23:22:07 INF] HTTP GET /js/marblerace/track.js responded 200 in 0.5058 ms 
[23:22:07 INF] Request finished HTTP/1.1 GET http://localhost:5000/js/marblerace/track.js - 200 null text/javascript 0.6093ms 
[23:22:07 INF] Request starting HTTP/1.1 GET http://localhost:5000/js/marblerace/marbles.js - null null 
[23:22:07 INF] Sending file. Request path: '/js/marblerace/marbles.js'. Physical path: 'C:\Users\punko\Downloads\PoMiniGames\src\PoMiniGames.Client\wwwroot\js\marblerace\marbles.js' 
[23:22:07 INF] HTTP GET /js/marblerace/marbles.js responded 200 in 0.8948 ms 
[23:22:07 INF] Request finished HTTP/1.1 GET http://localhost:5000/js/marblerace/marbles.js - 200 null text/javascript 1.031ms 
[23:22:07 INF] Request starting HTTP/1.1 GET http://localhost:5000/js/marblerace/audio.js - null null 
[23:22:07 INF] Sending file. Request path: '/js/marblerace/audio.js'. Physical path: 'C:\Users\punko\Downloads\PoMiniGames\src\PoMiniGames.Client\wwwroot\js\marblerace\audio.js' 
[23:22:07 INF] HTTP GET /js/marblerace/audio.js responded 200 in 0.5882 ms 
[23:22:07 INF] Request finished HTTP/1.1 GET http://localhost:5000/js/marblerace/audio.js - 200 null text/javascript 0.724ms 
[23:22:07 INF] Request starting HTTP/1.1 GET http://localhost:5000/js/pobrawl/arena.js - null null 
[23:22:07 INF] Sending file. Request path: '/js/pobrawl/arena.js'. Physical path: 'C:\Users\punko\Downloads\PoMiniGames\src\PoMiniGames.Client\wwwroot\js\pobrawl\arena.js' 
[23:22:07 INF] HTTP GET /js/pobrawl/arena.js responded 200 in 0.5136 ms 
[23:22:07 INF] Request finished HTTP/1.1 GET http://localhost:5000/js/pobrawl/arena.js - 200 null text/javascript 0.7482ms 
[23:22:07 INF] Request starting HTTP/1.1 GET http://localhost:5000/js/pobrawl/fighters.js - null null 
[23:22:07 INF] Sending file. Request path: '/js/pobrawl/fighters.js'. Physical path: 'C:\Users\punko\Downloads\PoMiniGames\src\PoMiniGames.Client\wwwroot\js\pobrawl\fighters.js' 
[23:22:07 INF] HTTP GET /js/pobrawl/fighters.js responded 200 in 0.3867 ms 
[23:22:07 INF] Request finished HTTP/1.1 GET http://localhost:5000/js/pobrawl/fighters.js - 200 null text/javascript 0.5671ms 
[23:22:07 INF] Request starting HTTP/1.1 GET http://localhost:5000/js/pobrawl/animation.js - null null 
[23:22:07 INF] Sending file. Request path: '/js/pobrawl/animation.js'. Physical path: 'C:\Users\punko\Downloads\PoMiniGames\src\PoMiniGames.Client\wwwroot\js\pobrawl\animation.js' 
[23:22:07 INF] Request starting HTTP/1.1 GET http://localhost:5000/js/pobrawl/input.js - null null 
[23:22:07 INF] HTTP GET /js/pobrawl/animation.js responded 200 in 0.2643 ms 
[23:22:07 INF] Request finished HTTP/1.1 GET http://localhost:5000/js/pobrawl/animation.js - 200 null text/javascript 0.4173ms 
[23:22:07 INF] Request starting HTTP/1.1 GET http://localhost:5000/js/pobrawl/ai.js - null null 
[23:22:07 INF] Sending file. Request path: '/js/pobrawl/input.js'. Physical path: 'C:\Users\punko\Downloads\PoMiniGames\src\PoMiniGames.Client\wwwroot\js\pobrawl\input.js' 
[23:22:07 INF] HTTP GET /js/pobrawl/input.js responded 200 in 0.2643 ms 
[23:22:07 INF] Request finished HTTP/1.1 GET http://localhost:5000/js/pobrawl/input.js - 200 null text/javascript 0.3764ms 
[23:22:07 INF] Sending file. Request path: '/js/pobrawl/ai.js'. Physical path: 'C:\Users\punko\Downloads\PoMiniGames\src\PoMiniGames.Client\wwwroot\js\pobrawl\ai.js' 
[23:22:07 INF] HTTP GET /js/pobrawl/ai.js responded 200 in 0.3396 ms 
[23:22:07 INF] Request finished HTTP/1.1 GET http://localhost:5000/js/pobrawl/ai.js - 200 null text/javascript 0.4662ms 
[23:22:07 INF] Request starting HTTP/1.1 GET http://localhost:5000/js/pobrawl/rng.js - null null 
[23:22:07 INF] Sending file. Request path: '/js/pobrawl/rng.js'. Physical path: 'C:\Users\punko\Downloads\PoMiniGames\src\PoMiniGames.Client\wwwroot\js\pobrawl\rng.js' 
[23:22:07 INF] HTTP GET /js/pobrawl/rng.js responded 200 in 0.3053 ms 
[23:22:07 INF] Request finished HTTP/1.1 GET http://localhost:5000/js/pobrawl/rng.js - 200 null text/javascript 0.4431ms 
[23:22:07 INF] Request starting HTTP/1.1 GET http://localhost:5000/js/pobrawl/combat.js - null null 
[23:22:07 INF] Request starting HTTP/1.1 GET http://localhost:5000/js/pobrawl/audio.js - null null 
[23:22:07 INF] Sending file. Request path: '/js/pobrawl/combat.js'. Physical path: 'C:\Users\punko\Downloads\PoMiniGames\src\PoMiniGames.Client\wwwroot\js\pobrawl\combat.js' 
[23:22:07 INF] HTTP GET /js/pobrawl/combat.js responded 200 in 2.5358 ms 
[23:22:07 INF] Request finished HTTP/1.1 GET http://localhost:5000/js/pobrawl/combat.js - 200 null text/javascript 2.7543ms 
[23:22:07 INF] Request starting HTTP/1.1 GET http://localhost:5000/js/pobrawl/replay.js - null null 
[23:22:07 INF] Request starting HTTP/1.1 GET http://localhost:5000/js/pobrawl/ragdoll.js - null null 
[23:22:07 INF] Sending file. Request path: '/js/pobrawl/audio.js'. Physical path: 'C:\Users\punko\Downloads\PoMiniGames\src\PoMiniGames.Client\wwwroot\js\pobrawl\audio.js' 
[23:22:07 INF] HTTP GET /js/pobrawl/audio.js responded 200 in 0.5715 ms 
[23:22:07 INF] Request finished HTTP/1.1 GET http://localhost:5000/js/pobrawl/audio.js - 200 null text/javascript 0.7626ms 
[23:22:07 INF] Request starting HTTP/1.1 GET http://localhost:5000/js/pobrawl/ragdoll-physics.js - null null 
[23:22:07 INF] Sending file. Request path: '/js/pobrawl/replay.js'. Physical path: 'C:\Users\punko\Downloads\PoMiniGames\src\PoMiniGames.Client\wwwroot\js\pobrawl\replay.js' 
[23:22:07 INF] Request starting HTTP/1.1 GET http://localhost:5000/js/pobrawl/hitboxes.js - null null 
[23:22:07 INF] HTTP GET /js/pobrawl/replay.js responded 200 in 0.4436 ms 
[23:22:07 INF] Request finished HTTP/1.1 GET http://localhost:5000/js/pobrawl/replay.js - 200 null text/javascript 0.5807ms 
[23:22:07 INF] Sending file. Request path: '/js/pobrawl/ragdoll-physics.js'. Physical path: 'C:\Users\punko\Downloads\PoMiniGames\src\PoMiniGames.Client\wwwroot\js\pobrawl\ragdoll-physics.js' 
[23:22:07 INF] Sending file. Request path: '/js/pobrawl/hitboxes.js'. Physical path: 'C:\Users\punko\Downloads\PoMiniGames\src\PoMiniGames.Client\wwwroot\js\pobrawl\hitboxes.js' 
[23:22:07 INF] HTTP GET /js/pobrawl/hitboxes.js responded 200 in 0.3426 ms 
[23:22:07 INF] Request finished HTTP/1.1 GET http://localhost:5000/js/pobrawl/hitboxes.js - 200 null text/javascript 0.46ms 
[23:22:07 INF] HTTP GET /js/pobrawl/ragdoll-physics.js responded 200 in 0.2996 ms 
[23:22:07 INF] Request finished HTTP/1.1 GET http://localhost:5000/js/pobrawl/ragdoll-physics.js - 200 null text/javascript 0.7243ms 
[23:22:07 INF] Sending file. Request path: '/js/pobrawl/ragdoll.js'. Physical path: 'C:\Users\punko\Downloads\PoMiniGames\src\PoMiniGames.Client\wwwroot\js\pobrawl\ragdoll.js' 
[23:22:07 INF] HTTP GET /js/pobrawl/ragdoll.js responded 200 in 1.3440 ms 
[23:22:07 INF] Request finished HTTP/1.1 GET http://localhost:5000/js/pobrawl/ragdoll.js - 200 null text/javascript 1.5142ms 
[23:22:07 INF] Request starting HTTP/1.1 GET http://localhost:5000/js/pobrawl/physics.js - null null 
[23:22:07 INF] Sending file. Request path: '/js/pobrawl/physics.js'. Physical path: 'C:\Users\punko\Downloads\PoMiniGames\src\PoMiniGames.Client\wwwroot\js\pobrawl\physics.js' 
[23:22:07 INF] HTTP GET /js/pobrawl/physics.js responded 200 in 0.2396 ms 
[23:22:07 INF] Request finished HTTP/1.1 GET http://localhost:5000/js/pobrawl/physics.js - 200 null text/javascript 0.729ms 
[23:22:07 INF] Request starting HTTP/1.1 GET http://localhost:5000/_framework/dotnet.runtime.a6jcqbs390.js - null null 
[23:22:07 INF] Request starting HTTP/1.1 GET http://localhost:5000/_framework/dotnet.native.ikrs475e5v.js - null null 
[23:22:07 INF] Sending file. Request path: '/_framework/dotnet.runtime.a6jcqbs390.js.gz'. Physical path: 'C:\Users\punko\Downloads\PoMiniGames\src\PoMiniGames.Client\obj\Debug\net10.0\compressed\y1zzgzf9zf-{0}-a6jcqbs390-a6jcqbs390.gz' 
[23:22:07 INF] HTTP GET /_framework/dotnet.runtime.a6jcqbs390.js.gz responded 200 in 0.5174 ms 
[23:22:07 INF] Request finished HTTP/1.1 GET http://localhost:5000/_framework/dotnet.runtime.a6jcqbs390.js.gz - 200 57291 text/javascript 0.5938ms 
[23:22:07 INF] Request starting HTTP/1.1 GET http://localhost:5000/_framework/dotnet.native.veuqw8a0w9.wasm - null null 
[23:22:07 INF] Sending file. Request path: '/_framework/dotnet.native.ikrs475e5v.js.gz'. Physical path: 'C:\Users\punko\Downloads\PoMiniGames\src\PoMiniGames.Client\obj\Debug\net10.0\compressed\hs8r3f7lgy-{0}-ikrs475e5v-ikrs475e5v.gz' 
[23:22:07 INF] HTTP GET /_framework/dotnet.native.ikrs475e5v.js.gz responded 200 in 0.9844 ms 
[23:22:07 INF] Request finished HTTP/1.1 GET http://localhost:5000/_framework/dotnet.native.ikrs475e5v.js.gz - 200 34954 text/javascript 1.0406ms 
[23:22:07 INF] Request starting HTTP/1.1 GET http://localhost:5000/_framework/System.Runtime.InteropServices.JavaScript.a0smuvq74f.wasm - null null 
[23:22:07 INF] Sending file. Request path: '/_framework/System.Runtime.InteropServices.JavaScript.a0smuvq74f.wasm.gz'. Physical path: 'C:\Users\punko\Downloads\PoMiniGames\src\PoMiniGames.Client\obj\Debug\net10.0\compressed\hjmuya6gwm-{0}-a0smuvq74f-a0smuvq74f.gz' 
[23:22:07 INF] HTTP GET /_framework/System.Runtime.InteropServices.JavaScript.a0smuvq74f.wasm.gz responded 200 in 0.3800 ms 
[23:22:07 INF] Request finished HTTP/1.1 GET http://localhost:5000/_framework/System.Runtime.InteropServices.JavaScript.a0smuvq74f.wasm.gz - 200 32613 application/wasm 0.5038ms 
[23:22:07 INF] Request starting HTTP/1.1 GET http://localhost:5000/_framework/System.Private.CoreLib.9s549gpy7m.wasm - null null 
[23:22:07 INF] Request starting HTTP/1.1 GET http://localhost:5000/_framework/PoShared.qo7g3b4qyf.pdb - null null 
[23:22:07 INF] Sending file. Request path: '/_framework/PoShared.qo7g3b4qyf.pdb.gz'. Physical path: 'C:\Users\punko\Downloads\PoMiniGames\src\PoMiniGames.Client\obj\Debug\net10.0\compressed\wzov7322ov-{0}-qo7g3b4qyf-qo7g3b4qyf.gz' 
[23:22:07 INF] HTTP GET /_framework/PoShared.qo7g3b4qyf.pdb.gz responded 200 in 0.2734 ms 
[23:22:07 INF] Request finished HTTP/1.1 GET http://localhost:5000/_framework/PoShared.qo7g3b4qyf.pdb.gz - 200 12056 application/octet-stream 0.3385ms 
[23:22:07 INF] Request starting HTTP/1.1 GET http://localhost:5000/_framework/PoMiniGames.Application.48pky1lf0r.pdb - null null 
[23:22:07 INF] Sending file. Request path: '/_framework/PoMiniGames.Application.48pky1lf0r.pdb.gz'. Physical path: 'C:\Users\punko\Downloads\PoMiniGames\src\PoMiniGames.Client\obj\Debug\net10.0\compressed\cyubbuwjcv-{0}-48pky1lf0r-48pky1lf0r.gz' 
[23:22:07 INF] HTTP GET /_framework/PoMiniGames.Application.48pky1lf0r.pdb.gz responded 200 in 0.3004 ms 
[23:22:07 INF] Request finished HTTP/1.1 GET http://localhost:5000/_framework/PoMiniGames.Application.48pky1lf0r.pdb.gz - 200 13979 application/octet-stream 0.3914ms 
[23:22:07 INF] Request starting HTTP/1.1 GET http://localhost:5000/_framework/PoMiniGames.Domain.k3c20v7d69.pdb - null null 
[23:22:07 INF] Sending file. Request path: '/_framework/PoMiniGames.Domain.k3c20v7d69.pdb.gz'. Physical path: 'C:\Users\punko\Downloads\PoMiniGames\src\PoMiniGames.Client\obj\Debug\net10.0\compressed\dha7kz76w7-{0}-k3c20v7d69-k3c20v7d69.gz' 
[23:22:07 INF] HTTP GET /_framework/PoMiniGames.Domain.k3c20v7d69.pdb.gz responded 200 in 0.5680 ms 
[23:22:07 INF] Request finished HTTP/1.1 GET http://localhost:5000/_framework/PoMiniGames.Domain.k3c20v7d69.pdb.gz - 200 18103 application/octet-stream 0.6349ms 
[23:22:07 INF] Request starting HTTP/1.1 GET http://localhost:5000/_framework/PoMiniGamesClient.mbcedkzfsf.pdb - null null 
[23:22:07 INF] Request starting HTTP/1.1 GET http://localhost:5000/_framework/Fluxor.hnfazpbnxb.wasm - null null 
[23:22:07 INF] Sending file. Request path: '/_framework/Fluxor.hnfazpbnxb.wasm.gz'. Physical path: 'C:\Users\punko\Downloads\PoMiniGames\src\PoMiniGames.Client\obj\Debug\net10.0\compressed\0cvdoyo2dy-{0}-hnfazpbnxb-hnfazpbnxb.gz' 
[23:22:07 INF] HTTP GET /_framework/Fluxor.hnfazpbnxb.wasm.gz responded 200 in 0.3164 ms 
[23:22:07 INF] Request finished HTTP/1.1 GET http://localhost:5000/_framework/Fluxor.hnfazpbnxb.wasm.gz - 200 49210 application/wasm 0.4242ms 
[23:22:07 INF] Request starting HTTP/1.1 GET http://localhost:5000/_framework/Fluxor.Blazor.Web.z7l694tphu.wasm - null null 
[23:22:07 INF] Sending file. Request path: '/_framework/Fluxor.Blazor.Web.z7l694tphu.wasm.gz'. Physical path: 'C:\Users\punko\Downloads\PoMiniGames\src\PoMiniGames.Client\obj\Debug\net10.0\compressed\8hdh5l38tu-{0}-z7l694tphu-z7l694tphu.gz' 
[23:22:07 INF] HTTP GET /_framework/Fluxor.Blazor.Web.z7l694tphu.wasm.gz responded 200 in 0.3813 ms 
[23:22:07 INF] Request finished HTTP/1.1 GET http://localhost:5000/_framework/Fluxor.Blazor.Web.z7l694tphu.wasm.gz - 200 19113 application/wasm 0.4871ms 
[23:22:07 INF] Request starting HTTP/1.1 GET http://localhost:5000/_framework/Microsoft.AspNetCore.Authorization.y0sndbe2xe.wasm - null null 
[23:22:07 INF] Sending file. Request path: '/_framework/Microsoft.AspNetCore.Authorization.y0sndbe2xe.wasm.gz'. Physical path: 'C:\Users\punko\Downloads\PoMiniGames\src\PoMiniGames.Client\obj\Debug\net10.0\compressed\ni4aijbabd-{0}-y0sndbe2xe-y0sndbe2xe.gz' 
[23:22:07 INF] HTTP GET /_framework/Microsoft.AspNetCore.Authorization.y0sndbe2xe.wasm.gz responded 200 in 0.4472 ms 
[23:22:07 INF] Request finished HTTP/1.1 GET http://localhost:5000/_framework/Microsoft.AspNetCore.Authorization.y0sndbe2xe.wasm.gz - 200 20225 application/wasm 0.612ms 
[23:22:07 INF] Sending file. Request path: '/_framework/PoMiniGamesClient.mbcedkzfsf.pdb.gz'. Physical path: 'C:\Users\punko\Downloads\PoMiniGames\src\PoMiniGames.Client\obj\Debug\net10.0\compressed\rb7j5x4qnp-{0}-mbcedkzfsf-mbcedkzfsf.gz' 
[23:22:07 INF] HTTP GET /_framework/PoMiniGamesClient.mbcedkzfsf.pdb.gz responded 200 in 18.5458 ms 
[23:22:07 INF] Request finished HTTP/1.1 GET http://localhost:5000/_framework/PoMiniGamesClient.mbcedkzfsf.pdb.gz - 200 555033 application/octet-stream 18.7753ms 
[23:22:07 INF] Sending file. Request path: '/_framework/dotnet.native.veuqw8a0w9.wasm.gz'. Physical path: 'C:\Users\punko\Downloads\PoMiniGames\src\PoMiniGames.Client\obj\Debug\net10.0\compressed\yo8lqi6w20-{0}-veuqw8a0w9-veuqw8a0w9.gz' 
[23:22:07 INF] HTTP GET /_framework/dotnet.native.veuqw8a0w9.wasm.gz responded 200 in 50.9761 ms 
[23:22:07 INF] Request finished HTTP/1.1 GET http://localhost:5000/_framework/dotnet.native.veuqw8a0w9.wasm.gz - 200 1207895 application/wasm 51.1125ms 
[23:22:07 INF] Request starting HTTP/1.1 GET http://localhost:5000/_framework/Microsoft.AspNetCore.Components.09qh35fcip.wasm - null null 
[23:22:07 INF] Sending file. Request path: '/_framework/Microsoft.AspNetCore.Components.09qh35fcip.wasm.gz'. Physical path: 'C:\Users\punko\Downloads\PoMiniGames\src\PoMiniGames.Client\obj\Debug\net10.0\compressed\19h8m082ce-{0}-09qh35fcip-09qh35fcip.gz' 
[23:22:07 INF] HTTP GET /_framework/Microsoft.AspNetCore.Components.09qh35fcip.wasm.gz responded 200 in 1.2130 ms 
[23:22:07 INF] Request finished HTTP/1.1 GET http://localhost:5000/_framework/Microsoft.AspNetCore.Components.09qh35fcip.wasm.gz - 200 157355 application/wasm 1.5391ms 
[23:22:07 INF] Request starting HTTP/1.1 GET http://localhost:5000/_framework/Microsoft.AspNetCore.Components.Authorization.t4qy9pca5j.wasm - null null 
[23:22:07 INF] Request starting HTTP/1.1 GET http://localhost:5000/_framework/Microsoft.AspNetCore.Components.Forms.gorw8iqj27.wasm - null null 
[23:22:07 INF] Sending file. Request path: '/_framework/Microsoft.AspNetCore.Components.Authorization.t4qy9pca5j.wasm.gz'. Physical path: 'C:\Users\punko\Downloads\PoMiniGames\src\PoMiniGames.Client\obj\Debug\net10.0\compressed\amazfmjxqc-{0}-t4qy9pca5j-t4qy9pca5j.gz' 
[23:22:07 INF] Sending file. Request path: '/_framework/Microsoft.AspNetCore.Components.Forms.gorw8iqj27.wasm.gz'. Physical path: 'C:\Users\punko\Downloads\PoMiniGames\src\PoMiniGames.Client\obj\Debug\net10.0\compressed\p2k11zhdqx-{0}-gorw8iqj27-gorw8iqj27.gz' 
[23:22:07 INF] HTTP GET /_framework/Microsoft.AspNetCore.Components.Authorization.t4qy9pca5j.wasm.gz responded 200 in 1.2673 ms 
[23:22:07 INF] HTTP GET /_framework/Microsoft.AspNetCore.Components.Forms.gorw8iqj27.wasm.gz responded 200 in 0.3878 ms 
[23:22:07 INF] Request finished HTTP/1.1 GET http://localhost:5000/_framework/Microsoft.AspNetCore.Components.Authorization.t4qy9pca5j.wasm.gz - 200 10704 application/wasm 1.9508ms 
[23:22:07 INF] Request finished HTTP/1.1 GET http://localhost:5000/_framework/Microsoft.AspNetCore.Components.Forms.gorw8iqj27.wasm.gz - 200 17838 application/wasm 0.4956ms 
[23:22:07 INF] Request starting HTTP/1.1 GET http://localhost:5000/_framework/Microsoft.AspNetCore.Components.Web.8xg9el10sq.wasm - null null 
[23:22:07 INF] Request starting HTTP/1.1 GET http://localhost:5000/_framework/Microsoft.AspNetCore.Components.WebAssembly.bj9oxfg9cx.wasm - null null 
[23:22:07 INF] Sending file. Request path: '/_framework/Microsoft.AspNetCore.Components.Web.8xg9el10sq.wasm.gz'. Physical path: 'C:\Users\punko\Downloads\PoMiniGames\src\PoMiniGames.Client\obj\Debug\net10.0\compressed\1c19ebjgyy-{0}-8xg9el10sq-8xg9el10sq.gz' 
[23:22:07 INF] Sending file. Request path: '/_framework/Microsoft.AspNetCore.Components.WebAssembly.bj9oxfg9cx.wasm.gz'. Physical path: 'C:\Users\punko\Downloads\PoMiniGames\src\PoMiniGames.Client\obj\Debug\net10.0\compressed\wgo8afsb2g-{0}-bj9oxfg9cx-bj9oxfg9cx.gz' 
[23:22:07 INF] HTTP GET /_framework/Microsoft.AspNetCore.Components.Web.8xg9el10sq.wasm.gz responded 200 in 0.9253 ms 
[23:22:07 INF] HTTP GET /_framework/Microsoft.AspNetCore.Components.WebAssembly.bj9oxfg9cx.wasm.gz responded 200 in 0.6053 ms 
[23:22:07 INF] Request finished HTTP/1.1 GET http://localhost:5000/_framework/Microsoft.AspNetCore.Components.Web.8xg9el10sq.wasm.gz - 200 73185 application/wasm 1.2702ms 
[23:22:07 INF] Request finished HTTP/1.1 GET http://localhost:5000/_framework/Microsoft.AspNetCore.Components.WebAssembly.bj9oxfg9cx.wasm.gz - 200 62574 application/wasm 0.7864ms 
[23:22:07 INF] Request starting HTTP/1.1 GET http://localhost:5000/_framework/Microsoft.AspNetCore.Connections.Abstractions.6cek7abu0h.wasm - null null 
[23:22:07 INF] Sending file. Request path: '/_framework/Microsoft.AspNetCore.Connections.Abstractions.6cek7abu0h.wasm.gz'. Physical path: 'C:\Users\punko\Downloads\PoMiniGames\src\PoMiniGames.Client\obj\Debug\net10.0\compressed\m9cv4f8kh6-{0}-6cek7abu0h-6cek7abu0h.gz' 
[23:22:07 INF] HTTP GET /_framework/Microsoft.AspNetCore.Connections.Abstractions.6cek7abu0h.wasm.gz responded 200 in 1.0313 ms 
[23:22:07 INF] Request finished HTTP/1.1 GET http://localhost:5000/_framework/Microsoft.AspNetCore.Connections.Abstractions.6cek7abu0h.wasm.gz - 200 14412 application/wasm 1.3134ms 
[23:22:07 INF] Request starting HTTP/1.1 GET http://localhost:5000/_framework/Microsoft.AspNetCore.Http.Connections.Client.jyfvzt7f9r.wasm - null null 
[23:22:07 INF] Sending file. Request path: '/_framework/Microsoft.AspNetCore.Http.Connections.Client.jyfvzt7f9r.wasm.gz'. Physical path: 'C:\Users\punko\Downloads\PoMiniGames\src\PoMiniGames.Client\obj\Debug\net10.0\compressed\pnsa8q5v4z-{0}-jyfvzt7f9r-jyfvzt7f9r.gz' 
[23:22:07 INF] HTTP GET /_framework/Microsoft.AspNetCore.Http.Connections.Client.jyfvzt7f9r.wasm.gz responded 200 in 0.4019 ms 
[23:22:07 INF] Request finished HTTP/1.1 GET http://localhost:5000/_framework/Microsoft.AspNetCore.Http.Connections.Client.jyfvzt7f9r.wasm.gz - 200 42740 application/wasm 0.5119ms 
[23:22:07 INF] Request starting HTTP/1.1 GET http://localhost:5000/_framework/Microsoft.AspNetCore.Http.Connections.Common.cmsjr896pi.wasm - null null 
[23:22:07 INF] Sending file. Request path: '/_framework/Microsoft.AspNetCore.Http.Connections.Common.cmsjr896pi.wasm.gz'. Physical path: 'C:\Users\punko\Downloads\PoMiniGames\src\PoMiniGames.Client\obj\Debug\net10.0\compressed\6broj97bjy-{0}-cmsjr896pi-cmsjr896pi.gz' 
[23:22:07 INF] HTTP GET /_framework/Microsoft.AspNetCore.Http.Connections.Common.cmsjr896pi.wasm.gz responded 200 in 0.5036 ms 
[23:22:07 INF] Request finished HTTP/1.1 GET http://localhost:5000/_framework/Microsoft.AspNetCore.Http.Connections.Common.cmsjr896pi.wasm.gz - 200 8459 application/wasm 1.5233ms 
[23:22:07 INF] Request starting HTTP/1.1 GET http://localhost:5000/_framework/Microsoft.AspNetCore.Metadata.rgu4qwxn86.wasm - null null 
[23:22:07 INF] Request starting HTTP/1.1 GET http://localhost:5000/_framework/Microsoft.AspNetCore.SignalR.Client.2is6wpjdpf.wasm - null null 
[23:22:07 INF] Sending file. Request path: '/_framework/Microsoft.AspNetCore.Metadata.rgu4qwxn86.wasm.gz'. Physical path: 'C:\Users\punko\Downloads\PoMiniGames\src\PoMiniGames.Client\obj\Debug\net10.0\compressed\2d1jvv5bhm-{0}-rgu4qwxn86-rgu4qwxn86.gz' 
[23:22:07 INF] Sending file. Request path: '/_framework/Microsoft.AspNetCore.SignalR.Client.2is6wpjdpf.wasm.gz'. Physical path: 'C:\Users\punko\Downloads\PoMiniGames\src\PoMiniGames.Client\obj\Debug\net10.0\compressed\uerzqg2no6-{0}-2is6wpjdpf-2is6wpjdpf.gz' 
[23:22:07 INF] HTTP GET /_framework/Microsoft.AspNetCore.Metadata.rgu4qwxn86.wasm.gz responded 200 in 0.4520 ms 
[23:22:07 INF] HTTP GET /_framework/Microsoft.AspNetCore.SignalR.Client.2is6wpjdpf.wasm.gz responded 200 in 0.3582 ms 
[23:22:07 INF] Request finished HTTP/1.1 GET http://localhost:5000/_framework/Microsoft.AspNetCore.Metadata.rgu4qwxn86.wasm.gz - 200 2485 application/wasm 0.6559ms 
[23:22:07 INF] Request finished HTTP/1.1 GET http://localhost:5000/_framework/Microsoft.AspNetCore.SignalR.Client.2is6wpjdpf.wasm.gz - 200 4469 application/wasm 0.5493ms 
[23:22:07 INF] Request starting HTTP/1.1 GET http://localhost:5000/_framework/Microsoft.AspNetCore.SignalR.Client.Core.i16ngzccqn.wasm - null null 
[23:22:07 INF] Sending file. Request path: '/_framework/Microsoft.AspNetCore.SignalR.Client.Core.i16ngzccqn.wasm.gz'. Physical path: 'C:\Users\punko\Downloads\PoMiniGames\src\PoMiniGames.Client\obj\Debug\net10.0\compressed\kxufo2hu52-{0}-i16ngzccqn-i16ngzccqn.gz' 
[23:22:07 INF] HTTP GET /_framework/Microsoft.AspNetCore.SignalR.Client.Core.i16ngzccqn.wasm.gz responded 200 in 0.4444 ms 
[23:22:07 INF] Request finished HTTP/1.1 GET http://localhost:5000/_framework/Microsoft.AspNetCore.SignalR.Client.Core.i16ngzccqn.wasm.gz - 200 75395 application/wasm 0.5692ms 
[23:22:07 INF] Request starting HTTP/1.1 GET http://localhost:5000/_framework/Microsoft.AspNetCore.SignalR.Common.egdchbb236.wasm - null null 
[23:22:07 INF] Sending file. Request path: '/_framework/Microsoft.AspNetCore.SignalR.Common.egdchbb236.wasm.gz'. Physical path: 'C:\Users\punko\Downloads\PoMiniGames\src\PoMiniGames.Client\obj\Debug\net10.0\compressed\h2hlt3mock-{0}-egdchbb236-egdchbb236.gz' 
[23:22:07 INF] HTTP GET /_framework/Microsoft.AspNetCore.SignalR.Common.egdchbb236.wasm.gz responded 200 in 0.7736 ms 
[23:22:07 INF] Request finished HTTP/1.1 GET http://localhost:5000/_framework/Microsoft.AspNetCore.SignalR.Common.egdchbb236.wasm.gz - 200 15168 application/wasm 0.9527ms 
[23:22:07 INF] Request starting HTTP/1.1 GET http://localhost:5000/_framework/Microsoft.AspNetCore.SignalR.Protocols.Json.jc1s9ud2io.wasm - null null 
[23:22:07 INF] Sending file. Request path: '/_framework/Microsoft.AspNetCore.SignalR.Protocols.Json.jc1s9ud2io.wasm.gz'. Physical path: 'C:\Users\punko\Downloads\PoMiniGames\src\PoMiniGames.Client\obj\Debug\net10.0\compressed\lwatihb4c8-{0}-jc1s9ud2io-jc1s9ud2io.gz' 
[23:22:07 INF] HTTP GET /_framework/Microsoft.AspNetCore.SignalR.Protocols.Json.jc1s9ud2io.wasm.gz responded 200 in 0.7516 ms 
[23:22:07 INF] Request finished HTTP/1.1 GET http://localhost:5000/_framework/Microsoft.AspNetCore.SignalR.Protocols.Json.jc1s9ud2io.wasm.gz - 200 13180 application/wasm 0.8934ms 
[23:22:07 INF] Request starting HTTP/1.1 GET http://localhost:5000/_framework/Microsoft.Extensions.Configuration.ls9u3wlkav.wasm - null null 
[23:22:07 INF] Sending file. Request path: '/_framework/Microsoft.Extensions.Configuration.ls9u3wlkav.wasm.gz'. Physical path: 'C:\Users\punko\Downloads\PoMiniGames\src\PoMiniGames.Client\obj\Debug\net10.0\compressed\tm6c9b38rt-{0}-ls9u3wlkav-ls9u3wlkav.gz' 
[23:22:07 INF] HTTP GET /_framework/Microsoft.Extensions.Configuration.ls9u3wlkav.wasm.gz responded 200 in 1.2064 ms 
[23:22:07 INF] Request finished HTTP/1.1 GET http://localhost:5000/_framework/Microsoft.Extensions.Configuration.ls9u3wlkav.wasm.gz - 200 15853 application/wasm 1.4937ms 
[23:22:07 INF] Request starting HTTP/1.1 GET http://localhost:5000/_framework/Microsoft.Extensions.Configuration.Abstractions.wa2ojg94fi.wasm - null null 
[23:22:07 INF] Request starting HTTP/1.1 GET http://localhost:5000/_framework/Microsoft.Extensions.Configuration.Binder.miz8ol386m.wasm - null null 
[23:22:07 INF] Request starting HTTP/1.1 GET http://localhost:5000/_framework/Microsoft.Extensions.Configuration.FileExtensions.s7d9lqhx2j.wasm - null null 
[23:22:07 INF] Sending file. Request path: '/_framework/Microsoft.Extensions.Configuration.Binder.miz8ol386m.wasm.gz'. Physical path: 'C:\Users\punko\Downloads\PoMiniGames\src\PoMiniGames.Client\obj\Debug\net10.0\compressed\kqvelv54xc-{0}-miz8ol386m-miz8ol386m.gz' 
[23:22:07 INF] Sending file. Request path: '/_framework/Microsoft.Extensions.Configuration.Abstractions.wa2ojg94fi.wasm.gz'. Physical path: 'C:\Users\punko\Downloads\PoMiniGames\src\PoMiniGames.Client\obj\Debug\net10.0\compressed\x7iv2052et-{0}-wa2ojg94fi-wa2ojg94fi.gz' 
[23:22:07 INF] HTTP GET /_framework/Microsoft.Extensions.Configuration.Binder.miz8ol386m.wasm.gz responded 200 in 0.2900 ms 
[23:22:07 INF] HTTP GET /_framework/Microsoft.Extensions.Configuration.Abstractions.wa2ojg94fi.wasm.gz responded 200 in 0.4173 ms 
[23:22:07 INF] Request finished HTTP/1.1 GET http://localhost:5000/_framework/Microsoft.Extensions.Configuration.Binder.miz8ol386m.wasm.gz - 200 14509 application/wasm 0.361ms 
[23:22:07 INF] Request finished HTTP/1.1 GET http://localhost:5000/_framework/Microsoft.Extensions.Configuration.Abstractions.wa2ojg94fi.wasm.gz - 200 8259 application/wasm 0.5097ms 
[23:22:07 INF] Sending file. Request path: '/_framework/Microsoft.Extensions.Configuration.FileExtensions.s7d9lqhx2j.wasm.gz'. Physical path: 'C:\Users\punko\Downloads\PoMiniGames\src\PoMiniGames.Client\obj\Debug\net10.0\compressed\p6hmtjg7t8-{0}-s7d9lqhx2j-s7d9lqhx2j.gz' 
[23:22:07 INF] HTTP GET /_framework/Microsoft.Extensions.Configuration.FileExtensions.s7d9lqhx2j.wasm.gz responded 200 in 0.2054 ms 
[23:22:07 INF] Request finished HTTP/1.1 GET http://localhost:5000/_framework/Microsoft.Extensions.Configuration.FileExtensions.s7d9lqhx2j.wasm.gz - 200 8145 application/wasm 0.2681ms 
[23:22:07 INF] Request starting HTTP/1.1 GET http://localhost:5000/_framework/Microsoft.Extensions.Configuration.Json.weuwc2nchg.wasm - null null 
[23:22:07 INF] Sending file. Request path: '/_framework/Microsoft.Extensions.Configuration.Json.weuwc2nchg.wasm.gz'. Physical path: 'C:\Users\punko\Downloads\PoMiniGames\src\PoMiniGames.Client\obj\Debug\net10.0\compressed\seav4lmedm-{0}-weuwc2nchg-weuwc2nchg.gz' 
[23:22:07 INF] HTTP GET /_framework/Microsoft.Extensions.Configuration.Json.weuwc2nchg.wasm.gz responded 200 in 0.3057 ms 
[23:22:07 INF] Request finished HTTP/1.1 GET http://localhost:5000/_framework/Microsoft.Extensions.Configuration.Json.weuwc2nchg.wasm.gz - 200 8007 application/wasm 0.4064ms 
[23:22:07 INF] Request starting HTTP/1.1 GET http://localhost:5000/_framework/Microsoft.Extensions.DependencyInjection.5tzvwbi8co.wasm - null null 
[23:22:07 INF] Sending file. Request path: '/_framework/Microsoft.Extensions.DependencyInjection.5tzvwbi8co.wasm.gz'. Physical path: 'C:\Users\punko\Downloads\PoMiniGames\src\PoMiniGames.Client\obj\Debug\net10.0\compressed\0edabmdwgg-{0}-5tzvwbi8co-5tzvwbi8co.gz' 
[23:22:07 INF] HTTP GET /_framework/Microsoft.Extensions.DependencyInjection.5tzvwbi8co.wasm.gz responded 200 in 0.2342 ms 
[23:22:07 INF] Request finished HTTP/1.1 GET http://localhost:5000/_framework/Microsoft.Extensions.DependencyInjection.5tzvwbi8co.wasm.gz - 200 37419 application/wasm 0.2896ms 
[23:22:07 INF] Request starting HTTP/1.1 GET http://localhost:5000/_framework/Microsoft.Extensions.DependencyInjection.Abstractions.8pvxjyp0o1.wasm - null null 
[23:22:07 INF] Sending file. Request path: '/_framework/Microsoft.Extensions.DependencyInjection.Abstractions.8pvxjyp0o1.wasm.gz'. Physical path: 'C:\Users\punko\Downloads\PoMiniGames\src\PoMiniGames.Client\obj\Debug\net10.0\compressed\v6ua9z6c38-{0}-8pvxjyp0o1-8pvxjyp0o1.gz' 
[23:22:07 INF] HTTP GET /_framework/Microsoft.Extensions.DependencyInjection.Abstractions.8pvxjyp0o1.wasm.gz responded 200 in 0.2343 ms 
[23:22:07 INF] Request finished HTTP/1.1 GET http://localhost:5000/_framework/Microsoft.Extensions.DependencyInjection.Abstractions.8pvxjyp0o1.wasm.gz - 200 22147 application/wasm 0.3255ms 
[23:22:07 INF] Request starting HTTP/1.1 GET http://localhost:5000/_framework/Microsoft.Extensions.Diagnostics.mhqc8e7pzx.wasm - null null 
[23:22:07 INF] Sending file. Request path: '/_framework/Microsoft.Extensions.Diagnostics.mhqc8e7pzx.wasm.gz'. Physical path: 'C:\Users\punko\Downloads\PoMiniGames\src\PoMiniGames.Client\obj\Debug\net10.0\compressed\mr6ylwl7oi-{0}-mhqc8e7pzx-mhqc8e7pzx.gz' 
[23:22:07 INF] HTTP GET /_framework/Microsoft.Extensions.Diagnostics.mhqc8e7pzx.wasm.gz responded 200 in 0.5237 ms 
[23:22:07 INF] Request finished HTTP/1.1 GET http://localhost:5000/_framework/Microsoft.Extensions.Diagnostics.mhqc8e7pzx.wasm.gz - 200 12442 application/wasm 0.6396ms 
[23:22:07 INF] Request starting HTTP/1.1 GET http://localhost:5000/_framework/Microsoft.Extensions.Diagnostics.Abstractions.ldo4u1l3de.wasm - null null 
[23:22:07 INF] Sending file. Request path: '/_framework/Microsoft.Extensions.Diagnostics.Abstractions.ldo4u1l3de.wasm.gz'. Physical path: 'C:\Users\punko\Downloads\PoMiniGames\src\PoMiniGames.Client\obj\Debug\net10.0\compressed\6omevkkwna-{0}-ldo4u1l3de-ldo4u1l3de.gz' 
[23:22:07 INF] HTTP GET /_framework/Microsoft.Extensions.Diagnostics.Abstractions.ldo4u1l3de.wasm.gz responded 200 in 0.3194 ms 
[23:22:07 INF] Request finished HTTP/1.1 GET http://localhost:5000/_framework/Microsoft.Extensions.Diagnostics.Abstractions.ldo4u1l3de.wasm.gz - 200 8778 application/wasm 0.4436ms 
[23:22:07 INF] Request starting HTTP/1.1 GET http://localhost:5000/_framework/Microsoft.Extensions.Features.i3u23ut47r.wasm - null null 
[23:22:07 INF] Request starting HTTP/1.1 GET http://localhost:5000/_framework/Microsoft.Extensions.FileProviders.Abstractions.rb974yjmax.wasm - null null 
[23:22:07 INF] Sending file. Request path: '/_framework/Microsoft.Extensions.FileProviders.Abstractions.rb974yjmax.wasm.gz'. Physical path: 'C:\Users\punko\Downloads\PoMiniGames\src\PoMiniGames.Client\obj\Debug\net10.0\compressed\rn8rzcl9w8-{0}-rb974yjmax-rb974yjmax.gz' 
[23:22:07 INF] Sending file. Request path: '/_framework/Microsoft.Extensions.Features.i3u23ut47r.wasm.gz'. Physical path: 'C:\Users\punko\Downloads\PoMiniGames\src\PoMiniGames.Client\obj\Debug\net10.0\compressed\1ri9n9tf7v-{0}-i3u23ut47r-i3u23ut47r.gz' 
[23:22:07 INF] HTTP GET /_framework/Microsoft.Extensions.FileProviders.Abstractions.rb974yjmax.wasm.gz responded 200 in 0.6039 ms 
[23:22:07 INF] HTTP GET /_framework/Microsoft.Extensions.Features.i3u23ut47r.wasm.gz responded 200 in 0.7893 ms 
[23:22:07 INF] Request finished HTTP/1.1 GET http://localhost:5000/_framework/Microsoft.Extensions.FileProviders.Abstractions.rb974yjmax.wasm.gz - 200 5741 application/wasm 0.6956ms 
[23:22:07 INF] Request finished HTTP/1.1 GET http://localhost:5000/_framework/Microsoft.Extensions.Features.i3u23ut47r.wasm.gz - 200 7349 application/wasm 0.9162ms 
[23:22:07 INF] Request starting HTTP/1.1 GET http://localhost:5000/_framework/Microsoft.Extensions.FileProviders.Physical.megzh68xf4.wasm - null null 
[23:22:07 INF] Sending file. Request path: '/_framework/Microsoft.Extensions.FileProviders.Physical.megzh68xf4.wasm.gz'. Physical path: 'C:\Users\punko\Downloads\PoMiniGames\src\PoMiniGames.Client\obj\Debug\net10.0\compressed\zzlqpt47i6-{0}-megzh68xf4-megzh68xf4.gz' 
[23:22:07 INF] HTTP GET /_framework/Microsoft.Extensions.FileProviders.Physical.megzh68xf4.wasm.gz responded 200 in 0.5280 ms 
[23:22:07 INF] Request finished HTTP/1.1 GET http://localhost:5000/_framework/Microsoft.Extensions.FileProviders.Physical.megzh68xf4.wasm.gz - 200 16874 application/wasm 0.664ms 
[23:22:07 INF] Request starting HTTP/1.1 GET http://localhost:5000/_framework/Microsoft.Extensions.FileSystemGlobbing.w6wlsluc19.wasm - null null 
[23:22:07 INF] Sending file. Request path: '/_framework/Microsoft.Extensions.FileSystemGlobbing.w6wlsluc19.wasm.gz'. Physical path: 'C:\Users\punko\Downloads\PoMiniGames\src\PoMiniGames.Client\obj\Debug\net10.0\compressed\0mwepjuvqx-{0}-w6wlsluc19-w6wlsluc19.gz' 
[23:22:07 INF] HTTP GET /_framework/Microsoft.Extensions.FileSystemGlobbing.w6wlsluc19.wasm.gz responded 200 in 0.2909 ms 
[23:22:07 INF] Request finished HTTP/1.1 GET http://localhost:5000/_framework/Microsoft.Extensions.FileSystemGlobbing.w6wlsluc19.wasm.gz - 200 17339 application/wasm 0.355ms 
[23:22:07 INF] Request starting HTTP/1.1 GET http://localhost:5000/_framework/Microsoft.Extensions.Logging.87ekqxeo3a.wasm - null null 
[23:22:07 INF] Sending file. Request path: '/_framework/Microsoft.Extensions.Logging.87ekqxeo3a.wasm.gz'. Physical path: 'C:\Users\punko\Downloads\PoMiniGames\src\PoMiniGames.Client\obj\Debug\net10.0\compressed\tqdttmyq19-{0}-87ekqxeo3a-87ekqxeo3a.gz' 
[23:22:07 INF] HTTP GET /_framework/Microsoft.Extensions.Logging.87ekqxeo3a.wasm.gz responded 200 in 0.7602 ms 
[23:22:07 INF] Request finished HTTP/1.1 GET http://localhost:5000/_framework/Microsoft.Extensions.Logging.87ekqxeo3a.wasm.gz - 200 19157 application/wasm 0.9286ms 
[23:22:07 INF] Request starting HTTP/1.1 GET http://localhost:5000/_framework/Microsoft.Extensions.Logging.Abstractions.60456wql8i.wasm - null null 
[23:22:07 INF] Request starting HTTP/1.1 GET http://localhost:5000/_framework/Microsoft.Extensions.Options.toph8h75gu.wasm - null null 
[23:22:07 INF] Sending file. Request path: '/_framework/Microsoft.Extensions.Logging.Abstractions.60456wql8i.wasm.gz'. Physical path: 'C:\Users\punko\Downloads\PoMiniGames\src\PoMiniGames.Client\obj\Debug\net10.0\compressed\vkkspix9e8-{0}-60456wql8i-60456wql8i.gz' 
[23:22:07 INF] HTTP GET /_framework/Microsoft.Extensions.Logging.Abstractions.60456wql8i.wasm.gz responded 200 in 1.9200 ms 
[23:22:07 INF] Request finished HTTP/1.1 GET http://localhost:5000/_framework/Microsoft.Extensions.Logging.Abstractions.60456wql8i.wasm.gz - 200 25044 application/wasm 2.1453ms 
[23:22:07 INF] Sending file. Request path: '/_framework/Microsoft.Extensions.Options.toph8h75gu.wasm.gz'. Physical path: 'C:\Users\punko\Downloads\PoMiniGames\src\PoMiniGames.Client\obj\Debug\net10.0\compressed\b5gph48ukg-{0}-toph8h75gu-toph8h75gu.gz' 
[23:22:07 INF] HTTP GET /_framework/Microsoft.Extensions.Options.toph8h75gu.wasm.gz responded 200 in 3.2538 ms 
[23:22:07 INF] Request finished HTTP/1.1 GET http://localhost:5000/_framework/Microsoft.Extensions.Options.toph8h75gu.wasm.gz - 200 23972 application/wasm 3.3912ms 
[23:22:07 INF] Request starting HTTP/1.1 GET http://localhost:5000/_framework/Microsoft.Extensions.Options.ConfigurationExtensions.lr1zv6h3in.wasm - null null 
[23:22:07 INF] Sending file. Request path: '/_framework/Microsoft.Extensions.Options.ConfigurationExtensions.lr1zv6h3in.wasm.gz'. Physical path: 'C:\Users\punko\Downloads\PoMiniGames\src\PoMiniGames.Client\obj\Debug\net10.0\compressed\1a09sencdy-{0}-lr1zv6h3in-lr1zv6h3in.gz' 
[23:22:07 INF] HTTP GET /_framework/Microsoft.Extensions.Options.ConfigurationExtensions.lr1zv6h3in.wasm.gz responded 200 in 0.6678 ms 
[23:22:07 INF] Request finished HTTP/1.1 GET http://localhost:5000/_framework/Microsoft.Extensions.Options.ConfigurationExtensions.lr1zv6h3in.wasm.gz - 200 5186 application/wasm 0.7742ms 
[23:22:07 INF] Request starting HTTP/1.1 GET http://localhost:5000/_framework/Microsoft.Extensions.Primitives.ub9q6nskn2.wasm - null null 
[23:22:07 INF] Sending file. Request path: '/_framework/Microsoft.Extensions.Primitives.ub9q6nskn2.wasm.gz'. Physical path: 'C:\Users\punko\Downloads\PoMiniGames\src\PoMiniGames.Client\obj\Debug\net10.0\compressed\yu8wd4wbw3-{0}-ub9q6nskn2-ub9q6nskn2.gz' 
[23:22:07 INF] HTTP GET /_framework/Microsoft.Extensions.Primitives.ub9q6nskn2.wasm.gz responded 200 in 0.3937 ms 
[23:22:07 INF] Request finished HTTP/1.1 GET http://localhost:5000/_framework/Microsoft.Extensions.Primitives.ub9q6nskn2.wasm.gz - 200 15663 application/wasm 0.4728ms 
[23:22:07 INF] Request starting HTTP/1.1 GET http://localhost:5000/_framework/Microsoft.Extensions.Validation.fejvxfp9cz.wasm - null null 
[23:22:07 INF] Sending file. Request path: '/_framework/Microsoft.Extensions.Validation.fejvxfp9cz.wasm.gz'. Physical path: 'C:\Users\punko\Downloads\PoMiniGames\src\PoMiniGames.Client\obj\Debug\net10.0\compressed\1p7n4es8se-{0}-fejvxfp9cz-fejvxfp9cz.gz' 
[23:22:07 INF] HTTP GET /_framework/Microsoft.Extensions.Validation.fejvxfp9cz.wasm.gz responded 200 in 0.7174 ms 
[23:22:07 INF] Request finished HTTP/1.1 GET http://localhost:5000/_framework/Microsoft.Extensions.Validation.fejvxfp9cz.wasm.gz - 200 14756 application/wasm 0.8708ms 
[23:22:07 INF] Request starting HTTP/1.1 GET http://localhost:5000/_framework/Microsoft.JSInterop.9do6y9xojp.wasm - null null 
[23:22:07 INF] Request starting HTTP/1.1 GET http://localhost:5000/_framework/Microsoft.JSInterop.WebAssembly.rckyrl71lm.wasm - null null 
[23:22:07 INF] Sending file. Request path: '/_framework/Microsoft.JSInterop.9do6y9xojp.wasm.gz'. Physical path: 'C:\Users\punko\Downloads\PoMiniGames\src\PoMiniGames.Client\obj\Debug\net10.0\compressed\h3pc64m03k-{0}-9do6y9xojp-9do6y9xojp.gz' 
[23:22:07 INF] HTTP GET /_framework/Microsoft.JSInterop.9do6y9xojp.wasm.gz responded 200 in 0.3969 ms 
[23:22:07 INF] Request finished HTTP/1.1 GET http://localhost:5000/_framework/Microsoft.JSInterop.9do6y9xojp.wasm.gz - 200 28044 application/wasm 0.4808ms 
[23:22:07 INF] Sending file. Request path: '/_framework/Microsoft.JSInterop.WebAssembly.rckyrl71lm.wasm.gz'. Physical path: 'C:\Users\punko\Downloads\PoMiniGames\src\PoMiniGames.Client\obj\Debug\net10.0\compressed\cp15g78v12-{0}-rckyrl71lm-rckyrl71lm.gz' 
[23:22:07 INF] Request starting HTTP/1.1 GET http://localhost:5000/_framework/Microsoft.CSharp.y8cabdi7yj.wasm - null null 
[23:22:07 INF] HTTP GET /_framework/Microsoft.JSInterop.WebAssembly.rckyrl71lm.wasm.gz responded 200 in 0.3209 ms 
[23:22:07 INF] Request finished HTTP/1.1 GET http://localhost:5000/_framework/Microsoft.JSInterop.WebAssembly.rckyrl71lm.wasm.gz - 200 7000 application/wasm 0.4093ms 
[23:22:07 INF] Request starting HTTP/1.1 GET http://localhost:5000/_framework/Microsoft.VisualBasic.Core.rj6qwnj2np.wasm - null null 
[23:22:07 INF] Sending file. Request path: '/_framework/Microsoft.CSharp.y8cabdi7yj.wasm.gz'. Physical path: 'C:\Users\punko\Downloads\PoMiniGames\src\PoMiniGames.Client\obj\Debug\net10.0\compressed\ce2dp4yekr-{0}-y8cabdi7yj-y8cabdi7yj.gz' 
[23:22:07 INF] HTTP GET /_framework/Microsoft.CSharp.y8cabdi7yj.wasm.gz responded 200 in 0.6897 ms 
[23:22:07 INF] Request finished HTTP/1.1 GET http://localhost:5000/_framework/Microsoft.CSharp.y8cabdi7yj.wasm.gz - 200 133249 application/wasm 0.7889ms 
[23:22:07 INF] Sending file. Request path: '/_framework/Microsoft.VisualBasic.Core.rj6qwnj2np.wasm.gz'. Physical path: 'C:\Users\punko\Downloads\PoMiniGames\src\PoMiniGames.Client\obj\Debug\net10.0\compressed\a5lmtzphqg-{0}-rj6qwnj2np-rj6qwnj2np.gz' 
[23:22:07 INF] HTTP GET /_framework/Microsoft.VisualBasic.Core.rj6qwnj2np.wasm.gz responded 200 in 0.7466 ms 
[23:22:07 INF] Request finished HTTP/1.1 GET http://localhost:5000/_framework/Microsoft.VisualBasic.Core.rj6qwnj2np.wasm.gz - 200 171040 application/wasm 0.8273ms 
[23:22:07 INF] Request starting HTTP/1.1 GET http://localhost:5000/_framework/Microsoft.VisualBasic.m5z1bpmsgy.wasm - null null 
[23:22:07 INF] Sending file. Request path: '/_framework/Microsoft.VisualBasic.m5z1bpmsgy.wasm.gz'. Physical path: 'C:\Users\punko\Downloads\PoMiniGames\src\PoMiniGames.Client\obj\Debug\net10.0\compressed\79xpn7cg7q-{0}-m5z1bpmsgy-m5z1bpmsgy.gz' 
[23:22:07 INF] HTTP GET /_framework/Microsoft.VisualBasic.m5z1bpmsgy.wasm.gz responded 200 in 0.1930 ms 
[23:22:07 INF] Request finished HTTP/1.1 GET http://localhost:5000/_framework/Microsoft.VisualBasic.m5z1bpmsgy.wasm.gz - 200 2898 application/wasm 0.2432ms 
[23:22:07 INF] Request starting HTTP/1.1 GET http://localhost:5000/_framework/Microsoft.Win32.Primitives.i6x74v9vcb.wasm - null null 
[23:22:07 INF] Request starting HTTP/1.1 GET http://localhost:5000/_framework/Microsoft.Win32.Registry.y4gq7fo2lp.wasm - null null 
[23:22:07 INF] Request starting HTTP/1.1 GET http://localhost:5000/_framework/System.AppContext.2bkkwkya64.wasm - null null 
[23:22:07 INF] Sending file. Request path: '/_framework/Microsoft.Win32.Primitives.i6x74v9vcb.wasm.gz'. Physical path: 'C:\Users\punko\Downloads\PoMiniGames\src\PoMiniGames.Client\obj\Debug\net10.0\compressed\xlkp7xxp3s-{0}-i6x74v9vcb-i6x74v9vcb.gz' 
[23:22:07 INF] HTTP GET /_framework/Microsoft.Win32.Primitives.i6x74v9vcb.wasm.gz responded 200 in 1.2106 ms 
[23:22:07 INF] Request finished HTTP/1.1 GET http://localhost:5000/_framework/Microsoft.Win32.Primitives.i6x74v9vcb.wasm.gz - 200 2227 application/wasm 1.5628ms 
[23:22:07 INF] Sending file. Request path: '/_framework/Microsoft.Win32.Registry.y4gq7fo2lp.wasm.gz'. Physical path: 'C:\Users\punko\Downloads\PoMiniGames\src\PoMiniGames.Client\obj\Debug\net10.0\compressed\2hzhcnawa0-{0}-y4gq7fo2lp-y4gq7fo2lp.gz' 
[23:22:07 INF] HTTP GET /_framework/Microsoft.Win32.Registry.y4gq7fo2lp.wasm.gz responded 200 in 0.8053 ms 
[23:22:07 INF] Request finished HTTP/1.1 GET http://localhost:5000/_framework/Microsoft.Win32.Registry.y4gq7fo2lp.wasm.gz - 200 9311 application/wasm 0.9576ms 
[23:22:07 INF] Sending file. Request path: '/_framework/System.AppContext.2bkkwkya64.wasm.gz'. Physical path: 'C:\Users\punko\Downloads\PoMiniGames\src\PoMiniGames.Client\obj\Debug\net10.0\compressed\cd2bnpo44p-{0}-2bkkwkya64-2bkkwkya64.gz' 
[23:22:07 INF] HTTP GET /_framework/System.AppContext.2bkkwkya64.wasm.gz responded 200 in 0.4369 ms 
[23:22:07 INF] Request finished HTTP/1.1 GET http://localhost:5000/_framework/System.AppContext.2bkkwkya64.wasm.gz - 200 2121 application/wasm 0.5725ms 
[23:22:07 INF] Request starting HTTP/1.1 GET http://localhost:5000/_framework/System.Buffers.28ngaukdh3.wasm - null null 
[23:22:07 INF] Sending file. Request path: '/_framework/System.Buffers.28ngaukdh3.wasm.gz'. Physical path: 'C:\Users\punko\Downloads\PoMiniGames\src\PoMiniGames.Client\obj\Debug\net10.0\compressed\uxv6upztr3-{0}-28ngaukdh3-28ngaukdh3.gz' 
[23:22:07 INF] HTTP GET /_framework/System.Buffers.28ngaukdh3.wasm.gz responded 200 in 0.4164 ms 
[23:22:07 INF] Request finished HTTP/1.1 GET http://localhost:5000/_framework/System.Buffers.28ngaukdh3.wasm.gz - 200 2121 application/wasm 0.5869ms 
[23:22:07 INF] Request starting HTTP/1.1 GET http://localhost:5000/_framework/System.Collections.Concurrent.uigxbozvg6.wasm - null null 
[23:22:07 INF] Sending file. Request path: '/_framework/System.Collections.Concurrent.uigxbozvg6.wasm.gz'. Physical path: 'C:\Users\punko\Downloads\PoMiniGames\src\PoMiniGames.Client\obj\Debug\net10.0\compressed\tppx1d8klq-{0}-uigxbozvg6-uigxbozvg6.gz' 
[23:22:07 INF] HTTP GET /_framework/System.Collections.Concurrent.uigxbozvg6.wasm.gz responded 200 in 0.8112 ms 
[23:22:07 INF] Request finished HTTP/1.1 GET http://localhost:5000/_framework/System.Collections.Concurrent.uigxbozvg6.wasm.gz - 200 34278 application/wasm 0.9737ms 
[23:22:07 INF] Request starting HTTP/1.1 GET http://localhost:5000/_framework/System.Collections.Immutable.jity4go0mw.wasm - null null 
[23:22:07 INF] Sending file. Request path: '/_framework/System.Collections.Immutable.jity4go0mw.wasm.gz'. Physical path: 'C:\Users\punko\Downloads\PoMiniGames\src\PoMiniGames.Client\obj\Debug\net10.0\compressed\u03cje9g87-{0}-jity4go0mw-jity4go0mw.gz' 
[23:22:07 INF] HTTP GET /_framework/System.Collections.Immutable.jity4go0mw.wasm.gz responded 200 in 0.9742 ms 
[23:22:07 INF] Request finished HTTP/1.1 GET http://localhost:5000/_framework/System.Collections.Immutable.jity4go0mw.wasm.gz - 200 99323 application/wasm 1.0724ms 
[23:22:07 INF] Request starting HTTP/1.1 GET http://localhost:5000/_framework/System.Collections.NonGeneric.t4c1msu741.wasm - null null 
[23:22:07 INF] Sending file. Request path: '/_framework/System.Collections.NonGeneric.t4c1msu741.wasm.gz'. Physical path: 'C:\Users\punko\Downloads\PoMiniGames\src\PoMiniGames.Client\obj\Debug\net10.0\compressed\1yjba18k5v-{0}-t4c1msu741-t4c1msu741.gz' 
[23:22:07 INF] HTTP GET /_framework/System.Collections.NonGeneric.t4c1msu741.wasm.gz responded 200 in 0.5730 ms 
[23:22:07 INF] Request finished HTTP/1.1 GET http://localhost:5000/_framework/System.Collections.NonGeneric.t4c1msu741.wasm.gz - 200 14956 application/wasm 0.6954ms 
[23:22:07 INF] Request starting HTTP/1.1 GET http://localhost:5000/_framework/System.Collections.Specialized.rjq2931kbi.wasm - null null 
[23:22:07 INF] Sending file. Request path: '/_framework/System.Collections.Specialized.rjq2931kbi.wasm.gz'. Physical path: 'C:\Users\punko\Downloads\PoMiniGames\src\PoMiniGames.Client\obj\Debug\net10.0\compressed\44l3cpp0x7-{0}-rjq2931kbi-rjq2931kbi.gz' 
[23:22:07 INF] HTTP GET /_framework/System.Collections.Specialized.rjq2931kbi.wasm.gz responded 200 in 0.3131 ms 
[23:22:07 INF] Request finished HTTP/1.1 GET http://localhost:5000/_framework/System.Collections.Specialized.rjq2931kbi.wasm.gz - 200 16597 application/wasm 0.3971ms 
[23:22:07 INF] Request starting HTTP/1.1 GET http://localhost:5000/_framework/System.Collections.0wg2pdla5w.wasm - null null 
[23:22:07 INF] Request starting HTTP/1.1 GET http://localhost:5000/_framework/System.ComponentModel.Annotations.x1bvmbqcbl.wasm - null null 
[23:22:07 INF] Sending file. Request path: '/_framework/System.Collections.0wg2pdla5w.wasm.gz'. Physical path: 'C:\Users\punko\Downloads\PoMiniGames\src\PoMiniGames.Client\obj\Debug\net10.0\compressed\lag8ndukwt-{0}-0wg2pdla5w-0wg2pdla5w.gz' 
[23:22:07 INF] HTTP GET /_framework/System.Collections.0wg2pdla5w.wasm.gz responded 200 in 0.7294 ms 
[23:22:07 INF] Request finished HTTP/1.1 GET http://localhost:5000/_framework/System.Collections.0wg2pdla5w.wasm.gz - 200 44012 application/wasm 0.8325ms 
[23:22:07 INF] Sending file. Request path: '/_framework/System.ComponentModel.Annotations.x1bvmbqcbl.wasm.gz'. Physical path: 'C:\Users\punko\Downloads\PoMiniGames\src\PoMiniGames.Client\obj\Debug\net10.0\compressed\bc1r6t6w6s-{0}-x1bvmbqcbl-x1bvmbqcbl.gz' 
[23:22:07 INF] HTTP GET /_framework/System.ComponentModel.Annotations.x1bvmbqcbl.wasm.gz responded 200 in 0.2778 ms 
[23:22:07 INF] Request finished HTTP/1.1 GET http://localhost:5000/_framework/System.ComponentModel.Annotations.x1bvmbqcbl.wasm.gz - 200 36556 application/wasm 0.3952ms 
[23:22:07 INF] Request starting HTTP/1.1 GET http://localhost:5000/_framework/System.ComponentModel.DataAnnotations.0ugm2kn0ef.wasm - null null 
[23:22:07 INF] Sending file. Request path: '/_framework/System.ComponentModel.DataAnnotations.0ugm2kn0ef.wasm.gz'. Physical path: 'C:\Users\punko\Downloads\PoMiniGames\src\PoMiniGames.Client\obj\Debug\net10.0\compressed\xubt6ls29y-{0}-0ugm2kn0ef-0ugm2kn0ef.gz' 
[23:22:07 INF] HTTP GET /_framework/System.ComponentModel.DataAnnotations.0ugm2kn0ef.wasm.gz responded 200 in 0.1858 ms 
[23:22:07 INF] Request finished HTTP/1.1 GET http://localhost:5000/_framework/System.ComponentModel.DataAnnotations.0ugm2kn0ef.wasm.gz - 200 2601 application/wasm 0.2352ms 
[23:22:07 INF] Request starting HTTP/1.1 GET http://localhost:5000/_framework/System.ComponentModel.EventBasedAsync.iqz7yfxk0z.wasm - null null 
[23:22:07 INF] Request starting HTTP/1.1 GET http://localhost:5000/_framework/System.ComponentModel.Primitives.66wyka365l.wasm - null null 
[23:22:07 INF] Sending file. Request path: '/_framework/System.ComponentModel.EventBasedAsync.iqz7yfxk0z.wasm.gz'. Physical path: 'C:\Users\punko\Downloads\PoMiniGames\src\PoMiniGames.Client\obj\Debug\net10.0\compressed\pqla4yj3ll-{0}-iqz7yfxk0z-iqz7yfxk0z.gz' 
[23:22:07 INF] HTTP GET /_framework/System.ComponentModel.EventBasedAsync.iqz7yfxk0z.wasm.gz responded 200 in 0.3571 ms 
[23:22:07 INF] Request finished HTTP/1.1 GET http://localhost:5000/_framework/System.ComponentModel.EventBasedAsync.iqz7yfxk0z.wasm.gz - 200 6906 application/wasm 0.4831ms 
[23:22:07 INF] Request starting HTTP/1.1 GET http://localhost:5000/_framework/System.ComponentModel.TypeConverter.le29ulsuyy.wasm - null null 
[23:22:07 INF] Request starting HTTP/1.1 GET http://localhost:5000/_framework/System.ComponentModel.wj8g6avob9.wasm - null null 
[23:22:07 INF] Sending file. Request path: '/_framework/System.ComponentModel.wj8g6avob9.wasm.gz'. Physical path: 'C:\Users\punko\Downloads\PoMiniGames\src\PoMiniGames.Client\obj\Debug\net10.0\compressed\tbmgzul9cn-{0}-wj8g6avob9-wj8g6avob9.gz' 
[23:22:07 INF] HTTP GET /_framework/System.ComponentModel.wj8g6avob9.wasm.gz responded 200 in 0.3905 ms 
[23:22:07 INF] Request finished HTTP/1.1 GET http://localhost:5000/_framework/System.ComponentModel.wj8g6avob9.wasm.gz - 200 2583 application/wasm 0.4868ms 
[23:22:07 INF] Request starting HTTP/1.1 GET http://localhost:5000/_framework/System.Configuration.7xj6hflys1.wasm - null null 
[23:22:07 INF] Sending file. Request path: '/_framework/System.Configuration.7xj6hflys1.wasm.gz'. Physical path: 'C:\Users\punko\Downloads\PoMiniGames\src\PoMiniGames.Client\obj\Debug\net10.0\compressed\146zd43u3v-{0}-7xj6hflys1-7xj6hflys1.gz' 
[23:22:07 INF] HTTP GET /_framework/System.Configuration.7xj6hflys1.wasm.gz responded 200 in 1.6533 ms 
[23:22:07 INF] Request finished HTTP/1.1 GET http://localhost:5000/_framework/System.Configuration.7xj6hflys1.wasm.gz - 200 3160 application/wasm 1.7137ms 
[23:22:07 INF] Sending file. Request path: '/_framework/System.ComponentModel.Primitives.66wyka365l.wasm.gz'. Physical path: 'C:\Users\punko\Downloads\PoMiniGames\src\PoMiniGames.Client\obj\Debug\net10.0\compressed\uqdfy30hkj-{0}-66wyka365l-66wyka365l.gz' 
[23:22:07 INF] HTTP GET /_framework/System.ComponentModel.Primitives.66wyka365l.wasm.gz responded 200 in 4.7171 ms 
[23:22:07 INF] Request finished HTTP/1.1 GET http://localhost:5000/_framework/System.ComponentModel.Primitives.66wyka365l.wasm.gz - 200 13652 application/wasm 4.7772ms 
[23:22:07 INF] Sending file. Request path: '/_framework/System.ComponentModel.TypeConverter.le29ulsuyy.wasm.gz'. Physical path: 'C:\Users\punko\Downloads\PoMiniGames\src\PoMiniGames.Client\obj\Debug\net10.0\compressed\wrzh5iyb35-{0}-le29ulsuyy-le29ulsuyy.gz' 
[23:22:07 INF] HTTP GET /_framework/System.ComponentModel.TypeConverter.le29ulsuyy.wasm.gz responded 200 in 4.5536 ms 
[23:22:07 INF] Request finished HTTP/1.1 GET http://localhost:5000/_framework/System.ComponentModel.TypeConverter.le29ulsuyy.wasm.gz - 200 125170 application/wasm 4.5944ms 
[23:22:07 INF] Request starting HTTP/1.1 GET http://localhost:5000/_framework/System.Console.bdauwtppto.wasm - null null 
[23:22:07 INF] Sending file. Request path: '/_framework/System.Console.bdauwtppto.wasm.gz'. Physical path: 'C:\Users\punko\Downloads\PoMiniGames\src\PoMiniGames.Client\obj\Debug\net10.0\compressed\b5fkqjownu-{0}-bdauwtppto-bdauwtppto.gz' 
[23:22:07 INF] HTTP GET /_framework/System.Console.bdauwtppto.wasm.gz responded 200 in 0.4090 ms 
[23:22:07 INF] Request finished HTTP/1.1 GET http://localhost:5000/_framework/System.Console.bdauwtppto.wasm.gz - 200 20060 application/wasm 0.5025ms 
[23:22:07 INF] Request starting HTTP/1.1 GET http://localhost:5000/_framework/System.Data.Common.or5475be6q.wasm - null null 
[23:22:07 INF] Request starting HTTP/1.1 GET http://localhost:5000/_framework/System.Data.DataSetExtensions.aie27nz2fz.wasm - null null 
[23:22:07 INF] Sending file. Request path: '/_framework/System.Data.DataSetExtensions.aie27nz2fz.wasm.gz'. Physical path: 'C:\Users\punko\Downloads\PoMiniGames\src\PoMiniGames.Client\obj\Debug\net10.0\compressed\je2aay05jf-{0}-aie27nz2fz-aie27nz2fz.gz' 
[23:22:07 INF] HTTP GET /_framework/System.Data.DataSetExtensions.aie27nz2fz.wasm.gz responded 200 in 0.4591 ms 
[23:22:07 INF] Request finished HTTP/1.1 GET http://localhost:5000/_framework/System.Data.DataSetExtensions.aie27nz2fz.wasm.gz - 200 2082 application/wasm 0.5056ms 
[23:22:07 INF] Request starting HTTP/1.1 GET http://localhost:5000/_framework/System.Core.63xjv55d3c.wasm - null null 
[23:22:07 INF] Sending file. Request path: '/_framework/System.Core.63xjv55d3c.wasm.gz'. Physical path: 'C:\Users\punko\Downloads\PoMiniGames\src\PoMiniGames.Client\obj\Debug\net10.0\compressed\1h95rafuhf-{0}-63xjv55d3c-63xjv55d3c.gz' 
[23:22:07 INF] HTTP GET /_framework/System.Core.63xjv55d3c.wasm.gz responded 200 in 0.2743 ms 
[23:22:07 INF] Request finished HTTP/1.1 GET http://localhost:5000/_framework/System.Core.63xjv55d3c.wasm.gz - 200 4620 application/wasm 1.7959ms 
[23:22:07 INF] Request starting HTTP/1.1 GET http://localhost:5000/_framework/System.Data.s403jyj13x.wasm - null null 
[23:22:07 INF] Request starting HTTP/1.1 GET http://localhost:5000/_framework/System.Diagnostics.Contracts.awjvmobi6a.wasm - null null 
[23:22:07 INF] Sending file. Request path: '/_framework/System.Data.s403jyj13x.wasm.gz'. Physical path: 'C:\Users\punko\Downloads\PoMiniGames\src\PoMiniGames.Client\obj\Debug\net10.0\compressed\4cjm4txr5r-{0}-s403jyj13x-s403jyj13x.gz' 
[23:22:07 INF] HTTP GET /_framework/System.Data.s403jyj13x.wasm.gz responded 200 in 0.6434 ms 
[23:22:07 INF] Request finished HTTP/1.1 GET http://localhost:5000/_framework/System.Data.s403jyj13x.wasm.gz - 200 5106 application/wasm 0.7849ms 
[23:22:07 INF] Request starting HTTP/1.1 GET http://localhost:5000/_framework/System.Diagnostics.Debug.zd32j0e68b.wasm - null null 
[23:22:07 INF] Sending file. Request path: '/_framework/System.Diagnostics.Contracts.awjvmobi6a.wasm.gz'. Physical path: 'C:\Users\punko\Downloads\PoMiniGames\src\PoMiniGames.Client\obj\Debug\net10.0\compressed\82rg934rel-{0}-awjvmobi6a-awjvmobi6a.gz' 
[23:22:07 INF] HTTP GET /_framework/System.Diagnostics.Contracts.awjvmobi6a.wasm.gz responded 200 in 0.5674 ms 
[23:22:07 INF] Request finished HTTP/1.1 GET http://localhost:5000/_framework/System.Diagnostics.Contracts.awjvmobi6a.wasm.gz - 200 2413 application/wasm 0.7657ms 
[23:22:07 INF] Request starting HTTP/1.1 GET http://localhost:5000/_framework/System.Diagnostics.DiagnosticSource.h063kza90u.wasm - null null 
[23:22:07 INF] Sending file. Request path: '/_framework/System.Diagnostics.Debug.zd32j0e68b.wasm.gz'. Physical path: 'C:\Users\punko\Downloads\PoMiniGames\src\PoMiniGames.Client\obj\Debug\net10.0\compressed\y70nixs12r-{0}-zd32j0e68b-zd32j0e68b.gz' 
[23:22:07 INF] HTTP GET /_framework/System.Diagnostics.Debug.zd32j0e68b.wasm.gz responded 200 in 0.1613 ms 
[23:22:07 INF] Request finished HTTP/1.1 GET http://localhost:5000/_framework/System.Diagnostics.Debug.zd32j0e68b.wasm.gz - 200 2296 application/wasm 0.2045ms 
[23:22:07 INF] Sending file. Request path: '/_framework/System.Diagnostics.DiagnosticSource.h063kza90u.wasm.gz'. Physical path: 'C:\Users\punko\Downloads\PoMiniGames\src\PoMiniGames.Client\obj\Debug\net10.0\compressed\b60q62h1dl-{0}-h063kza90u-h063kza90u.gz' 
[23:22:07 INF] HTTP GET /_framework/System.Diagnostics.DiagnosticSource.h063kza90u.wasm.gz responded 200 in 0.5386 ms 
[23:22:07 INF] Request finished HTTP/1.1 GET http://localhost:5000/_framework/System.Diagnostics.DiagnosticSource.h063kza90u.wasm.gz - 200 82430 application/wasm 0.6268ms 
[23:22:07 INF] Sending file. Request path: '/_framework/System.Data.Common.or5475be6q.wasm.gz'. Physical path: 'C:\Users\punko\Downloads\PoMiniGames\src\PoMiniGames.Client\obj\Debug\net10.0\compressed\2ao7p2uo3n-{0}-or5475be6q-or5475be6q.gz' 
[23:22:07 INF] HTTP GET /_framework/System.Data.Common.or5475be6q.wasm.gz responded 200 in 7.2926 ms 
[23:22:07 INF] Request finished HTTP/1.1 GET http://localhost:5000/_framework/System.Data.Common.or5475be6q.wasm.gz - 200 379504 application/wasm 7.3409ms 
[23:22:07 INF] Request starting HTTP/1.1 GET http://localhost:5000/_framework/System.Diagnostics.FileVersionInfo.5faw37z8re.wasm - null null 
[23:22:07 INF] Request starting HTTP/1.1 GET http://localhost:5000/_framework/System.Diagnostics.Process.85y49vqmlw.wasm - null null 
[23:22:07 INF] Sending file. Request path: '/_framework/System.Diagnostics.FileVersionInfo.5faw37z8re.wasm.gz'. Physical path: 'C:\Users\punko\Downloads\PoMiniGames\src\PoMiniGames.Client\obj\Debug\net10.0\compressed\su9at2bhw9-{0}-5faw37z8re-5faw37z8re.gz' 
[23:22:07 INF] HTTP GET /_framework/System.Diagnostics.FileVersionInfo.5faw37z8re.wasm.gz responded 200 in 0.3521 ms 
[23:22:07 INF] Sending file. Request path: '/_framework/System.Diagnostics.Process.85y49vqmlw.wasm.gz'. Physical path: 'C:\Users\punko\Downloads\PoMiniGames\src\PoMiniGames.Client\obj\Debug\net10.0\compressed\mzq96rtjfw-{0}-85y49vqmlw-85y49vqmlw.gz' 
[23:22:07 INF] Request finished HTTP/1.1 GET http://localhost:5000/_framework/System.Diagnostics.FileVersionInfo.5faw37z8re.wasm.gz - 200 5196 application/wasm 0.4485ms 
[23:22:07 INF] HTTP GET /_framework/System.Diagnostics.Process.85y49vqmlw.wasm.gz responded 200 in 0.3534 ms 
[23:22:07 INF] Request finished HTTP/1.1 GET http://localhost:5000/_framework/System.Diagnostics.Process.85y49vqmlw.wasm.gz - 200 16610 application/wasm 0.4694ms 
[23:22:07 INF] Request starting HTTP/1.1 GET http://localhost:5000/_framework/System.Diagnostics.StackTrace.y2jslxj8se.wasm - null null 
[23:22:07 INF] Sending file. Request path: '/_framework/System.Diagnostics.StackTrace.y2jslxj8se.wasm.gz'. Physical path: 'C:\Users\punko\Downloads\PoMiniGames\src\PoMiniGames.Client\obj\Debug\net10.0\compressed\bdimzzvdli-{0}-y2jslxj8se-y2jslxj8se.gz' 
[23:22:07 INF] HTTP GET /_framework/System.Diagnostics.StackTrace.y2jslxj8se.wasm.gz responded 200 in 0.4342 ms 
[23:22:07 INF] Request finished HTTP/1.1 GET http://localhost:5000/_framework/System.Diagnostics.StackTrace.y2jslxj8se.wasm.gz - 200 7523 application/wasm 0.5554ms 
[23:22:07 INF] Request starting HTTP/1.1 GET http://localhost:5000/_framework/System.Diagnostics.TextWriterTraceListener.ubfqtow1rg.wasm - null null 
[23:22:07 INF] Sending file. Request path: '/_framework/System.Diagnostics.TextWriterTraceListener.ubfqtow1rg.wasm.gz'. Physical path: 'C:\Users\punko\Downloads\PoMiniGames\src\PoMiniGames.Client\obj\Debug\net10.0\compressed\ee1cxws0mh-{0}-ubfqtow1rg-ubfqtow1rg.gz' 
[23:22:07 INF] HTTP GET /_framework/System.Diagnostics.TextWriterTraceListener.ubfqtow1rg.wasm.gz responded 200 in 0.7307 ms 
[23:22:07 INF] Request finished HTTP/1.1 GET http://localhost:5000/_framework/System.Diagnostics.TextWriterTraceListener.ubfqtow1rg.wasm.gz - 200 9570 application/wasm 0.969ms 
[23:22:07 INF] Request starting HTTP/1.1 GET http://localhost:5000/_framework/System.Diagnostics.Tools.fxjm3tg3oa.wasm - null null 
[23:22:07 INF] Sending file. Request path: '/_framework/System.Diagnostics.Tools.fxjm3tg3oa.wasm.gz'. Physical path: 'C:\Users\punko\Downloads\PoMiniGames\src\PoMiniGames.Client\obj\Debug\net10.0\compressed\6g2ujl5iku-{0}-fxjm3tg3oa-fxjm3tg3oa.gz' 
[23:22:07 INF] HTTP GET /_framework/System.Diagnostics.Tools.fxjm3tg3oa.wasm.gz responded 200 in 0.4633 ms 
[23:22:07 INF] Request finished HTTP/1.1 GET http://localhost:5000/_framework/System.Diagnostics.Tools.fxjm3tg3oa.wasm.gz - 200 2193 application/wasm 0.5771ms 
[23:22:07 INF] Request starting HTTP/1.1 GET http://localhost:5000/_framework/System.Diagnostics.TraceSource.m2df4u53h3.wasm - null null 
[23:22:07 INF] Sending file. Request path: '/_framework/System.Diagnostics.TraceSource.m2df4u53h3.wasm.gz'. Physical path: 'C:\Users\punko\Downloads\PoMiniGames\src\PoMiniGames.Client\obj\Debug\net10.0\compressed\sw5oqwvcf6-{0}-m2df4u53h3-m2df4u53h3.gz' 
[23:22:07 INF] HTTP GET /_framework/System.Diagnostics.TraceSource.m2df4u53h3.wasm.gz responded 200 in 0.4600 ms 
[23:22:07 INF] Request finished HTTP/1.1 GET http://localhost:5000/_framework/System.Diagnostics.TraceSource.m2df4u53h3.wasm.gz - 200 20502 application/wasm 0.5591ms 
[23:22:07 INF] Request starting HTTP/1.1 GET http://localhost:5000/_framework/System.Diagnostics.Tracing.yykvalakbz.wasm - null null 
[23:22:07 INF] Sending file. Request path: '/_framework/System.Diagnostics.Tracing.yykvalakbz.wasm.gz'. Physical path: 'C:\Users\punko\Downloads\PoMiniGames\src\PoMiniGames.Client\obj\Debug\net10.0\compressed\zsgmgsxgxm-{0}-yykvalakbz-yykvalakbz.gz' 
[23:22:07 INF] HTTP GET /_framework/System.Diagnostics.Tracing.yykvalakbz.wasm.gz responded 200 in 0.6965 ms 
[23:22:07 INF] Request finished HTTP/1.1 GET http://localhost:5000/_framework/System.Diagnostics.Tracing.yykvalakbz.wasm.gz - 200 2527 application/wasm 0.8943ms 
[23:22:07 INF] Request starting HTTP/1.1 GET http://localhost:5000/_framework/System.Drawing.Primitives.6ajpvk5hee.wasm - null null 
[23:22:07 INF] Request starting HTTP/1.1 GET http://localhost:5000/_framework/System.Drawing.pwn69jd1sx.wasm - null null 
[23:22:07 INF] Sending file. Request path: '/_framework/System.Drawing.pwn69jd1sx.wasm.gz'. Physical path: 'C:\Users\punko\Downloads\PoMiniGames\src\PoMiniGames.Client\obj\Debug\net10.0\compressed\261obxepzo-{0}-pwn69jd1sx-pwn69jd1sx.gz' 
[23:22:07 INF] HTTP GET /_framework/System.Drawing.pwn69jd1sx.wasm.gz responded 200 in 0.3000 ms 
[23:22:07 INF] Request finished HTTP/1.1 GET http://localhost:5000/_framework/System.Drawing.pwn69jd1sx.wasm.gz - 200 3906 application/wasm 0.3754ms 
[23:22:07 INF] Sending file. Request path: '/_framework/System.Drawing.Primitives.6ajpvk5hee.wasm.gz'. Physical path: 'C:\Users\punko\Downloads\PoMiniGames\src\PoMiniGames.Client\obj\Debug\net10.0\compressed\yu6x3zh4xz-{0}-6ajpvk5hee-6ajpvk5hee.gz' 
[23:22:07 INF] HTTP GET /_framework/System.Drawing.Primitives.6ajpvk5hee.wasm.gz responded 200 in 0.4565 ms 
[23:22:07 INF] Request finished HTTP/1.1 GET http://localhost:5000/_framework/System.Drawing.Primitives.6ajpvk5hee.wasm.gz - 200 24569 application/wasm 0.5635ms 
[23:22:07 INF] Request starting HTTP/1.1 GET http://localhost:5000/_framework/System.Dynamic.Runtime.dwxo8l4rdr.wasm - null null 
[23:22:07 INF] Request starting HTTP/1.1 GET http://localhost:5000/_framework/System.Formats.Asn1.7r6f4x6f4s.wasm - null null 
[23:22:07 INF] Sending file. Request path: '/_framework/System.Dynamic.Runtime.dwxo8l4rdr.wasm.gz'. Physical path: 'C:\Users\punko\Downloads\PoMiniGames\src\PoMiniGames.Client\obj\Debug\net10.0\compressed\iu62cco4i4-{0}-dwxo8l4rdr-dwxo8l4rdr.gz' 
[23:22:07 INF] HTTP GET /_framework/System.Dynamic.Runtime.dwxo8l4rdr.wasm.gz responded 200 in 0.3633 ms 
[23:22:07 INF] Request finished HTTP/1.1 GET http://localhost:5000/_framework/System.Dynamic.Runtime.dwxo8l4rdr.wasm.gz - 200 2462 application/wasm 0.5072ms 
[23:22:07 INF] Sending file. Request path: '/_framework/System.Formats.Asn1.7r6f4x6f4s.wasm.gz'. Physical path: 'C:\Users\punko\Downloads\PoMiniGames\src\PoMiniGames.Client\obj\Debug\net10.0\compressed\ma8nk586j5-{0}-7r6f4x6f4s-7r6f4x6f4s.gz' 
[23:22:07 INF] HTTP GET /_framework/System.Formats.Asn1.7r6f4x6f4s.wasm.gz responded 200 in 0.4277 ms 
[23:22:07 INF] Request finished HTTP/1.1 GET http://localhost:5000/_framework/System.Formats.Asn1.7r6f4x6f4s.wasm.gz - 200 36569 application/wasm 0.5326ms 
[23:22:07 INF] Request starting HTTP/1.1 GET http://localhost:5000/_framework/System.Formats.Tar.9uzzbcwdi8.wasm - null null 
[23:22:07 INF] Sending file. Request path: '/_framework/System.Formats.Tar.9uzzbcwdi8.wasm.gz'. Physical path: 'C:\Users\punko\Downloads\PoMiniGames\src\PoMiniGames.Client\obj\Debug\net10.0\compressed\nn1jgwaggq-{0}-9uzzbcwdi8-9uzzbcwdi8.gz' 
[23:22:07 INF] HTTP GET /_framework/System.Formats.Tar.9uzzbcwdi8.wasm.gz responded 200 in 0.7513 ms 
[23:22:07 INF] Request finished HTTP/1.1 GET http://localhost:5000/_framework/System.Formats.Tar.9uzzbcwdi8.wasm.gz - 200 10687 application/wasm 1.1672ms 
[23:22:07 INF] Request starting HTTP/1.1 GET http://localhost:5000/_framework/System.Globalization.Calendars.h9ciwjgoxu.wasm - null null 
[23:22:07 INF] Request starting HTTP/1.1 GET http://localhost:5000/_framework/System.Globalization.Extensions.7iv43bve8g.wasm - null null 
[23:22:07 INF] Sending file. Request path: '/_framework/System.Globalization.Calendars.h9ciwjgoxu.wasm.gz'. Physical path: 'C:\Users\punko\Downloads\PoMiniGames\src\PoMiniGames.Client\obj\Debug\net10.0\compressed\9iftafuejg-{0}-h9ciwjgoxu-h9ciwjgoxu.gz' 
[23:22:07 INF] Sending file. Request path: '/_framework/System.Globalization.Extensions.7iv43bve8g.wasm.gz'. Physical path: 'C:\Users\punko\Downloads\PoMiniGames\src\PoMiniGames.Client\obj\Debug\net10.0\compressed\6qlnxpvphx-{0}-7iv43bve8g-7iv43bve8g.gz' 
[23:22:07 INF] HTTP GET /_framework/System.Globalization.Calendars.h9ciwjgoxu.wasm.gz responded 200 in 0.3789 ms 
[23:22:07 INF] HTTP GET /_framework/System.Globalization.Extensions.7iv43bve8g.wasm.gz responded 200 in 0.2033 ms 
[23:22:07 INF] Request finished HTTP/1.1 GET http://localhost:5000/_framework/System.Globalization.Calendars.h9ciwjgoxu.wasm.gz - 200 2307 application/wasm 0.4404ms 
[23:22:07 INF] Request finished HTTP/1.1 GET http://localhost:5000/_framework/System.Globalization.Extensions.7iv43bve8g.wasm.gz - 200 2205 application/wasm 0.2641ms 
[23:22:07 INF] Request starting HTTP/1.1 GET http://localhost:5000/_framework/System.Globalization.xg8c7skko3.wasm - null null 
[23:22:07 INF] Request starting HTTP/1.1 GET http://localhost:5000/_framework/System.IO.Compression.Brotli.cgycdoss65.wasm - null null 
[23:22:07 INF] Sending file. Request path: '/_framework/System.Globalization.xg8c7skko3.wasm.gz'. Physical path: 'C:\Users\punko\Downloads\PoMiniGames\src\PoMiniGames.Client\obj\Debug\net10.0\compressed\rvkjz4fcct-{0}-xg8c7skko3-xg8c7skko3.gz' 
[23:22:07 INF] HTTP GET /_framework/System.Globalization.xg8c7skko3.wasm.gz responded 200 in 0.3201 ms 
[23:22:07 INF] Request finished HTTP/1.1 GET http://localhost:5000/_framework/System.Globalization.xg8c7skko3.wasm.gz - 200 2281 application/wasm 1.5419ms 
[23:22:07 INF] Sending file. Request path: '/_framework/System.IO.Compression.Brotli.cgycdoss65.wasm.gz'. Physical path: 'C:\Users\punko\Downloads\PoMiniGames\src\PoMiniGames.Client\obj\Debug\net10.0\compressed\lw7c231qen-{0}-cgycdoss65-cgycdoss65.gz' 
[23:22:07 INF] HTTP GET /_framework/System.IO.Compression.Brotli.cgycdoss65.wasm.gz responded 200 in 0.3000 ms 
[23:22:07 INF] Request finished HTTP/1.1 GET http://localhost:5000/_framework/System.IO.Compression.Brotli.cgycdoss65.wasm.gz - 200 7047 application/wasm 0.3639ms 
[23:22:07 INF] Request starting HTTP/1.1 GET http://localhost:5000/_framework/System.IO.Compression.ZipFile.hq70g0m5k0.wasm - null null 
[23:22:07 INF] Request starting HTTP/1.1 GET http://localhost:5000/_framework/System.IO.Compression.FileSystem.g80du2epa5.wasm - null null 
[23:22:07 INF] Request starting HTTP/1.1 GET http://localhost:5000/_framework/System.IO.Compression.ntu9cg6tk2.wasm - null null 
[23:22:07 INF] Sending file. Request path: '/_framework/System.IO.Compression.ZipFile.hq70g0m5k0.wasm.gz'. Physical path: 'C:\Users\punko\Downloads\PoMiniGames\src\PoMiniGames.Client\obj\Debug\net10.0\compressed\k49o0oiqlu-{0}-hq70g0m5k0-hq70g0m5k0.gz' 
[23:22:07 INF] HTTP GET /_framework/System.IO.Compression.ZipFile.hq70g0m5k0.wasm.gz responded 200 in 0.8369 ms 
[23:22:07 INF] Request finished HTTP/1.1 GET http://localhost:5000/_framework/System.IO.Compression.ZipFile.hq70g0m5k0.wasm.gz - 200 19197 application/wasm 1.0863ms 
[23:22:07 INF] Sending file. Request path: '/_framework/System.IO.Compression.FileSystem.g80du2epa5.wasm.gz'. Physical path: 'C:\Users\punko\Downloads\PoMiniGames\src\PoMiniGames.Client\obj\Debug\net10.0\compressed\3j26jcttwy-{0}-g80du2epa5-g80du2epa5.gz' 
[23:22:07 INF] HTTP GET /_framework/System.IO.Compression.FileSystem.g80du2epa5.wasm.gz responded 200 in 0.9587 ms 
[23:22:07 INF] Request starting HTTP/1.1 GET http://localhost:5000/_framework/System.IO.FileSystem.AccessControl.bcre3rjv67.wasm - null null 
[23:22:07 INF] Request finished HTTP/1.1 GET http://localhost:5000/_framework/System.IO.Compression.FileSystem.g80du2epa5.wasm.gz - 200 2004 application/wasm 5.2452ms 
[23:22:07 INF] Request starting HTTP/1.1 GET http://localhost:5000/_framework/System.IO.FileSystem.DriveInfo.gc4k28tlqi.wasm - null null 
[23:22:07 INF] Sending file. Request path: '/_framework/System.IO.FileSystem.AccessControl.bcre3rjv67.wasm.gz'. Physical path: 'C:\Users\punko\Downloads\PoMiniGames\src\PoMiniGames.Client\obj\Debug\net10.0\compressed\64ndlmw773-{0}-bcre3rjv67-bcre3rjv67.gz' 
[23:22:07 INF] HTTP GET /_framework/System.IO.FileSystem.AccessControl.bcre3rjv67.wasm.gz responded 200 in 0.2184 ms 
[23:22:07 INF] Request finished HTTP/1.1 GET http://localhost:5000/_framework/System.IO.FileSystem.AccessControl.bcre3rjv67.wasm.gz - 200 8628 application/wasm 0.3007ms 
[23:22:07 INF] Sending file. Request path: '/_framework/System.IO.FileSystem.DriveInfo.gc4k28tlqi.wasm.gz'. Physical path: 'C:\Users\punko\Downloads\PoMiniGames\src\PoMiniGames.Client\obj\Debug\net10.0\compressed\i7641dgtnp-{0}-gc4k28tlqi-gc4k28tlqi.gz' 
[23:22:07 INF] HTTP GET /_framework/System.IO.FileSystem.DriveInfo.gc4k28tlqi.wasm.gz responded 200 in 0.4972 ms 
[23:22:07 INF] Request finished HTTP/1.1 GET http://localhost:5000/_framework/System.IO.FileSystem.DriveInfo.gc4k28tlqi.wasm.gz - 200 6100 application/wasm 0.6761ms 
[23:22:07 INF] Sending file. Request path: '/_framework/System.IO.Compression.ntu9cg6tk2.wasm.gz'. Physical path: 'C:\Users\punko\Downloads\PoMiniGames\src\PoMiniGames.Client\obj\Debug\net10.0\compressed\5haa2tlaw3-{0}-ntu9cg6tk2-ntu9cg6tk2.gz' 
[23:22:07 INF] HTTP GET /_framework/System.IO.Compression.ntu9cg6tk2.wasm.gz responded 200 in 1.3227 ms 
[23:22:07 INF] Request finished HTTP/1.1 GET http://localhost:5000/_framework/System.IO.Compression.ntu9cg6tk2.wasm.gz - 200 66249 application/wasm 1.8365ms 
[23:22:07 INF] Sending file. Request path: '/_framework/System.Private.CoreLib.9s549gpy7m.wasm.gz'. Physical path: 'C:\Users\punko\Downloads\PoMiniGames\src\PoMiniGames.Client\obj\Debug\net10.0\compressed\skspx8lfl8-{0}-9s549gpy7m-9s549gpy7m.gz' 
[23:22:07 INF] HTTP GET /_framework/System.Private.CoreLib.9s549gpy7m.wasm.gz responded 200 in 257.1469 ms 
[23:22:07 INF] Request finished HTTP/1.1 GET http://localhost:5000/_framework/System.Private.CoreLib.9s549gpy7m.wasm.gz - 200 1588491 application/wasm 257.3067ms 
[23:22:07 INF] Request starting HTTP/1.1 GET http://localhost:5000/_framework/System.IO.FileSystem.Primitives.be43v34w5x.wasm - null null 
[23:22:07 INF] Request starting HTTP/1.1 GET http://localhost:5000/_framework/System.IO.FileSystem.Watcher.8qc3wsh77q.wasm - null null 
[23:22:07 INF] Sending file. Request path: '/_framework/System.IO.FileSystem.Primitives.be43v34w5x.wasm.gz'. Physical path: 'C:\Users\punko\Downloads\PoMiniGames\src\PoMiniGames.Client\obj\Debug\net10.0\compressed\xhzdotfnxt-{0}-be43v34w5x-be43v34w5x.gz' 
[23:22:07 INF] HTTP GET /_framework/System.IO.FileSystem.Primitives.be43v34w5x.wasm.gz responded 200 in 0.5026 ms 
[23:22:07 INF] Request finished HTTP/1.1 GET http://localhost:5000/_framework/System.IO.FileSystem.Primitives.be43v34w5x.wasm.gz - 200 2195 application/wasm 0.618ms 
[23:22:07 INF] Sending file. Request path: '/_framework/System.IO.FileSystem.Watcher.8qc3wsh77q.wasm.gz'. Physical path: 'C:\Users\punko\Downloads\PoMiniGames\src\PoMiniGames.Client\obj\Debug\net10.0\compressed\kfjpnwvoak-{0}-8qc3wsh77q-8qc3wsh77q.gz' 
[23:22:07 INF] HTTP GET /_framework/System.IO.FileSystem.Watcher.8qc3wsh77q.wasm.gz responded 200 in 0.1904 ms 
[23:22:07 INF] Request finished HTTP/1.1 GET http://localhost:5000/_framework/System.IO.FileSystem.Watcher.8qc3wsh77q.wasm.gz - 200 8926 application/wasm 0.2479ms 
[23:22:07 INF] Request starting HTTP/1.1 GET http://localhost:5000/_framework/System.IO.FileSystem.h8uqkh82lb.wasm - null null 
[23:22:07 INF] Sending file. Request path: '/_framework/System.IO.FileSystem.h8uqkh82lb.wasm.gz'. Physical path: 'C:\Users\punko\Downloads\PoMiniGames\src\PoMiniGames.Client\obj\Debug\net10.0\compressed\xbf5870643-{0}-h8uqkh82lb-h8uqkh82lb.gz' 
[23:22:07 INF] HTTP GET /_framework/System.IO.FileSystem.h8uqkh82lb.wasm.gz responded 200 in 0.3193 ms 
[23:22:07 INF] Request finished HTTP/1.1 GET http://localhost:5000/_framework/System.IO.FileSystem.h8uqkh82lb.wasm.gz - 200 2316 application/wasm 0.3752ms 
[23:22:07 INF] Request starting HTTP/1.1 GET http://localhost:5000/_framework/System.IO.IsolatedStorage.gzsye4pxc9.wasm - null null 
[23:22:07 INF] Sending file. Request path: '/_framework/System.IO.IsolatedStorage.gzsye4pxc9.wasm.gz'. Physical path: 'C:\Users\punko\Downloads\PoMiniGames\src\PoMiniGames.Client\obj\Debug\net10.0\compressed\xz9bx3ly6f-{0}-gzsye4pxc9-gzsye4pxc9.gz' 
[23:22:07 INF] HTTP GET /_framework/System.IO.IsolatedStorage.gzsye4pxc9.wasm.gz responded 200 in 0.1975 ms 
[23:22:07 INF] Request finished HTTP/1.1 GET http://localhost:5000/_framework/System.IO.IsolatedStorage.gzsye4pxc9.wasm.gz - 200 9540 application/wasm 0.2495ms 
[23:22:07 INF] Request starting HTTP/1.1 GET http://localhost:5000/_framework/System.IO.MemoryMappedFiles.4lxw69q3da.wasm - null null 
[23:22:07 INF] Sending file. Request path: '/_framework/System.IO.MemoryMappedFiles.4lxw69q3da.wasm.gz'. Physical path: 'C:\Users\punko\Downloads\PoMiniGames\src\PoMiniGames.Client\obj\Debug\net10.0\compressed\q3zurxpypo-{0}-4lxw69q3da-4lxw69q3da.gz' 
[23:22:07 INF] HTTP GET /_framework/System.IO.MemoryMappedFiles.4lxw69q3da.wasm.gz responded 200 in 0.3804 ms 
[23:22:07 INF] Request finished HTTP/1.1 GET http://localhost:5000/_framework/System.IO.MemoryMappedFiles.4lxw69q3da.wasm.gz - 200 17440 application/wasm 0.5228ms 
[23:22:07 INF] Request starting HTTP/1.1 GET http://localhost:5000/_framework/System.IO.Pipelines.u8n6swt2ok.wasm - null null 
[23:22:07 INF] Sending file. Request path: '/_framework/System.IO.Pipelines.u8n6swt2ok.wasm.gz'. Physical path: 'C:\Users\punko\Downloads\PoMiniGames\src\PoMiniGames.Client\obj\Debug\net10.0\compressed\k9mnflnaqu-{0}-u8n6swt2ok-u8n6swt2ok.gz' 
[23:22:07 INF] Request starting HTTP/1.1 GET http://localhost:5000/_framework/System.IO.Pipes.AccessControl.ddt7du9svb.wasm - null null 
[23:22:07 INF] HTTP GET /_framework/System.IO.Pipelines.u8n6swt2ok.wasm.gz responded 200 in 0.3357 ms 
[23:22:07 INF] Request finished HTTP/1.1 GET http://localhost:5000/_framework/System.IO.Pipelines.u8n6swt2ok.wasm.gz - 200 31015 application/wasm 0.5242ms 
[23:22:07 INF] Request starting HTTP/1.1 GET http://localhost:5000/_framework/System.IO.Pipes.tv4o1w1yo1.wasm - null null 
[23:22:07 INF] Sending file. Request path: '/_framework/System.IO.Pipes.AccessControl.ddt7du9svb.wasm.gz'. Physical path: 'C:\Users\punko\Downloads\PoMiniGames\src\PoMiniGames.Client\obj\Debug\net10.0\compressed\nn28lj7vjf-{0}-ddt7du9svb-ddt7du9svb.gz' 
[23:22:07 INF] HTTP GET /_framework/System.IO.Pipes.AccessControl.ddt7du9svb.wasm.gz responded 200 in 0.5145 ms 
[23:22:07 INF] Request finished HTTP/1.1 GET http://localhost:5000/_framework/System.IO.Pipes.AccessControl.ddt7du9svb.wasm.gz - 200 5671 application/wasm 0.6573ms 
[23:22:07 INF] Request starting HTTP/1.1 GET http://localhost:5000/_framework/System.IO.UnmanagedMemoryStream.jb5bmgvv05.wasm - null null 
[23:22:07 INF] Sending file. Request path: '/_framework/System.IO.Pipes.tv4o1w1yo1.wasm.gz'. Physical path: 'C:\Users\punko\Downloads\PoMiniGames\src\PoMiniGames.Client\obj\Debug\net10.0\compressed\udoc0b7hnv-{0}-tv4o1w1yo1-tv4o1w1yo1.gz' 
[23:22:07 INF] HTTP GET /_framework/System.IO.Pipes.tv4o1w1yo1.wasm.gz responded 200 in 0.3213 ms 
[23:22:07 INF] Request finished HTTP/1.1 GET http://localhost:5000/_framework/System.IO.Pipes.tv4o1w1yo1.wasm.gz - 200 11620 application/wasm 0.3969ms 
[23:22:07 INF] Sending file. Request path: '/_framework/System.IO.UnmanagedMemoryStream.jb5bmgvv05.wasm.gz'. Physical path: 'C:\Users\punko\Downloads\PoMiniGames\src\PoMiniGames.Client\obj\Debug\net10.0\compressed\imaf6cmzs0-{0}-jb5bmgvv05-jb5bmgvv05.gz' 
[23:22:07 INF] HTTP GET /_framework/System.IO.UnmanagedMemoryStream.jb5bmgvv05.wasm.gz responded 200 in 0.2565 ms 
[23:22:07 INF] Request finished HTTP/1.1 GET http://localhost:5000/_framework/System.IO.UnmanagedMemoryStream.jb5bmgvv05.wasm.gz - 200 2226 application/wasm 0.3259ms 
[23:22:07 INF] Request starting HTTP/1.1 GET http://localhost:5000/_framework/System.Linq.AsyncEnumerable.w2ftt5zfx7.wasm - null null 
[23:22:07 INF] Request starting HTTP/1.1 GET http://localhost:5000/_framework/System.IO.g204ske44p.wasm - null null 
[23:22:07 INF] Request starting HTTP/1.1 GET http://localhost:5000/_framework/System.Linq.Expressions.rwll9v3f54.wasm - null null 
[23:22:07 INF] Request starting HTTP/1.1 GET http://localhost:5000/_framework/System.Linq.Parallel.78wbzaw40x.wasm - null null 
[23:22:07 INF] Sending file. Request path: '/_framework/System.IO.g204ske44p.wasm.gz'. Physical path: 'C:\Users\punko\Downloads\PoMiniGames\src\PoMiniGames.Client\obj\Debug\net10.0\compressed\ehf0x7i0wd-{0}-g204ske44p-g204ske44p.gz' 
[23:22:07 INF] HTTP GET /_framework/System.IO.g204ske44p.wasm.gz responded 200 in 0.4735 ms 
[23:22:07 INF] Request starting HTTP/1.1 GET http://localhost:5000/_framework/System.Linq.Queryable.bk0gkg2iiv.wasm - null null 
[23:22:07 INF] Request finished HTTP/1.1 GET http://localhost:5000/_framework/System.IO.g204ske44p.wasm.gz - 200 2287 application/wasm 2.2946ms 
[23:22:07 INF] Sending file. Request path: '/_framework/System.Linq.Parallel.78wbzaw40x.wasm.gz'. Physical path: 'C:\Users\punko\Downloads\PoMiniGames\src\PoMiniGames.Client\obj\Debug\net10.0\compressed\8pd3qsgpkf-{0}-78wbzaw40x-78wbzaw40x.gz' 
[23:22:07 INF] Sending file. Request path: '/_framework/System.Linq.AsyncEnumerable.w2ftt5zfx7.wasm.gz'. Physical path: 'C:\Users\punko\Downloads\PoMiniGames\src\PoMiniGames.Client\obj\Debug\net10.0\compressed\klwfgjw1q5-{0}-w2ftt5zfx7-w2ftt5zfx7.gz' 
[23:22:07 INF] HTTP GET /_framework/System.Linq.Parallel.78wbzaw40x.wasm.gz responded 200 in 1.0440 ms 
[23:22:07 INF] HTTP GET /_framework/System.Linq.AsyncEnumerable.w2ftt5zfx7.wasm.gz responded 200 in 2.8956 ms 
[23:22:07 INF] Request finished HTTP/1.1 GET http://localhost:5000/_framework/System.Linq.Parallel.78wbzaw40x.wasm.gz - 200 88085 application/wasm 2.5753ms 
[23:22:07 INF] Request finished HTTP/1.1 GET http://localhost:5000/_framework/System.Linq.AsyncEnumerable.w2ftt5zfx7.wasm.gz - 200 145487 application/wasm 3.0183ms 
[23:22:07 INF] Sending file. Request path: '/_framework/System.Linq.Queryable.bk0gkg2iiv.wasm.gz'. Physical path: 'C:\Users\punko\Downloads\PoMiniGames\src\PoMiniGames.Client\obj\Debug\net10.0\compressed\6phuodwqt2-{0}-bk0gkg2iiv-bk0gkg2iiv.gz' 
[23:22:07 INF] Sending file. Request path: '/_framework/System.Linq.Expressions.rwll9v3f54.wasm.gz'. Physical path: 'C:\Users\punko\Downloads\PoMiniGames\src\PoMiniGames.Client\obj\Debug\net10.0\compressed\k9qc70s0nm-{0}-rwll9v3f54-rwll9v3f54.gz' 
[23:22:07 INF] HTTP GET /_framework/System.Linq.Queryable.bk0gkg2iiv.wasm.gz responded 200 in 1.0367 ms 
[23:22:07 INF] HTTP GET /_framework/System.Linq.Expressions.rwll9v3f54.wasm.gz responded 200 in 1.5428 ms 
[23:22:07 INF] Request finished HTTP/1.1 GET http://localhost:5000/_framework/System.Linq.Queryable.bk0gkg2iiv.wasm.gz - 200 21946 application/wasm 1.1142ms 
[23:22:07 INF] Request finished HTTP/1.1 GET http://localhost:5000/_framework/System.Linq.Expressions.rwll9v3f54.wasm.gz - 200 217688 application/wasm 3.2603ms 
[23:22:07 INF] Request starting HTTP/1.1 GET http://localhost:5000/_framework/System.Linq.bmrkhne1ox.wasm - null null 
[23:22:07 INF] Sending file. Request path: '/_framework/System.Linq.bmrkhne1ox.wasm.gz'. Physical path: 'C:\Users\punko\Downloads\PoMiniGames\src\PoMiniGames.Client\obj\Debug\net10.0\compressed\2e7fxz2i0q-{0}-bmrkhne1ox-bmrkhne1ox.gz' 
[23:22:07 INF] HTTP GET /_framework/System.Linq.bmrkhne1ox.wasm.gz responded 200 in 0.9615 ms 
[23:22:07 INF] Request finished HTTP/1.1 GET http://localhost:5000/_framework/System.Linq.bmrkhne1ox.wasm.gz - 200 76152 application/wasm 1.1387ms 
[23:22:07 INF] Request starting HTTP/1.1 GET http://localhost:5000/_framework/System.Memory.6sz098jj9v.wasm - null null 
[23:22:07 INF] Sending file. Request path: '/_framework/System.Memory.6sz098jj9v.wasm.gz'. Physical path: 'C:\Users\punko\Downloads\PoMiniGames\src\PoMiniGames.Client\obj\Debug\net10.0\compressed\97d73t8s0s-{0}-6sz098jj9v-6sz098jj9v.gz' 
[23:22:07 INF] HTTP GET /_framework/System.Memory.6sz098jj9v.wasm.gz responded 200 in 0.4080 ms 
[23:22:07 INF] Request finished HTTP/1.1 GET http://localhost:5000/_framework/System.Memory.6sz098jj9v.wasm.gz - 200 21108 application/wasm 5.7836ms 
[23:22:07 INF] Request starting HTTP/1.1 GET http://localhost:5000/_framework/System.Net.Http.Json.56y669zj3s.wasm - null null 
[23:22:07 INF] Sending file. Request path: '/_framework/System.Net.Http.Json.56y669zj3s.wasm.gz'. Physical path: 'C:\Users\punko\Downloads\PoMiniGames\src\PoMiniGames.Client\obj\Debug\net10.0\compressed\gu2rn79i9f-{0}-56y669zj3s-56y669zj3s.gz' 
[23:22:07 INF] HTTP GET /_framework/System.Net.Http.Json.56y669zj3s.wasm.gz responded 200 in 0.4299 ms 
[23:22:07 INF] Request finished HTTP/1.1 GET http://localhost:5000/_framework/System.Net.Http.Json.56y669zj3s.wasm.gz - 200 19787 application/wasm 0.5631ms 
[23:22:07 INF] Request starting HTTP/1.1 GET http://localhost:5000/_framework/System.Net.Http.08oi8qoit4.wasm - null null 
[23:22:07 INF] Request starting HTTP/1.1 GET http://localhost:5000/_framework/System.Net.HttpListener.qg0j6amwue.wasm - null null 
[23:22:07 INF] Sending file. Request path: '/_framework/System.Net.HttpListener.qg0j6amwue.wasm.gz'. Physical path: 'C:\Users\punko\Downloads\PoMiniGames\src\PoMiniGames.Client\obj\Debug\net10.0\compressed\gnfsjlo33z-{0}-qg0j6amwue-qg0j6amwue.gz' 
[23:22:07 INF] Request starting HTTP/1.1 GET http://localhost:5000/_framework/System.Net.Mail.533n6ks0cq.wasm - null null 
[23:22:07 INF] HTTP GET /_framework/System.Net.HttpListener.qg0j6amwue.wasm.gz responded 200 in 0.6339 ms 
[23:22:07 INF] Request finished HTTP/1.1 GET http://localhost:5000/_framework/System.Net.HttpListener.qg0j6amwue.wasm.gz - 200 16354 application/wasm 0.7782ms 
[23:22:07 INF] Sending file. Request path: '/_framework/System.Net.Http.08oi8qoit4.wasm.gz'. Physical path: 'C:\Users\punko\Downloads\PoMiniGames\src\PoMiniGames.Client\obj\Debug\net10.0\compressed\36uczbmqfw-{0}-08oi8qoit4-08oi8qoit4.gz' 
[23:22:07 INF] HTTP GET /_framework/System.Net.Http.08oi8qoit4.wasm.gz responded 200 in 1.0720 ms 
[23:22:07 INF] Request finished HTTP/1.1 GET http://localhost:5000/_framework/System.Net.Http.08oi8qoit4.wasm.gz - 200 119876 application/wasm 1.1638ms 
[23:22:07 INF] Sending file. Request path: '/_framework/System.Net.Mail.533n6ks0cq.wasm.gz'. Physical path: 'C:\Users\punko\Downloads\PoMiniGames\src\PoMiniGames.Client\obj\Debug\net10.0\compressed\1trr0yibct-{0}-533n6ks0cq-533n6ks0cq.gz' 
[23:22:07 INF] HTTP GET /_framework/System.Net.Mail.533n6ks0cq.wasm.gz responded 200 in 0.5344 ms 
[23:22:07 INF] Request finished HTTP/1.1 GET http://localhost:5000/_framework/System.Net.Mail.533n6ks0cq.wasm.gz - 200 43455 application/wasm 0.6938ms 
[23:22:07 INF] Request starting HTTP/1.1 GET http://localhost:5000/_framework/System.Net.NameResolution.s5btvjcq6y.wasm - null null 
[23:22:07 INF] Request starting HTTP/1.1 GET http://localhost:5000/_framework/System.Net.NetworkInformation.ucbqjhtjil.wasm - null null 
[23:22:07 INF] Sending file. Request path: '/_framework/System.Net.NameResolution.s5btvjcq6y.wasm.gz'. Physical path: 'C:\Users\punko\Downloads\PoMiniGames\src\PoMiniGames.Client\obj\Debug\net10.0\compressed\4xfo2mqke4-{0}-s5btvjcq6y-s5btvjcq6y.gz' 
[23:22:07 INF] HTTP GET /_framework/System.Net.NameResolution.s5btvjcq6y.wasm.gz responded 200 in 0.5667 ms 
[23:22:07 INF] Request finished HTTP/1.1 GET http://localhost:5000/_framework/System.Net.NameResolution.s5btvjcq6y.wasm.gz - 200 6008 application/wasm 0.6733ms 
[23:22:07 INF] Request starting HTTP/1.1 GET http://localhost:5000/_framework/System.Net.Ping.ustem6o7fc.wasm - null null 
[23:22:07 INF] Sending file. Request path: '/_framework/System.Net.NetworkInformation.ucbqjhtjil.wasm.gz'. Physical path: 'C:\Users\punko\Downloads\PoMiniGames\src\PoMiniGames.Client\obj\Debug\net10.0\compressed\m85vnt05w4-{0}-ucbqjhtjil-ucbqjhtjil.gz' 
[23:22:07 INF] Sending file. Request path: '/_framework/System.Net.Ping.ustem6o7fc.wasm.gz'. Physical path: 'C:\Users\punko\Downloads\PoMiniGames\src\PoMiniGames.Client\obj\Debug\net10.0\compressed\zqzk44bzo1-{0}-ustem6o7fc-ustem6o7fc.gz' 
[23:22:07 INF] HTTP GET /_framework/System.Net.NetworkInformation.ucbqjhtjil.wasm.gz responded 200 in 0.3620 ms 
[23:22:07 INF] HTTP GET /_framework/System.Net.Ping.ustem6o7fc.wasm.gz responded 200 in 0.2276 ms 
[23:22:07 INF] Request finished HTTP/1.1 GET http://localhost:5000/_framework/System.Net.NetworkInformation.ucbqjhtjil.wasm.gz - 200 13068 application/wasm 0.4337ms 
[23:22:07 INF] Request finished HTTP/1.1 GET http://localhost:5000/_framework/System.Net.Ping.ustem6o7fc.wasm.gz - 200 7692 application/wasm 0.2806ms 
[23:22:07 INF] Request starting HTTP/1.1 GET http://localhost:5000/_framework/System.Net.Primitives.935qhm3yb8.wasm - null null 
[23:22:07 INF] Sending file. Request path: '/_framework/System.Net.Primitives.935qhm3yb8.wasm.gz'. Physical path: 'C:\Users\punko\Downloads\PoMiniGames\src\PoMiniGames.Client\obj\Debug\net10.0\compressed\njegsu88i4-{0}-935qhm3yb8-935qhm3yb8.gz' 
[23:22:07 INF] HTTP GET /_framework/System.Net.Primitives.935qhm3yb8.wasm.gz responded 200 in 0.5948 ms 
[23:22:07 INF] Request finished HTTP/1.1 GET http://localhost:5000/_framework/System.Net.Primitives.935qhm3yb8.wasm.gz - 200 47049 application/wasm 0.7127ms 
[23:22:07 INF] Request starting HTTP/1.1 GET http://localhost:5000/_framework/System.Net.Quic.cnkjqkyrlb.wasm - null null 
[23:22:07 INF] Request starting HTTP/1.1 GET http://localhost:5000/_framework/System.Net.Requests.7w1r8uf0a4.wasm - null null 
[23:22:07 INF] Sending file. Request path: '/_framework/System.Net.Quic.cnkjqkyrlb.wasm.gz'. Physical path: 'C:\Users\punko\Downloads\PoMiniGames\src\PoMiniGames.Client\obj\Debug\net10.0\compressed\zmul3lslv0-{0}-cnkjqkyrlb-cnkjqkyrlb.gz' 
[23:22:07 INF] HTTP GET /_framework/System.Net.Quic.cnkjqkyrlb.wasm.gz responded 200 in 0.4985 ms 
[23:22:07 INF] Request finished HTTP/1.1 GET http://localhost:5000/_framework/System.Net.Quic.cnkjqkyrlb.wasm.gz - 200 11200 application/wasm 0.578ms 
[23:22:07 INF] Sending file. Request path: '/_framework/System.Net.Requests.7w1r8uf0a4.wasm.gz'. Physical path: 'C:\Users\punko\Downloads\PoMiniGames\src\PoMiniGames.Client\obj\Debug\net10.0\compressed\9yylpcqq8o-{0}-7w1r8uf0a4-7w1r8uf0a4.gz' 
[23:22:07 INF] HTTP GET /_framework/System.Net.Requests.7w1r8uf0a4.wasm.gz responded 200 in 0.4078 ms 
[23:22:07 INF] Request finished HTTP/1.1 GET http://localhost:5000/_framework/System.Net.Requests.7w1r8uf0a4.wasm.gz - 200 20792 application/wasm 0.4924ms 
[23:22:07 INF] Request starting HTTP/1.1 GET http://localhost:5000/_framework/System.Net.Security.xlqynrdyot.wasm - null null 
[23:22:07 INF] Sending file. Request path: '/_framework/System.Net.Security.xlqynrdyot.wasm.gz'. Physical path: 'C:\Users\punko\Downloads\PoMiniGames\src\PoMiniGames.Client\obj\Debug\net10.0\compressed\u83nb3ka4a-{0}-xlqynrdyot-xlqynrdyot.gz' 
[23:22:07 INF] HTTP GET /_framework/System.Net.Security.xlqynrdyot.wasm.gz responded 200 in 0.4604 ms 
[23:22:07 INF] Request finished HTTP/1.1 GET http://localhost:5000/_framework/System.Net.Security.xlqynrdyot.wasm.gz - 200 34556 application/wasm 0.5514ms 
[23:22:07 INF] Request starting HTTP/1.1 GET http://localhost:5000/_framework/System.Net.ServerSentEvents.vwcoz3tazw.wasm - null null 
[23:22:07 INF] Sending file. Request path: '/_framework/System.Net.ServerSentEvents.vwcoz3tazw.wasm.gz'. Physical path: 'C:\Users\punko\Downloads\PoMiniGames\src\PoMiniGames.Client\obj\Debug\net10.0\compressed\foarq7rl7f-{0}-vwcoz3tazw-vwcoz3tazw.gz' 
[23:22:07 INF] HTTP GET /_framework/System.Net.ServerSentEvents.vwcoz3tazw.wasm.gz responded 200 in 0.4742 ms 
[23:22:07 INF] Request finished HTTP/1.1 GET http://localhost:5000/_framework/System.Net.ServerSentEvents.vwcoz3tazw.wasm.gz - 200 15014 application/wasm 0.5935ms 
[23:22:07 INF] Request starting HTTP/1.1 GET http://localhost:5000/_framework/System.Net.ServicePoint.8k7uo97505.wasm - null null 
[23:22:07 INF] Sending file. Request path: '/_framework/System.Net.ServicePoint.8k7uo97505.wasm.gz'. Physical path: 'C:\Users\punko\Downloads\PoMiniGames\src\PoMiniGames.Client\obj\Debug\net10.0\compressed\wonmgfepu1-{0}-8k7uo97505-8k7uo97505.gz' 
[23:22:07 INF] HTTP GET /_framework/System.Net.ServicePoint.8k7uo97505.wasm.gz responded 200 in 0.5103 ms 
[23:22:07 INF] Request finished HTTP/1.1 GET http://localhost:5000/_framework/System.Net.ServicePoint.8k7uo97505.wasm.gz - 200 2189 application/wasm 0.6187ms 
[23:22:07 INF] Request starting HTTP/1.1 GET http://localhost:5000/_framework/System.Net.Sockets.krbyf8n4l7.wasm - null null 
[23:22:07 INF] Request starting HTTP/1.1 GET http://localhost:5000/_framework/System.Net.WebClient.s7es5vcafa.wasm - null null 
[23:22:07 INF] Request starting HTTP/1.1 GET http://localhost:5000/_framework/System.Net.WebHeaderCollection.9quxghu2aq.wasm - null null 
[23:22:07 INF] Sending file. Request path: '/_framework/System.Net.WebClient.s7es5vcafa.wasm.gz'. Physical path: 'C:\Users\punko\Downloads\PoMiniGames\src\PoMiniGames.Client\obj\Debug\net10.0\compressed\c4r0axl6hf-{0}-s7es5vcafa-s7es5vcafa.gz' 
[23:22:07 INF] Sending file. Request path: '/_framework/System.Net.Sockets.krbyf8n4l7.wasm.gz'. Physical path: 'C:\Users\punko\Downloads\PoMiniGames\src\PoMiniGames.Client\obj\Debug\net10.0\compressed\weuxaer5aa-{0}-krbyf8n4l7-krbyf8n4l7.gz' 
[23:22:07 INF] HTTP GET /_framework/System.Net.WebClient.s7es5vcafa.wasm.gz responded 200 in 0.6281 ms 
[23:22:07 INF] HTTP GET /_framework/System.Net.Sockets.krbyf8n4l7.wasm.gz responded 200 in 0.6833 ms 
[23:22:07 INF] Request finished HTTP/1.1 GET http://localhost:5000/_framework/System.Net.WebClient.s7es5vcafa.wasm.gz - 200 15044 application/wasm 0.7468ms 
[23:22:07 INF] Request finished HTTP/1.1 GET http://localhost:5000/_framework/System.Net.Sockets.krbyf8n4l7.wasm.gz - 200 23439 application/wasm 0.9617ms 
[23:22:07 INF] Request starting HTTP/1.1 GET http://localhost:5000/_framework/System.Net.WebProxy.ivbmxiwm57.wasm - null null 
[23:22:07 INF] Sending file. Request path: '/_framework/System.Net.WebHeaderCollection.9quxghu2aq.wasm.gz'. Physical path: 'C:\Users\punko\Downloads\PoMiniGames\src\PoMiniGames.Client\obj\Debug\net10.0\compressed\r9dkitcmyi-{0}-9quxghu2aq-9quxghu2aq.gz' 
[23:22:07 INF] HTTP GET /_framework/System.Net.WebHeaderCollection.9quxghu2aq.wasm.gz responded 200 in 0.6088 ms 
[23:22:07 INF] Request finished HTTP/1.1 GET http://localhost:5000/_framework/System.Net.WebHeaderCollection.9quxghu2aq.wasm.gz - 200 10407 application/wasm 0.7068ms 
[23:22:07 INF] Sending file. Request path: '/_framework/System.Net.WebProxy.ivbmxiwm57.wasm.gz'. Physical path: 'C:\Users\punko\Downloads\PoMiniGames\src\PoMiniGames.Client\obj\Debug\net10.0\compressed\mjg9lcwwiv-{0}-ivbmxiwm57-ivbmxiwm57.gz' 
[23:22:07 INF] HTTP GET /_framework/System.Net.WebProxy.ivbmxiwm57.wasm.gz responded 200 in 0.4865 ms 
[23:22:07 INF] Request finished HTTP/1.1 GET http://localhost:5000/_framework/System.Net.WebProxy.ivbmxiwm57.wasm.gz - 200 5704 application/wasm 0.5995ms 
[23:22:07 INF] Request starting HTTP/1.1 GET http://localhost:5000/_framework/System.Net.WebSockets.Client.x9i7zul9bw.wasm - null null 
[23:22:07 INF] Sending file. Request path: '/_framework/System.Net.WebSockets.Client.x9i7zul9bw.wasm.gz'. Physical path: 'C:\Users\punko\Downloads\PoMiniGames\src\PoMiniGames.Client\obj\Debug\net10.0\compressed\2667rnamtv-{0}-x9i7zul9bw-x9i7zul9bw.gz' 
[23:22:07 INF] HTTP GET /_framework/System.Net.WebSockets.Client.x9i7zul9bw.wasm.gz responded 200 in 0.5105 ms 
[23:22:07 INF] Request finished HTTP/1.1 GET http://localhost:5000/_framework/System.Net.WebSockets.Client.x9i7zul9bw.wasm.gz - 200 18337 application/wasm 0.6587ms 
[23:22:07 INF] Request starting HTTP/1.1 GET http://localhost:5000/_framework/System.Net.WebSockets.ep3trdpcsb.wasm - null null 
[23:22:07 INF] Sending file. Request path: '/_framework/System.Net.WebSockets.ep3trdpcsb.wasm.gz'. Physical path: 'C:\Users\punko\Downloads\PoMiniGames\src\PoMiniGames.Client\obj\Debug\net10.0\compressed\cerly1ttui-{0}-ep3trdpcsb-ep3trdpcsb.gz' 
[23:22:07 INF] HTTP GET /_framework/System.Net.WebSockets.ep3trdpcsb.wasm.gz responded 200 in 0.6489 ms 
[23:22:07 INF] Request finished HTTP/1.1 GET http://localhost:5000/_framework/System.Net.WebSockets.ep3trdpcsb.wasm.gz - 200 41769 application/wasm 0.9453ms 
[23:22:07 INF] Request starting HTTP/1.1 GET http://localhost:5000/_framework/System.Net.lkc10g164w.wasm - null null 
[23:22:07 INF] Request starting HTTP/1.1 GET http://localhost:5000/_framework/System.Numerics.Vectors.ohk6rx7mq3.wasm - null null 
[23:22:07 INF] Sending file. Request path: '/_framework/System.Net.lkc10g164w.wasm.gz'. Physical path: 'C:\Users\punko\Downloads\PoMiniGames\src\PoMiniGames.Client\obj\Debug\net10.0\compressed\9ppx2nk8jr-{0}-lkc10g164w-lkc10g164w.gz' 
[23:22:07 INF] Request starting HTTP/1.1 GET http://localhost:5000/_framework/System.Numerics.w9sdg2myku.wasm - null null 
[23:22:07 INF] HTTP GET /_framework/System.Net.lkc10g164w.wasm.gz responded 200 in 0.2837 ms 
[23:22:07 INF] Request finished HTTP/1.1 GET http://localhost:5000/_framework/System.Net.lkc10g164w.wasm.gz - 200 2777 application/wasm 0.3461ms 
[23:22:07 INF] Sending file. Request path: '/_framework/System.Numerics.Vectors.ohk6rx7mq3.wasm.gz'. Physical path: 'C:\Users\punko\Downloads\PoMiniGames\src\PoMiniGames.Client\obj\Debug\net10.0\compressed\cqnbjad7sw-{0}-ohk6rx7mq3-ohk6rx7mq3.gz' 
[23:22:07 INF] HTTP GET /_framework/System.Numerics.Vectors.ohk6rx7mq3.wasm.gz responded 200 in 0.2809 ms 
[23:22:07 INF] Request finished HTTP/1.1 GET http://localhost:5000/_framework/System.Numerics.Vectors.ohk6rx7mq3.wasm.gz - 200 2281 application/wasm 0.3795ms 
[23:22:07 INF] Sending file. Request path: '/_framework/System.Numerics.w9sdg2myku.wasm.gz'. Physical path: 'C:\Users\punko\Downloads\PoMiniGames\src\PoMiniGames.Client\obj\Debug\net10.0\compressed\8rl3cblltq-{0}-w9sdg2myku-w9sdg2myku.gz' 
[23:22:07 INF] HTTP GET /_framework/System.Numerics.w9sdg2myku.wasm.gz responded 200 in 0.1877 ms 
[23:22:07 INF] Request finished HTTP/1.1 GET http://localhost:5000/_framework/System.Numerics.w9sdg2myku.wasm.gz - 200 2039 application/wasm 0.2348ms 
[23:22:07 INF] Request starting HTTP/1.1 GET http://localhost:5000/_framework/System.ObjectModel.o49nwl5106.wasm - null null 
[23:22:07 INF] Request starting HTTP/1.1 GET http://localhost:5000/_framework/System.Private.DataContractSerialization.l1wepxshem.wasm - null null 
[23:22:07 INF] Request starting HTTP/1.1 GET http://localhost:5000/_framework/System.Private.Xml.Linq.6ndmellwxq.wasm - null null 
[23:22:07 INF] Sending file. Request path: '/_framework/System.ObjectModel.o49nwl5106.wasm.gz'. Physical path: 'C:\Users\punko\Downloads\PoMiniGames\src\PoMiniGames.Client\obj\Debug\net10.0\compressed\t7u6cmh6vo-{0}-o49nwl5106-o49nwl5106.gz' 
[23:22:07 INF] HTTP GET /_framework/System.ObjectModel.o49nwl5106.wasm.gz responded 200 in 0.3962 ms 
[23:22:07 INF] Request finished HTTP/1.1 GET http://localhost:5000/_framework/System.ObjectModel.o49nwl5106.wasm.gz - 200 13628 application/wasm 0.8489ms 
[23:22:07 INF] Request starting HTTP/1.1 GET http://localhost:5000/_framework/System.Private.Uri.17wno6fz9h.wasm - null null 
[23:22:07 INF] Sending file. Request path: '/_framework/System.Private.Xml.Linq.6ndmellwxq.wasm.gz'. Physical path: 'C:\Users\punko\Downloads\PoMiniGames\src\PoMiniGames.Client\obj\Debug\net10.0\compressed\ing35wwy2x-{0}-6ndmellwxq-6ndmellwxq.gz' 
[23:22:07 INF] HTTP GET /_framework/System.Private.Xml.Linq.6ndmellwxq.wasm.gz responded 200 in 1.1559 ms 
[23:22:07 INF] Sending file. Request path: '/_framework/System.Private.Uri.17wno6fz9h.wasm.gz'. Physical path: 'C:\Users\punko\Downloads\PoMiniGames\src\PoMiniGames.Client\obj\Debug\net10.0\compressed\fafsy17t61-{0}-17wno6fz9h-17wno6fz9h.gz' 
[23:22:07 INF] Request finished HTTP/1.1 GET http://localhost:5000/_framework/System.Private.Xml.Linq.6ndmellwxq.wasm.gz - 200 59932 application/wasm 1.2462ms 
[23:22:07 INF] HTTP GET /_framework/System.Private.Uri.17wno6fz9h.wasm.gz responded 200 in 0.3253 ms 
[23:22:07 INF] Request finished HTTP/1.1 GET http://localhost:5000/_framework/System.Private.Uri.17wno6fz9h.wasm.gz - 200 43024 application/wasm 1.2914ms 
[23:22:07 INF] Request starting HTTP/1.1 GET http://localhost:5000/_framework/System.Private.Xml.1znmymukzn.wasm - null null 
[23:22:07 INF] Sending file. Request path: '/_framework/System.Private.DataContractSerialization.l1wepxshem.wasm.gz'. Physical path: 'C:\Users\punko\Downloads\PoMiniGames\src\PoMiniGames.Client\obj\Debug\net10.0\compressed\4o3fm77b5e-{0}-l1wepxshem-l1wepxshem.gz' 
[23:22:07 INF] HTTP GET /_framework/System.Private.DataContractSerialization.l1wepxshem.wasm.gz responded 200 in 3.7747 ms 
[23:22:07 INF] Request finished HTTP/1.1 GET http://localhost:5000/_framework/System.Private.DataContractSerialization.l1wepxshem.wasm.gz - 200 306847 application/wasm 3.8836ms 
[23:22:07 INF] Request starting HTTP/1.1 GET http://localhost:5000/_framework/System.Reflection.DispatchProxy.uhng0i33yv.wasm - null null 
[23:22:07 INF] Sending file. Request path: '/_framework/System.Reflection.DispatchProxy.uhng0i33yv.wasm.gz'. Physical path: 'C:\Users\punko\Downloads\PoMiniGames\src\PoMiniGames.Client\obj\Debug\net10.0\compressed\ax94ehqm1i-{0}-uhng0i33yv-uhng0i33yv.gz' 
[23:22:07 INF] HTTP GET /_framework/System.Reflection.DispatchProxy.uhng0i33yv.wasm.gz responded 200 in 0.8319 ms 
[23:22:07 INF] Request finished HTTP/1.1 GET http://localhost:5000/_framework/System.Reflection.DispatchProxy.uhng0i33yv.wasm.gz - 200 13050 application/wasm 1.0547ms 
[23:22:07 INF] Request starting HTTP/1.1 GET http://localhost:5000/_framework/System.Reflection.Emit.ILGeneration.mki4j8yrd1.wasm - null null 
[23:22:07 INF] Sending file. Request path: '/_framework/System.Reflection.Emit.ILGeneration.mki4j8yrd1.wasm.gz'. Physical path: 'C:\Users\punko\Downloads\PoMiniGames\src\PoMiniGames.Client\obj\Debug\net10.0\compressed\k1133gvyp5-{0}-mki4j8yrd1-mki4j8yrd1.gz' 
[23:22:07 INF] HTTP GET /_framework/System.Reflection.Emit.ILGeneration.mki4j8yrd1.wasm.gz responded 200 in 0.6534 ms 
[23:22:07 INF] Request finished HTTP/1.1 GET http://localhost:5000/_framework/System.Reflection.Emit.ILGeneration.mki4j8yrd1.wasm.gz - 200 2290 application/wasm 0.7717ms 
[23:22:07 INF] Request starting HTTP/1.1 GET http://localhost:5000/_framework/System.Reflection.Emit.Lightweight.rwbaytvlax.wasm - null null 
[23:22:07 INF] Request starting HTTP/1.1 GET http://localhost:5000/_framework/System.Reflection.Emit.sioal9node.wasm - null null 
[23:22:07 INF] Sending file. Request path: '/_framework/System.Reflection.Emit.Lightweight.rwbaytvlax.wasm.gz'. Physical path: 'C:\Users\punko\Downloads\PoMiniGames\src\PoMiniGames.Client\obj\Debug\net10.0\compressed\cschzskf0g-{0}-rwbaytvlax-rwbaytvlax.gz' 
[23:22:07 INF] HTTP GET /_framework/System.Reflection.Emit.Lightweight.rwbaytvlax.wasm.gz responded 200 in 0.6671 ms 
[23:22:07 INF] Request finished HTTP/1.1 GET http://localhost:5000/_framework/System.Reflection.Emit.Lightweight.rwbaytvlax.wasm.gz - 200 2241 application/wasm 0.9372ms 
[23:22:07 INF] Sending file. Request path: '/_framework/System.Reflection.Emit.sioal9node.wasm.gz'. Physical path: 'C:\Users\punko\Downloads\PoMiniGames\src\PoMiniGames.Client\obj\Debug\net10.0\compressed\wwiqm9u6vt-{0}-sioal9node-sioal9node.gz' 
[23:22:07 INF] HTTP GET /_framework/System.Reflection.Emit.sioal9node.wasm.gz responded 200 in 1.0634 ms 
[23:22:07 INF] Request finished HTTP/1.1 GET http://localhost:5000/_framework/System.Reflection.Emit.sioal9node.wasm.gz - 200 54219 application/wasm 1.1274ms 
[23:22:07 INF] Request starting HTTP/1.1 GET http://localhost:5000/_framework/System.Reflection.Extensions.j3sy1079ix.wasm - null null 
[23:22:07 INF] Sending file. Request path: '/_framework/System.Reflection.Extensions.j3sy1079ix.wasm.gz'. Physical path: 'C:\Users\punko\Downloads\PoMiniGames\src\PoMiniGames.Client\obj\Debug\net10.0\compressed\sxmdhf91oi-{0}-j3sy1079ix-j3sy1079ix.gz' 
[23:22:07 INF] HTTP GET /_framework/System.Reflection.Extensions.j3sy1079ix.wasm.gz responded 200 in 0.4028 ms 
[23:22:07 INF] Request finished HTTP/1.1 GET http://localhost:5000/_framework/System.Reflection.Extensions.j3sy1079ix.wasm.gz - 200 2161 application/wasm 0.5021ms 
[23:22:07 INF] Request starting HTTP/1.1 GET http://localhost:5000/_framework/System.Reflection.Metadata.jppm5mm49v.wasm - null null 
[23:22:07 INF] Sending file. Request path: '/_framework/System.Reflection.Metadata.jppm5mm49v.wasm.gz'. Physical path: 'C:\Users\punko\Downloads\PoMiniGames\src\PoMiniGames.Client\obj\Debug\net10.0\compressed\7yx9ov8j2w-{0}-jppm5mm49v-jppm5mm49v.gz' 
[23:22:07 INF] HTTP GET /_framework/System.Reflection.Metadata.jppm5mm49v.wasm.gz responded 200 in 0.5690 ms 
[23:22:07 INF] Request finished HTTP/1.1 GET http://localhost:5000/_framework/System.Reflection.Metadata.jppm5mm49v.wasm.gz - 200 196439 application/wasm 0.7233ms 
[23:22:07 INF] Request starting HTTP/1.1 GET http://localhost:5000/_framework/System.Reflection.Primitives.td0lyduqh2.wasm - null null 
[23:22:07 INF] Sending file. Request path: '/_framework/System.Reflection.Primitives.td0lyduqh2.wasm.gz'. Physical path: 'C:\Users\punko\Downloads\PoMiniGames\src\PoMiniGames.Client\obj\Debug\net10.0\compressed\4ckyo4yhej-{0}-td0lyduqh2-td0lyduqh2.gz' 
[23:22:07 INF] HTTP GET /_framework/System.Reflection.Primitives.td0lyduqh2.wasm.gz responded 200 in 0.3191 ms 
[23:22:07 INF] Request finished HTTP/1.1 GET http://localhost:5000/_framework/System.Reflection.Primitives.td0lyduqh2.wasm.gz - 200 2379 application/wasm 0.4101ms 
[23:22:07 INF] Request starting HTTP/1.1 GET http://localhost:5000/_framework/System.Reflection.TypeExtensions.bw6raolkdi.wasm - null null 
[23:22:07 INF] Sending file. Request path: '/_framework/System.Reflection.TypeExtensions.bw6raolkdi.wasm.gz'. Physical path: 'C:\Users\punko\Downloads\PoMiniGames\src\PoMiniGames.Client\obj\Debug\net10.0\compressed\uqu3axi2og-{0}-bw6raolkdi-bw6raolkdi.gz' 
[23:22:07 INF] HTTP GET /_framework/System.Reflection.TypeExtensions.bw6raolkdi.wasm.gz responded 200 in 0.4232 ms 
[23:22:07 INF] Request finished HTTP/1.1 GET http://localhost:5000/_framework/System.Reflection.TypeExtensions.bw6raolkdi.wasm.gz - 200 5952 application/wasm 0.5422ms 
[23:22:07 INF] Request starting HTTP/1.1 GET http://localhost:5000/_framework/System.Reflection.vtl64yeamf.wasm - null null 
[23:22:07 INF] Sending file. Request path: '/_framework/System.Reflection.vtl64yeamf.wasm.gz'. Physical path: 'C:\Users\punko\Downloads\PoMiniGames\src\PoMiniGames.Client\obj\Debug\net10.0\compressed\bmtqa6cj34-{0}-vtl64yeamf-vtl64yeamf.gz' 
[23:22:07 INF] HTTP GET /_framework/System.Reflection.vtl64yeamf.wasm.gz responded 200 in 0.3487 ms 
[23:22:07 INF] Request finished HTTP/1.1 GET http://localhost:5000/_framework/System.Reflection.vtl64yeamf.wasm.gz - 200 2481 application/wasm 0.4356ms 
[23:22:07 INF] Request starting HTTP/1.1 GET http://localhost:5000/_framework/System.Resources.Reader.v4f2264f3m.wasm - null null 
[23:22:07 INF] Sending file. Request path: '/_framework/System.Resources.Reader.v4f2264f3m.wasm.gz'. Physical path: 'C:\Users\punko\Downloads\PoMiniGames\src\PoMiniGames.Client\obj\Debug\net10.0\compressed\oeeg2ld5g7-{0}-v4f2264f3m-v4f2264f3m.gz' 
[23:22:07 INF] HTTP GET /_framework/System.Resources.Reader.v4f2264f3m.wasm.gz responded 200 in 0.6078 ms 
[23:22:07 INF] Request finished HTTP/1.1 GET http://localhost:5000/_framework/System.Resources.Reader.v4f2264f3m.wasm.gz - 200 2143 application/wasm 0.8927ms 
[23:22:07 INF] Request starting HTTP/1.1 GET http://localhost:5000/_framework/System.Resources.ResourceManager.wfbqycsq2f.wasm - null null 
[23:22:07 INF] Request starting HTTP/1.1 GET http://localhost:5000/_framework/System.Resources.Writer.yomp7oq8px.wasm - null null 
[23:22:07 INF] Sending file. Request path: '/_framework/System.Resources.ResourceManager.wfbqycsq2f.wasm.gz'. Physical path: 'C:\Users\punko\Downloads\PoMiniGames\src\PoMiniGames.Client\obj\Debug\net10.0\compressed\mxzazy4ccs-{0}-wfbqycsq2f-wfbqycsq2f.gz' 
[23:22:07 INF] HTTP GET /_framework/System.Resources.ResourceManager.wfbqycsq2f.wasm.gz responded 200 in 0.5920 ms 
[23:22:07 INF] Request finished HTTP/1.1 GET http://localhost:5000/_framework/System.Resources.ResourceManager.wfbqycsq2f.wasm.gz - 200 2259 application/wasm 0.794ms 
[23:22:07 INF] Sending file. Request path: '/_framework/System.Resources.Writer.yomp7oq8px.wasm.gz'. Physical path: 'C:\Users\punko\Downloads\PoMiniGames\src\PoMiniGames.Client\obj\Debug\net10.0\compressed\zog0clf9hv-{0}-yomp7oq8px-yomp7oq8px.gz' 
[23:22:07 INF] HTTP GET /_framework/System.Resources.Writer.yomp7oq8px.wasm.gz responded 200 in 1.0015 ms 
[23:22:07 INF] Request finished HTTP/1.1 GET http://localhost:5000/_framework/System.Resources.Writer.yomp7oq8px.wasm.gz - 200 7752 application/wasm 1.0706ms 
[23:22:07 INF] Request starting HTTP/1.1 GET http://localhost:5000/_framework/System.Runtime.CompilerServices.Unsafe.3fy8j39bry.wasm - null null 
[23:22:07 INF] Sending file. Request path: '/_framework/System.Runtime.CompilerServices.Unsafe.3fy8j39bry.wasm.gz'. Physical path: 'C:\Users\punko\Downloads\PoMiniGames\src\PoMiniGames.Client\obj\Debug\net10.0\compressed\ocupx0f1i3-{0}-3fy8j39bry-3fy8j39bry.gz' 
[23:22:07 INF] HTTP GET /_framework/System.Runtime.CompilerServices.Unsafe.3fy8j39bry.wasm.gz responded 200 in 0.2790 ms 
[23:22:07 INF] Request finished HTTP/1.1 GET http://localhost:5000/_framework/System.Runtime.CompilerServices.Unsafe.3fy8j39bry.wasm.gz - 200 2137 application/wasm 0.3464ms 
[23:22:07 INF] Request starting HTTP/1.1 GET http://localhost:5000/_framework/System.Runtime.CompilerServices.VisualC.lzt2t2jx25.wasm - null null 
[23:22:07 INF] Request starting HTTP/1.1 GET http://localhost:5000/_framework/System.Runtime.Extensions.bllnsrspwd.wasm - null null 
[23:22:07 INF] Sending file. Request path: '/_framework/System.Runtime.CompilerServices.VisualC.lzt2t2jx25.wasm.gz'. Physical path: 'C:\Users\punko\Downloads\PoMiniGames\src\PoMiniGames.Client\obj\Debug\net10.0\compressed\3zl7oazmo6-{0}-lzt2t2jx25-lzt2t2jx25.gz' 
[23:22:07 INF] Request starting HTTP/1.1 GET http://localhost:5000/_framework/System.Runtime.Handles.l1doztbysk.wasm - null null 
[23:22:07 INF] Request starting HTTP/1.1 GET http://localhost:5000/_framework/System.Runtime.InteropServices.RuntimeInformation.9rm6cit8v0.wasm - null null 
[23:22:07 INF] HTTP GET /_framework/System.Runtime.CompilerServices.VisualC.lzt2t2jx25.wasm.gz responded 200 in 2.2629 ms 
[23:22:07 INF] Request finished HTTP/1.1 GET http://localhost:5000/_framework/System.Runtime.CompilerServices.VisualC.lzt2t2jx25.wasm.gz - 200 3097 application/wasm 2.4525ms 
[23:22:07 INF] Sending file. Request path: '/_framework/System.Runtime.Extensions.bllnsrspwd.wasm.gz'. Physical path: 'C:\Users\punko\Downloads\PoMiniGames\src\PoMiniGames.Client\obj\Debug\net10.0\compressed\n3aaaa9rcp-{0}-bllnsrspwd-bllnsrspwd.gz' 
[23:22:07 INF] HTTP GET /_framework/System.Runtime.Extensions.bllnsrspwd.wasm.gz responded 200 in 0.8158 ms 
[23:22:07 INF] Request finished HTTP/1.1 GET http://localhost:5000/_framework/System.Runtime.Extensions.bllnsrspwd.wasm.gz - 200 3017 application/wasm 0.9082ms 
[23:22:07 INF] Sending file. Request path: '/_framework/System.Runtime.InteropServices.RuntimeInformation.9rm6cit8v0.wasm.gz'. Physical path: 'C:\Users\punko\Downloads\PoMiniGames\src\PoMiniGames.Client\obj\Debug\net10.0\compressed\ma6k9448j9-{0}-9rm6cit8v0-9rm6cit8v0.gz' 
[23:22:07 INF] HTTP GET /_framework/System.Runtime.InteropServices.RuntimeInformation.9rm6cit8v0.wasm.gz responded 200 in 0.1974 ms 
[23:22:07 INF] Sending file. Request path: '/_framework/System.Runtime.Handles.l1doztbysk.wasm.gz'. Physical path: 'C:\Users\punko\Downloads\PoMiniGames\src\PoMiniGames.Client\obj\Debug\net10.0\compressed\dicixn3ceq-{0}-l1doztbysk-l1doztbysk.gz' 
[23:22:07 INF] Request finished HTTP/1.1 GET http://localhost:5000/_framework/System.Runtime.InteropServices.RuntimeInformation.9rm6cit8v0.wasm.gz - 200 2171 application/wasm 0.3037ms 
[23:22:07 INF] HTTP GET /_framework/System.Runtime.Handles.l1doztbysk.wasm.gz responded 200 in 0.2975 ms 
[23:22:07 INF] Request finished HTTP/1.1 GET http://localhost:5000/_framework/System.Runtime.Handles.l1doztbysk.wasm.gz - 200 2222 application/wasm 0.3919ms 
[23:22:07 INF] Request starting HTTP/1.1 GET http://localhost:5000/_framework/System.Runtime.InteropServices.92mbh6ougs.wasm - null null 
[23:22:07 INF] Sending file. Request path: '/_framework/System.Runtime.InteropServices.92mbh6ougs.wasm.gz'. Physical path: 'C:\Users\punko\Downloads\PoMiniGames\src\PoMiniGames.Client\obj\Debug\net10.0\compressed\nhcgh9amt0-{0}-92mbh6ougs-92mbh6ougs.gz' 
[23:22:07 INF] HTTP GET /_framework/System.Runtime.InteropServices.92mbh6ougs.wasm.gz responded 200 in 0.5903 ms 
[23:22:07 INF] Request finished HTTP/1.1 GET http://localhost:5000/_framework/System.Runtime.InteropServices.92mbh6ougs.wasm.gz - 200 24116 application/wasm 0.6828ms 
[23:22:07 INF] Request starting HTTP/1.1 GET http://localhost:5000/_framework/System.Runtime.Intrinsics.m5kkftjqir.wasm - null null 
[23:22:07 INF] Request starting HTTP/1.1 GET http://localhost:5000/_framework/System.Runtime.Loader.8tidl2vik3.wasm - null null 
[23:22:07 INF] Sending file. Request path: '/_framework/System.Runtime.Intrinsics.m5kkftjqir.wasm.gz'. Physical path: 'C:\Users\punko\Downloads\PoMiniGames\src\PoMiniGames.Client\obj\Debug\net10.0\compressed\8ony1gn612-{0}-m5kkftjqir-m5kkftjqir.gz' 
[23:22:07 INF] HTTP GET /_framework/System.Runtime.Intrinsics.m5kkftjqir.wasm.gz responded 200 in 0.6052 ms 
[23:22:07 INF] Request finished HTTP/1.1 GET http://localhost:5000/_framework/System.Runtime.Intrinsics.m5kkftjqir.wasm.gz - 200 2864 application/wasm 0.7722ms 
[23:22:07 INF] Request starting HTTP/1.1 GET http://localhost:5000/_framework/System.Runtime.Numerics.ym3nhl4pae.wasm - null null 
[23:22:07 INF] Request starting HTTP/1.1 GET http://localhost:5000/_framework/System.Runtime.Serialization.Formatters.jfoer9a9b1.wasm - null null 
[23:22:07 INF] Sending file. Request path: '/_framework/System.Runtime.Loader.8tidl2vik3.wasm.gz'. Physical path: 'C:\Users\punko\Downloads\PoMiniGames\src\PoMiniGames.Client\obj\Debug\net10.0\compressed\dwpfj8ac1s-{0}-8tidl2vik3-8tidl2vik3.gz' 
[23:22:07 INF] HTTP GET /_framework/System.Runtime.Loader.8tidl2vik3.wasm.gz responded 200 in 0.3623 ms 
[23:22:07 INF] Request finished HTTP/1.1 GET http://localhost:5000/_framework/System.Runtime.Loader.8tidl2vik3.wasm.gz - 200 2348 application/wasm 0.4503ms 
[23:22:07 INF] Sending file. Request path: '/_framework/System.Runtime.Serialization.Formatters.jfoer9a9b1.wasm.gz'. Physical path: 'C:\Users\punko\Downloads\PoMiniGames\src\PoMiniGames.Client\obj\Debug\net10.0\compressed\638z0lul22-{0}-jfoer9a9b1-jfoer9a9b1.gz' 
[23:22:07 INF] HTTP GET /_framework/System.Runtime.Serialization.Formatters.jfoer9a9b1.wasm.gz responded 200 in 0.3652 ms 
[23:22:07 INF] Sending file. Request path: '/_framework/System.Runtime.Numerics.ym3nhl4pae.wasm.gz'. Physical path: 'C:\Users\punko\Downloads\PoMiniGames\src\PoMiniGames.Client\obj\Debug\net10.0\compressed\u27iomvnfm-{0}-ym3nhl4pae-ym3nhl4pae.gz' 
[23:22:07 INF] Request finished HTTP/1.1 GET http://localhost:5000/_framework/System.Runtime.Serialization.Formatters.jfoer9a9b1.wasm.gz - 200 24599 application/wasm 0.4348ms 
[23:22:07 INF] HTTP GET /_framework/System.Runtime.Numerics.ym3nhl4pae.wasm.gz responded 200 in 0.5485 ms 
[23:22:07 INF] Request finished HTTP/1.1 GET http://localhost:5000/_framework/System.Runtime.Numerics.ym3nhl4pae.wasm.gz - 200 54218 application/wasm 0.6423ms 
[23:22:07 INF] Request starting HTTP/1.1 GET http://localhost:5000/_framework/System.Runtime.Serialization.Json.04ot9ggpin.wasm - null null 
[23:22:07 INF] Sending file. Request path: '/_framework/System.Runtime.Serialization.Json.04ot9ggpin.wasm.gz'. Physical path: 'C:\Users\punko\Downloads\PoMiniGames\src\PoMiniGames.Client\obj\Debug\net10.0\compressed\6r5msp17ar-{0}-04ot9ggpin-04ot9ggpin.gz' 
[23:22:07 INF] HTTP GET /_framework/System.Runtime.Serialization.Json.04ot9ggpin.wasm.gz responded 200 in 0.4437 ms 
[23:22:07 INF] Request finished HTTP/1.1 GET http://localhost:5000/_framework/System.Runtime.Serialization.Json.04ot9ggpin.wasm.gz - 200 2264 application/wasm 0.5487ms 
[23:22:07 INF] Request starting HTTP/1.1 GET http://localhost:5000/_framework/System.Runtime.Serialization.Primitives.v0sloygu0k.wasm - null null 
[23:22:07 INF] Request starting HTTP/1.1 GET http://localhost:5000/_framework/System.Runtime.Serialization.Xml.l9p36z8pw0.wasm - null null 
[23:22:07 INF] Sending file. Request path: '/_framework/System.Runtime.Serialization.Xml.l9p36z8pw0.wasm.gz'. Physical path: 'C:\Users\punko\Downloads\PoMiniGames\src\PoMiniGames.Client\obj\Debug\net10.0\compressed\pvyb6wdwna-{0}-l9p36z8pw0-l9p36z8pw0.gz' 
[23:22:07 INF] Sending file. Request path: '/_framework/System.Runtime.Serialization.Primitives.v0sloygu0k.wasm.gz'. Physical path: 'C:\Users\punko\Downloads\PoMiniGames\src\PoMiniGames.Client\obj\Debug\net10.0\compressed\jrj627hdma-{0}-v0sloygu0k-v0sloygu0k.gz' 
[23:22:07 INF] HTTP GET /_framework/System.Runtime.Serialization.Xml.l9p36z8pw0.wasm.gz responded 200 in 0.3178 ms 
[23:22:07 INF] HTTP GET /_framework/System.Runtime.Serialization.Primitives.v0sloygu0k.wasm.gz responded 200 in 0.3795 ms 
[23:22:07 INF] Request finished HTTP/1.1 GET http://localhost:5000/_framework/System.Runtime.Serialization.Xml.l9p36z8pw0.wasm.gz - 200 2579 application/wasm 0.3994ms 
[23:22:07 INF] Request finished HTTP/1.1 GET http://localhost:5000/_framework/System.Runtime.Serialization.Primitives.v0sloygu0k.wasm.gz - 200 5519 application/wasm 0.4616ms 
[23:22:07 INF] Request starting HTTP/1.1 GET http://localhost:5000/_framework/System.Runtime.Serialization.sl1f80ke8z.wasm - null null 
[23:22:07 INF] Request starting HTTP/1.1 GET http://localhost:5000/_framework/System.Runtime.6x7t8axmdw.wasm - null null 
[23:22:07 INF] Sending file. Request path: '/_framework/System.Runtime.Serialization.sl1f80ke8z.wasm.gz'. Physical path: 'C:\Users\punko\Downloads\PoMiniGames\src\PoMiniGames.Client\obj\Debug\net10.0\compressed\36gs5z9k6i-{0}-sl1f80ke8z-sl1f80ke8z.gz' 
[23:22:07 INF] HTTP GET /_framework/System.Runtime.Serialization.sl1f80ke8z.wasm.gz responded 200 in 0.2723 ms 
[23:22:07 INF] Request finished HTTP/1.1 GET http://localhost:5000/_framework/System.Runtime.Serialization.sl1f80ke8z.wasm.gz - 200 2521 application/wasm 0.3122ms 
[23:22:07 INF] Sending file. Request path: '/_framework/System.Runtime.6x7t8axmdw.wasm.gz'. Physical path: 'C:\Users\punko\Downloads\PoMiniGames\src\PoMiniGames.Client\obj\Debug\net10.0\compressed\esqw0h77nj-{0}-6x7t8axmdw-6x7t8axmdw.gz' 
[23:22:07 INF] HTTP GET /_framework/System.Runtime.6x7t8axmdw.wasm.gz responded 200 in 0.1647 ms 
[23:22:07 INF] Request finished HTTP/1.1 GET http://localhost:5000/_framework/System.Runtime.6x7t8axmdw.wasm.gz - 200 10918 application/wasm 0.2081ms 
[23:22:07 INF] Request starting HTTP/1.1 GET http://localhost:5000/_framework/System.Security.AccessControl.3nwl7fw3mc.wasm - null null 
[23:22:07 INF] Sending file. Request path: '/_framework/System.Security.AccessControl.3nwl7fw3mc.wasm.gz'. Physical path: 'C:\Users\punko\Downloads\PoMiniGames\src\PoMiniGames.Client\obj\Debug\net10.0\compressed\9wq1bjwqrd-{0}-3nwl7fw3mc-3nwl7fw3mc.gz' 
[23:22:07 INF] HTTP GET /_framework/System.Security.AccessControl.3nwl7fw3mc.wasm.gz responded 200 in 0.4498 ms 
[23:22:07 INF] Request finished HTTP/1.1 GET http://localhost:5000/_framework/System.Security.AccessControl.3nwl7fw3mc.wasm.gz - 200 17244 application/wasm 0.5768ms 
[23:22:07 INF] Request starting HTTP/1.1 GET http://localhost:5000/_framework/System.Security.Claims.xz90ei9jt5.wasm - null null 
[23:22:07 INF] Request starting HTTP/1.1 GET http://localhost:5000/_framework/System.Security.Cryptography.Algorithms.p2act7isih.wasm - null null 
[23:22:07 INF] Sending file. Request path: '/_framework/System.Security.Claims.xz90ei9jt5.wasm.gz'. Physical path: 'C:\Users\punko\Downloads\PoMiniGames\src\PoMiniGames.Client\obj\Debug\net10.0\compressed\xqxyfr54v4-{0}-xz90ei9jt5-xz90ei9jt5.gz' 
[23:22:07 INF] HTTP GET /_framework/System.Security.Claims.xz90ei9jt5.wasm.gz responded 200 in 1.1771 ms 
[23:22:07 INF] Request finished HTTP/1.1 GET http://localhost:5000/_framework/System.Security.Claims.xz90ei9jt5.wasm.gz - 200 16922 application/wasm 1.2964ms 
[23:22:07 INF] Sending file. Request path: '/_framework/System.Security.Cryptography.Algorithms.p2act7isih.wasm.gz'. Physical path: 'C:\Users\punko\Downloads\PoMiniGames\src\PoMiniGames.Client\obj\Debug\net10.0\compressed\atxdbyxis0-{0}-p2act7isih-p2act7isih.gz' 
[23:22:07 INF] HTTP GET /_framework/System.Security.Cryptography.Algorithms.p2act7isih.wasm.gz responded 200 in 1.0438 ms 
[23:22:07 INF] Request finished HTTP/1.1 GET http://localhost:5000/_framework/System.Security.Cryptography.Algorithms.p2act7isih.wasm.gz - 200 2734 application/wasm 1.1124ms 
[23:22:07 INF] Request starting HTTP/1.1 GET http://localhost:5000/_framework/System.Security.Cryptography.Cng.x43abjiulr.wasm - null null 
[23:22:07 INF] Request starting HTTP/1.1 GET http://localhost:5000/_framework/System.Security.Cryptography.Csp.ujvbo6nowk.wasm - null null 
[23:22:07 INF] Sending file. Request path: '/_framework/System.Security.Cryptography.Cng.x43abjiulr.wasm.gz'. Physical path: 'C:\Users\punko\Downloads\PoMiniGames\src\PoMiniGames.Client\obj\Debug\net10.0\compressed\b4u07xggl2-{0}-x43abjiulr-x43abjiulr.gz' 
[23:22:07 INF] HTTP GET /_framework/System.Security.Cryptography.Cng.x43abjiulr.wasm.gz responded 200 in 0.2514 ms 
[23:22:07 INF] Sending file. Request path: '/_framework/System.Security.Cryptography.Csp.ujvbo6nowk.wasm.gz'. Physical path: 'C:\Users\punko\Downloads\PoMiniGames\src\PoMiniGames.Client\obj\Debug\net10.0\compressed\dn9yq3n7ol-{0}-ujvbo6nowk-ujvbo6nowk.gz' 
[23:22:07 INF] Request finished HTTP/1.1 GET http://localhost:5000/_framework/System.Security.Cryptography.Cng.x43abjiulr.wasm.gz - 200 2497 application/wasm 0.3023ms 
[23:22:07 INF] HTTP GET /_framework/System.Security.Cryptography.Csp.ujvbo6nowk.wasm.gz responded 200 in 0.2345 ms 
[23:22:07 INF] Request finished HTTP/1.1 GET http://localhost:5000/_framework/System.Security.Cryptography.Csp.ujvbo6nowk.wasm.gz - 200 2356 application/wasm 0.2794ms 
[23:22:07 INF] Request starting HTTP/1.1 GET http://localhost:5000/_framework/System.Security.Cryptography.Encoding.87lifboqsx.wasm - null null 
[23:22:07 INF] Sending file. Request path: '/_framework/System.Security.Cryptography.Encoding.87lifboqsx.wasm.gz'. Physical path: 'C:\Users\punko\Downloads\PoMiniGames\src\PoMiniGames.Client\obj\Debug\net10.0\compressed\00ck4i0a3y-{0}-87lifboqsx-87lifboqsx.gz' 
[23:22:07 INF] HTTP GET /_framework/System.Security.Cryptography.Encoding.87lifboqsx.wasm.gz responded 200 in 0.2293 ms 
[23:22:07 INF] Request finished HTTP/1.1 GET http://localhost:5000/_framework/System.Security.Cryptography.Encoding.87lifboqsx.wasm.gz - 200 2289 application/wasm 0.2775ms 
[23:22:07 INF] Sending file. Request path: '/_framework/System.Private.Xml.1znmymukzn.wasm.gz'. Physical path: 'C:\Users\punko\Downloads\PoMiniGames\src\PoMiniGames.Client\obj\Debug\net10.0\compressed\n8nank40mi-{0}-1znmymukzn-1znmymukzn.gz' 
[23:22:07 INF] HTTP GET /_framework/System.Private.Xml.1znmymukzn.wasm.gz responded 200 in 56.3422 ms 
[23:22:07 INF] Request finished HTTP/1.1 GET http://localhost:5000/_framework/System.Private.Xml.1znmymukzn.wasm.gz - 200 1072054 application/wasm 56.4084ms 
[23:22:07 INF] Request starting HTTP/1.1 GET http://localhost:5000/_framework/System.Security.Cryptography.OpenSsl.u2qntds71c.wasm - null null 
[23:22:07 INF] Request starting HTTP/1.1 GET http://localhost:5000/_framework/System.Security.Cryptography.Primitives.ei71q5x4j1.wasm - null null 
[23:22:07 INF] Sending file. Request path: '/_framework/System.Security.Cryptography.OpenSsl.u2qntds71c.wasm.gz'. Physical path: 'C:\Users\punko\Downloads\PoMiniGames\src\PoMiniGames.Client\obj\Debug\net10.0\compressed\og7hno4iax-{0}-u2qntds71c-u2qntds71c.gz' 
[23:22:07 INF] HTTP GET /_framework/System.Security.Cryptography.OpenSsl.u2qntds71c.wasm.gz responded 200 in 2.6197 ms 
[23:22:07 INF] Request finished HTTP/1.1 GET http://localhost:5000/_framework/System.Security.Cryptography.OpenSsl.u2qntds71c.wasm.gz - 200 2231 application/wasm 13.6457ms 
[23:22:07 INF] Sending file. Request path: '/_framework/System.Security.Cryptography.Primitives.ei71q5x4j1.wasm.gz'. Physical path: 'C:\Users\punko\Downloads\PoMiniGames\src\PoMiniGames.Client\obj\Debug\net10.0\compressed\qmq7oiogkg-{0}-ei71q5x4j1-ei71q5x4j1.gz' 
[23:22:07 INF] HTTP GET /_framework/System.Security.Cryptography.Primitives.ei71q5x4j1.wasm.gz responded 200 in 0.6252 ms 
[23:22:07 INF] Request finished HTTP/1.1 GET http://localhost:5000/_framework/System.Security.Cryptography.Primitives.ei71q5x4j1.wasm.gz - 200 2352 application/wasm 14.0322ms 
[23:22:07 INF] Request starting HTTP/1.1 GET http://localhost:5000/_framework/System.Security.Cryptography.X509Certificates.2spowjj5l2.wasm - null null 
[23:22:07 INF] Sending file. Request path: '/_framework/System.Security.Cryptography.X509Certificates.2spowjj5l2.wasm.gz'. Physical path: 'C:\Users\punko\Downloads\PoMiniGames\src\PoMiniGames.Client\obj\Debug\net10.0\compressed\t0x8g1lvwy-{0}-2spowjj5l2-2spowjj5l2.gz' 
[23:22:07 INF] HTTP GET /_framework/System.Security.Cryptography.X509Certificates.2spowjj5l2.wasm.gz responded 200 in 1.0066 ms 
[23:22:07 INF] Request finished HTTP/1.1 GET http://localhost:5000/_framework/System.Security.Cryptography.X509Certificates.2spowjj5l2.wasm.gz - 200 2691 application/wasm 15.4006ms 
[23:22:07 INF] Request starting HTTP/1.1 GET http://localhost:5000/_framework/System.Security.Cryptography.na4q58ou4y.wasm - null null 
[23:22:07 INF] Request starting HTTP/1.1 GET http://localhost:5000/_framework/System.Security.Principal.Windows.w9a1l2myly.wasm - null null 
[23:22:07 INF] Sending file. Request path: '/_framework/System.Security.Cryptography.na4q58ou4y.wasm.gz'. Physical path: 'C:\Users\punko\Downloads\PoMiniGames\src\PoMiniGames.Client\obj\Debug\net10.0\compressed\t3f4gbujn7-{0}-na4q58ou4y-na4q58ou4y.gz' 
[23:22:07 INF] HTTP GET /_framework/System.Security.Cryptography.na4q58ou4y.wasm.gz responded 200 in 1.2946 ms 
[23:22:07 INF] Request finished HTTP/1.1 GET http://localhost:5000/_framework/System.Security.Cryptography.na4q58ou4y.wasm.gz - 200 231396 application/wasm 16.7319ms 
[23:22:07 INF] Sending file. Request path: '/_framework/System.Security.Principal.Windows.w9a1l2myly.wasm.gz'. Physical path: 'C:\Users\punko\Downloads\PoMiniGames\src\PoMiniGames.Client\obj\Debug\net10.0\compressed\4632nfru0h-{0}-w9a1l2myly-w9a1l2myly.gz' 
[23:22:07 INF] HTTP GET /_framework/System.Security.Principal.Windows.w9a1l2myly.wasm.gz responded 200 in 0.6506 ms 
[23:22:07 INF] Request finished HTTP/1.1 GET http://localhost:5000/_framework/System.Security.Principal.Windows.w9a1l2myly.wasm.gz - 200 11400 application/wasm 16.7555ms 
[23:22:07 INF] Request starting HTTP/1.1 GET http://localhost:5000/_framework/System.Security.Principal.bh1imzrvgv.wasm - null null 
[23:22:07 INF] Sending file. Request path: '/_framework/System.Security.Principal.bh1imzrvgv.wasm.gz'. Physical path: 'C:\Users\punko\Downloads\PoMiniGames\src\PoMiniGames.Client\obj\Debug\net10.0\compressed\41qee558tp-{0}-bh1imzrvgv-bh1imzrvgv.gz' 
[23:22:07 INF] HTTP GET /_framework/System.Security.Principal.bh1imzrvgv.wasm.gz responded 200 in 0.9472 ms 
[23:22:07 INF] Request finished HTTP/1.1 GET http://localhost:5000/_framework/System.Security.Principal.bh1imzrvgv.wasm.gz - 200 2180 application/wasm 1.1511ms 
[23:22:07 INF] Request starting HTTP/1.1 GET http://localhost:5000/_framework/System.Security.SecureString.x4k3li7xsu.wasm - null null 
[23:22:07 INF] Sending file. Request path: '/_framework/System.Security.SecureString.x4k3li7xsu.wasm.gz'. Physical path: 'C:\Users\punko\Downloads\PoMiniGames\src\PoMiniGames.Client\obj\Debug\net10.0\compressed\nt6vtdxalo-{0}-x4k3li7xsu-x4k3li7xsu.gz' 
[23:22:07 INF] HTTP GET /_framework/System.Security.SecureString.x4k3li7xsu.wasm.gz responded 200 in 0.5217 ms 
[23:22:07 INF] Request finished HTTP/1.1 GET http://localhost:5000/_framework/System.Security.SecureString.x4k3li7xsu.wasm.gz - 200 2208 application/wasm 2.2318ms 
[23:22:07 INF] Request starting HTTP/1.1 GET http://localhost:5000/_framework/System.Security.xcu685weif.wasm - null null 
[23:22:07 INF] Sending file. Request path: '/_framework/System.Security.xcu685weif.wasm.gz'. Physical path: 'C:\Users\punko\Downloads\PoMiniGames\src\PoMiniGames.Client\obj\Debug\net10.0\compressed\l5g4ztsbf9-{0}-xcu685weif-xcu685weif.gz' 
[23:22:07 INF] HTTP GET /_framework/System.Security.xcu685weif.wasm.gz responded 200 in 0.5525 ms 
[23:22:07 INF] Request finished HTTP/1.1 GET http://localhost:5000/_framework/System.Security.xcu685weif.wasm.gz - 200 3008 application/wasm 0.6308ms 
[23:22:07 INF] Request starting HTTP/1.1 GET http://localhost:5000/_framework/System.ServiceModel.Web.bj3h2scdlc.wasm - null null 
[23:22:07 INF] Sending file. Request path: '/_framework/System.ServiceModel.Web.bj3h2scdlc.wasm.gz'. Physical path: 'C:\Users\punko\Downloads\PoMiniGames\src\PoMiniGames.Client\obj\Debug\net10.0\compressed\zkztbtz3jf-{0}-bj3h2scdlc-bj3h2scdlc.gz' 
[23:22:07 INF] HTTP GET /_framework/System.ServiceModel.Web.bj3h2scdlc.wasm.gz responded 200 in 0.3447 ms 
[23:22:07 INF] Request finished HTTP/1.1 GET http://localhost:5000/_framework/System.ServiceModel.Web.bj3h2scdlc.wasm.gz - 200 2564 application/wasm 0.4397ms 
[23:22:07 INF] Request starting HTTP/1.1 GET http://localhost:5000/_framework/System.ServiceProcess.5a1uwxr095.wasm - null null 
[23:22:07 INF] Sending file. Request path: '/_framework/System.ServiceProcess.5a1uwxr095.wasm.gz'. Physical path: 'C:\Users\punko\Downloads\PoMiniGames\src\PoMiniGames.Client\obj\Debug\net10.0\compressed\0suf182o8k-{0}-5a1uwxr095-5a1uwxr095.gz' 
[23:22:07 INF] HTTP GET /_framework/System.ServiceProcess.5a1uwxr095.wasm.gz responded 200 in 0.5732 ms 
[23:22:07 INF] Request finished HTTP/1.1 GET http://localhost:5000/_framework/System.ServiceProcess.5a1uwxr095.wasm.gz - 200 2318 application/wasm 0.6229ms 
[23:22:07 INF] Request starting HTTP/1.1 GET http://localhost:5000/_framework/System.Text.Encoding.CodePages.bxr2gc97io.wasm - null null 
[23:22:07 INF] Request starting HTTP/1.1 GET http://localhost:5000/_framework/System.Text.Encoding.Extensions.ar7spvhfea.wasm - null null 
[23:22:07 INF] Sending file. Request path: '/_framework/System.Text.Encoding.Extensions.ar7spvhfea.wasm.gz'. Physical path: 'C:\Users\punko\Downloads\PoMiniGames\src\PoMiniGames.Client\obj\Debug\net10.0\compressed\3c40cnphmm-{0}-ar7spvhfea-ar7spvhfea.gz' 
[23:22:07 INF] HTTP GET /_framework/System.Text.Encoding.Extensions.ar7spvhfea.wasm.gz responded 200 in 0.2579 ms 
[23:22:07 INF] Request finished HTTP/1.1 GET http://localhost:5000/_framework/System.Text.Encoding.Extensions.ar7spvhfea.wasm.gz - 200 2277 application/wasm 0.3239ms 
[23:22:07 INF] Request starting HTTP/1.1 GET http://localhost:5000/_framework/System.Text.Encoding.z1tsijp8tc.wasm - null null 
[23:22:07 INF] Sending file. Request path: '/_framework/System.Text.Encoding.z1tsijp8tc.wasm.gz'. Physical path: 'C:\Users\punko\Downloads\PoMiniGames\src\PoMiniGames.Client\obj\Debug\net10.0\compressed\faovm6hwap-{0}-z1tsijp8tc-z1tsijp8tc.gz' 
[23:22:07 INF] HTTP GET /_framework/System.Text.Encoding.z1tsijp8tc.wasm.gz responded 200 in 0.3098 ms 
[23:22:07 INF] Request finished HTTP/1.1 GET http://localhost:5000/_framework/System.Text.Encoding.z1tsijp8tc.wasm.gz - 200 2254 application/wasm 0.3728ms 
[23:22:07 INF] Request starting HTTP/1.1 GET http://localhost:5000/_framework/System.Text.Encodings.Web.ecvfozax9d.wasm - null null 
[23:22:07 INF] Sending file. Request path: '/_framework/System.Text.Encodings.Web.ecvfozax9d.wasm.gz'. Physical path: 'C:\Users\punko\Downloads\PoMiniGames\src\PoMiniGames.Client\obj\Debug\net10.0\compressed\v2pxn0assn-{0}-ecvfozax9d-ecvfozax9d.gz' 
[23:22:07 INF] HTTP GET /_framework/System.Text.Encodings.Web.ecvfozax9d.wasm.gz responded 200 in 0.3515 ms 
[23:22:07 INF] Request finished HTTP/1.1 GET http://localhost:5000/_framework/System.Text.Encodings.Web.ecvfozax9d.wasm.gz - 200 22586 application/wasm 0.4224ms 
[23:22:07 INF] Request starting HTTP/1.1 GET http://localhost:5000/_framework/System.Text.Json.t2y3tht3ok.wasm - null null 
[23:22:07 INF] Sending file. Request path: '/_framework/System.Text.Json.t2y3tht3ok.wasm.gz'. Physical path: 'C:\Users\punko\Downloads\PoMiniGames\src\PoMiniGames.Client\obj\Debug\net10.0\compressed\5ui2k7z5eq-{0}-t2y3tht3ok-t2y3tht3ok.gz' 
[23:22:07 INF] HTTP GET /_framework/System.Text.Json.t2y3tht3ok.wasm.gz responded 200 in 0.5651 ms 
[23:22:07 INF] Request finished HTTP/1.1 GET http://localhost:5000/_framework/System.Text.Json.t2y3tht3ok.wasm.gz - 200 232452 application/wasm 0.6567ms 
[23:22:07 INF] Request starting HTTP/1.1 GET http://localhost:5000/_framework/System.Text.RegularExpressions.qwxrrj2acp.wasm - null null 
[23:22:07 INF] Sending file. Request path: '/_framework/System.Text.RegularExpressions.qwxrrj2acp.wasm.gz'. Physical path: 'C:\Users\punko\Downloads\PoMiniGames\src\PoMiniGames.Client\obj\Debug\net10.0\compressed\504tubx8a3-{0}-qwxrrj2acp-qwxrrj2acp.gz' 
[23:22:07 INF] HTTP GET /_framework/System.Text.RegularExpressions.qwxrrj2acp.wasm.gz responded 200 in 0.4016 ms 
[23:22:07 INF] Request finished HTTP/1.1 GET http://localhost:5000/_framework/System.Text.RegularExpressions.qwxrrj2acp.wasm.gz - 200 162344 application/wasm 0.4764ms 
[23:22:07 INF] Request starting HTTP/1.1 GET http://localhost:5000/_framework/System.Threading.AccessControl.9ykh0d964r.wasm - null null 
[23:22:07 INF] Sending file. Request path: '/_framework/System.Threading.AccessControl.9ykh0d964r.wasm.gz'. Physical path: 'C:\Users\punko\Downloads\PoMiniGames\src\PoMiniGames.Client\obj\Debug\net10.0\compressed\k2unsc1e7u-{0}-9ykh0d964r-9ykh0d964r.gz' 
[23:22:07 INF] HTTP GET /_framework/System.Threading.AccessControl.9ykh0d964r.wasm.gz responded 200 in 0.2568 ms 
[23:22:07 INF] Request finished HTTP/1.1 GET http://localhost:5000/_framework/System.Threading.AccessControl.9ykh0d964r.wasm.gz - 200 8652 application/wasm 0.3284ms 
[23:22:07 INF] Sending file. Request path: '/_framework/System.Text.Encoding.CodePages.bxr2gc97io.wasm.gz'. Physical path: 'C:\Users\punko\Downloads\PoMiniGames\src\PoMiniGames.Client\obj\Debug\net10.0\compressed\pdkgf27qen-{0}-bxr2gc97io-bxr2gc97io.gz' 
[23:22:07 INF] HTTP GET /_framework/System.Text.Encoding.CodePages.bxr2gc97io.wasm.gz responded 200 in 7.9526 ms 
[23:22:07 INF] Request finished HTTP/1.1 GET http://localhost:5000/_framework/System.Text.Encoding.CodePages.bxr2gc97io.wasm.gz - 200 519252 application/wasm 8.0211ms 
[23:22:07 INF] Request starting HTTP/1.1 GET http://localhost:5000/_framework/System.Threading.Channels.kqljytjj5u.wasm - null null 
[23:22:07 INF] Sending file. Request path: '/_framework/System.Threading.Channels.kqljytjj5u.wasm.gz'. Physical path: 'C:\Users\punko\Downloads\PoMiniGames\src\PoMiniGames.Client\obj\Debug\net10.0\compressed\3tlxjhud24-{0}-kqljytjj5u-kqljytjj5u.gz' 
[23:22:07 INF] HTTP GET /_framework/System.Threading.Channels.kqljytjj5u.wasm.gz responded 200 in 0.2949 ms 
[23:22:07 INF] Request finished HTTP/1.1 GET http://localhost:5000/_framework/System.Threading.Channels.kqljytjj5u.wasm.gz - 200 24811 application/wasm 0.3513ms 
[23:22:07 INF] Request starting HTTP/1.1 GET http://localhost:5000/_framework/System.Threading.Overlapped.aw0j9ufvn4.wasm - null null 
[23:22:07 INF] Sending file. Request path: '/_framework/System.Threading.Overlapped.aw0j9ufvn4.wasm.gz'. Physical path: 'C:\Users\punko\Downloads\PoMiniGames\src\PoMiniGames.Client\obj\Debug\net10.0\compressed\3tszvbz0db-{0}-aw0j9ufvn4-aw0j9ufvn4.gz' 
[23:22:07 INF] HTTP GET /_framework/System.Threading.Overlapped.aw0j9ufvn4.wasm.gz responded 200 in 0.2597 ms 
[23:22:07 INF] Request finished HTTP/1.1 GET http://localhost:5000/_framework/System.Threading.Overlapped.aw0j9ufvn4.wasm.gz - 200 2320 application/wasm 0.318ms 
[23:22:07 INF] Request starting HTTP/1.1 GET http://localhost:5000/_framework/System.Threading.Tasks.Dataflow.gsdu90uund.wasm - null null 
[23:22:07 INF] Request starting HTTP/1.1 GET http://localhost:5000/_framework/System.Threading.Tasks.Extensions.bxz0ahfwn3.wasm - null null 
[23:22:07 INF] Sending file. Request path: '/_framework/System.Threading.Tasks.Extensions.bxz0ahfwn3.wasm.gz'. Physical path: 'C:\Users\punko\Downloads\PoMiniGames\src\PoMiniGames.Client\obj\Debug\net10.0\compressed\yna42b8md0-{0}-bxz0ahfwn3-bxz0ahfwn3.gz' 
[23:22:07 INF] HTTP GET /_framework/System.Threading.Tasks.Extensions.bxz0ahfwn3.wasm.gz responded 200 in 0.2561 ms 
[23:22:07 INF] Request finished HTTP/1.1 GET http://localhost:5000/_framework/System.Threading.Tasks.Extensions.bxz0ahfwn3.wasm.gz - 200 2317 application/wasm 0.3223ms 
[23:22:07 INF] Sending file. Request path: '/_framework/System.Threading.Tasks.Dataflow.gsdu90uund.wasm.gz'. Physical path: 'C:\Users\punko\Downloads\PoMiniGames\src\PoMiniGames.Client\obj\Debug\net10.0\compressed\cufb2anlzp-{0}-gsdu90uund-gsdu90uund.gz' 
[23:22:07 INF] HTTP GET /_framework/System.Threading.Tasks.Dataflow.gsdu90uund.wasm.gz responded 200 in 0.7729 ms 
[23:22:07 INF] Request finished HTTP/1.1 GET http://localhost:5000/_framework/System.Threading.Tasks.Dataflow.gsdu90uund.wasm.gz - 200 74117 application/wasm 0.8878ms 
[23:22:07 INF] Request starting HTTP/1.1 GET http://localhost:5000/_framework/System.Threading.Tasks.Parallel.m6q3sy58px.wasm - null null 
[23:22:07 INF] Request starting HTTP/1.1 GET http://localhost:5000/_framework/System.Threading.Tasks.vr7balnlm6.wasm - null null 
[23:22:07 INF] Sending file. Request path: '/_framework/System.Threading.Tasks.Parallel.m6q3sy58px.wasm.gz'. Physical path: 'C:\Users\punko\Downloads\PoMiniGames\src\PoMiniGames.Client\obj\Debug\net10.0\compressed\ktsurp0kd7-{0}-m6q3sy58px-m6q3sy58px.gz' 
[23:22:07 INF] HTTP GET /_framework/System.Threading.Tasks.Parallel.m6q3sy58px.wasm.gz responded 200 in 0.3609 ms 
[23:22:07 INF] Request finished HTTP/1.1 GET http://localhost:5000/_framework/System.Threading.Tasks.Parallel.m6q3sy58px.wasm.gz - 200 21553 application/wasm 0.4571ms 
[23:22:07 INF] Sending file. Request path: '/_framework/System.Threading.Tasks.vr7balnlm6.wasm.gz'. Physical path: 'C:\Users\punko\Downloads\PoMiniGames\src\PoMiniGames.Client\obj\Debug\net10.0\compressed\965wi67j63-{0}-vr7balnlm6-vr7balnlm6.gz' 
[23:22:07 INF] HTTP GET /_framework/System.Threading.Tasks.vr7balnlm6.wasm.gz responded 200 in 0.2152 ms 
[23:22:07 INF] Request finished HTTP/1.1 GET http://localhost:5000/_framework/System.Threading.Tasks.vr7balnlm6.wasm.gz - 200 2578 application/wasm 0.2773ms 
[23:22:07 INF] Request starting HTTP/1.1 GET http://localhost:5000/_framework/System.Threading.Thread.yoidgvo6hg.wasm - null null 
[23:22:07 INF] Sending file. Request path: '/_framework/System.Threading.Thread.yoidgvo6hg.wasm.gz'. Physical path: 'C:\Users\punko\Downloads\PoMiniGames\src\PoMiniGames.Client\obj\Debug\net10.0\compressed\8rcb7dcbyk-{0}-yoidgvo6hg-yoidgvo6hg.gz' 
[23:22:07 INF] HTTP GET /_framework/System.Threading.Thread.yoidgvo6hg.wasm.gz responded 200 in 0.5232 ms 
[23:22:07 INF] Request finished HTTP/1.1 GET http://localhost:5000/_framework/System.Threading.Thread.yoidgvo6hg.wasm.gz - 200 2353 application/wasm 0.6504ms 
[23:22:07 INF] Request starting HTTP/1.1 GET http://localhost:5000/_framework/System.Threading.ThreadPool.ylzen93rxt.wasm - null null 
[23:22:07 INF] Sending file. Request path: '/_framework/System.Threading.ThreadPool.ylzen93rxt.wasm.gz'. Physical path: 'C:\Users\punko\Downloads\PoMiniGames\src\PoMiniGames.Client\obj\Debug\net10.0\compressed\bya1bxm8a8-{0}-ylzen93rxt-ylzen93rxt.gz' 
[23:22:07 INF] HTTP GET /_framework/System.Threading.ThreadPool.ylzen93rxt.wasm.gz responded 200 in 0.2753 ms 
[23:22:07 INF] Request finished HTTP/1.1 GET http://localhost:5000/_framework/System.Threading.ThreadPool.ylzen93rxt.wasm.gz - 200 2277 application/wasm 0.3332ms 
[23:22:07 INF] Request starting HTTP/1.1 GET http://localhost:5000/_framework/System.Threading.Timer.ai8c4yy4gy.wasm - null null 
[23:22:07 INF] Request starting HTTP/1.1 GET http://localhost:5000/_framework/System.Threading.7dgt1d3mf6.wasm - null null 
[23:22:07 INF] Sending file. Request path: '/_framework/System.Threading.Timer.ai8c4yy4gy.wasm.gz'. Physical path: 'C:\Users\punko\Downloads\PoMiniGames\src\PoMiniGames.Client\obj\Debug\net10.0\compressed\n39qbrk5oj-{0}-ai8c4yy4gy-ai8c4yy4gy.gz' 
[23:22:07 INF] HTTP GET /_framework/System.Threading.Timer.ai8c4yy4gy.wasm.gz responded 200 in 0.1681 ms 
[23:22:07 INF] Request finished HTTP/1.1 GET http://localhost:5000/_framework/System.Threading.Timer.ai8c4yy4gy.wasm.gz - 200 2144 application/wasm 0.2143ms 
[23:22:07 INF] Sending file. Request path: '/_framework/System.Threading.7dgt1d3mf6.wasm.gz'. Physical path: 'C:\Users\punko\Downloads\PoMiniGames\src\PoMiniGames.Client\obj\Debug\net10.0\compressed\8338g9gur3-{0}-7dgt1d3mf6-7dgt1d3mf6.gz' 
[23:22:07 INF] HTTP GET /_framework/System.Threading.7dgt1d3mf6.wasm.gz responded 200 in 0.4019 ms 
[23:22:07 INF] Request finished HTTP/1.1 GET http://localhost:5000/_framework/System.Threading.7dgt1d3mf6.wasm.gz - 200 14985 application/wasm 0.5463ms 
[23:22:07 INF] Request starting HTTP/1.1 GET http://localhost:5000/_framework/System.Transactions.Local.lzy5oi4lqx.wasm - null null 
[23:22:07 INF] Sending file. Request path: '/_framework/System.Transactions.Local.lzy5oi4lqx.wasm.gz'. Physical path: 'C:\Users\punko\Downloads\PoMiniGames\src\PoMiniGames.Client\obj\Debug\net10.0\compressed\9hfzljok1j-{0}-lzy5oi4lqx-lzy5oi4lqx.gz' 
[23:22:07 INF] HTTP GET /_framework/System.Transactions.Local.lzy5oi4lqx.wasm.gz responded 200 in 0.3302 ms 
[23:22:07 INF] Request finished HTTP/1.1 GET http://localhost:5000/_framework/System.Transactions.Local.lzy5oi4lqx.wasm.gz - 200 52526 application/wasm 0.3926ms 
[23:22:07 INF] Request starting HTTP/1.1 GET http://localhost:5000/_framework/System.Transactions.t2zd200496.wasm - null null 
[23:22:07 INF] Request starting HTTP/1.1 GET http://localhost:5000/_framework/System.ValueTuple.7wn6he28cp.wasm - null null 
[23:22:07 INF] Sending file. Request path: '/_framework/System.Transactions.t2zd200496.wasm.gz'. Physical path: 'C:\Users\punko\Downloads\PoMiniGames\src\PoMiniGames.Client\obj\Debug\net10.0\compressed\t46d2zm5o0-{0}-t2zd200496-t2zd200496.gz' 
[23:22:07 INF] HTTP GET /_framework/System.Transactions.t2zd200496.wasm.gz responded 200 in 0.4778 ms 
[23:22:07 INF] Sending file. Request path: '/_framework/System.ValueTuple.7wn6he28cp.wasm.gz'. Physical path: 'C:\Users\punko\Downloads\PoMiniGames\src\PoMiniGames.Client\obj\Debug\net10.0\compressed\1efygpna3d-{0}-7wn6he28cp-7wn6he28cp.gz' 
[23:22:07 INF] Request finished HTTP/1.1 GET http://localhost:5000/_framework/System.Transactions.t2zd200496.wasm.gz - 200 2392 application/wasm 0.5881ms 
[23:22:07 INF] HTTP GET /_framework/System.ValueTuple.7wn6he28cp.wasm.gz responded 200 in 0.5234 ms 
[23:22:07 INF] Request finished HTTP/1.1 GET http://localhost:5000/_framework/System.ValueTuple.7wn6he28cp.wasm.gz - 200 2198 application/wasm 0.6014ms 
[23:22:07 INF] Request starting HTTP/1.1 GET http://localhost:5000/_framework/System.Web.HttpUtility.6tp4nz4hbm.wasm - null null 
[23:22:07 INF] Sending file. Request path: '/_framework/System.Web.HttpUtility.6tp4nz4hbm.wasm.gz'. Physical path: 'C:\Users\punko\Downloads\PoMiniGames\src\PoMiniGames.Client\obj\Debug\net10.0\compressed\lx9dohrjns-{0}-6tp4nz4hbm-6tp4nz4hbm.gz' 
[23:22:07 INF] HTTP GET /_framework/System.Web.HttpUtility.6tp4nz4hbm.wasm.gz responded 200 in 0.2656 ms 
[23:22:07 INF] Request finished HTTP/1.1 GET http://localhost:5000/_framework/System.Web.HttpUtility.6tp4nz4hbm.wasm.gz - 200 9771 application/wasm 0.3289ms 
[23:22:07 INF] Request starting HTTP/1.1 GET http://localhost:5000/_framework/System.Web.ebdit25xqb.wasm - null null 
[23:22:07 INF] Request starting HTTP/1.1 GET http://localhost:5000/_framework/System.Windows.aq6lwwfr3z.wasm - null null 
[23:22:07 INF] Sending file. Request path: '/_framework/System.Web.ebdit25xqb.wasm.gz'. Physical path: 'C:\Users\punko\Downloads\PoMiniGames\src\PoMiniGames.Client\obj\Debug\net10.0\compressed\m4xllfdfe7-{0}-ebdit25xqb-ebdit25xqb.gz' 
[23:22:07 INF] HTTP GET /_framework/System.Web.ebdit25xqb.wasm.gz responded 200 in 0.1558 ms 
[23:22:07 INF] Request finished HTTP/1.1 GET http://localhost:5000/_framework/System.Web.ebdit25xqb.wasm.gz - 200 2134 application/wasm 0.2084ms 
[23:22:07 INF] Sending file. Request path: '/_framework/System.Windows.aq6lwwfr3z.wasm.gz'. Physical path: 'C:\Users\punko\Downloads\PoMiniGames\src\PoMiniGames.Client\obj\Debug\net10.0\compressed\jwvilqozww-{0}-aq6lwwfr3z-aq6lwwfr3z.gz' 
[23:22:07 INF] Request starting HTTP/1.1 GET http://localhost:5000/_framework/System.Xml.Linq.b7gdbqfifs.wasm - null null 
[23:22:07 INF] HTTP GET /_framework/System.Windows.aq6lwwfr3z.wasm.gz responded 200 in 0.2033 ms 
[23:22:07 INF] Request finished HTTP/1.1 GET http://localhost:5000/_framework/System.Windows.aq6lwwfr3z.wasm.gz - 200 2291 application/wasm 0.2508ms 
[23:22:07 INF] Sending file. Request path: '/_framework/System.Xml.Linq.b7gdbqfifs.wasm.gz'. Physical path: 'C:\Users\punko\Downloads\PoMiniGames\src\PoMiniGames.Client\obj\Debug\net10.0\compressed\yt4dg9o16r-{0}-b7gdbqfifs-b7gdbqfifs.gz' 
[23:22:07 INF] HTTP GET /_framework/System.Xml.Linq.b7gdbqfifs.wasm.gz responded 200 in 0.2988 ms 
[23:22:07 INF] Request finished HTTP/1.1 GET http://localhost:5000/_framework/System.Xml.Linq.b7gdbqfifs.wasm.gz - 200 2226 application/wasm 0.3451ms 
[23:22:07 INF] Request starting HTTP/1.1 GET http://localhost:5000/_framework/System.Xml.ReaderWriter.y98l7nfpbl.wasm - null null 
[23:22:07 INF] Request starting HTTP/1.1 GET http://localhost:5000/_framework/System.Xml.Serialization.7yexjpd5e3.wasm - null null 
[23:22:07 INF] Sending file. Request path: '/_framework/System.Xml.ReaderWriter.y98l7nfpbl.wasm.gz'. Physical path: 'C:\Users\punko\Downloads\PoMiniGames\src\PoMiniGames.Client\obj\Debug\net10.0\compressed\87br5zy6ma-{0}-y98l7nfpbl-y98l7nfpbl.gz' 
[23:22:07 INF] HTTP GET /_framework/System.Xml.ReaderWriter.y98l7nfpbl.wasm.gz responded 200 in 0.3844 ms 
[23:22:07 INF] Request finished HTTP/1.1 GET http://localhost:5000/_framework/System.Xml.ReaderWriter.y98l7nfpbl.wasm.gz - 200 4045 application/wasm 0.4844ms 
[23:22:07 INF] Request starting HTTP/1.1 GET http://localhost:5000/_framework/System.Xml.XDocument.vg9k1j0zjc.wasm - null null 
[23:22:07 INF] Sending file. Request path: '/_framework/System.Xml.XDocument.vg9k1j0zjc.wasm.gz'. Physical path: 'C:\Users\punko\Downloads\PoMiniGames\src\PoMiniGames.Client\obj\Debug\net10.0\compressed\wtrvzod2ui-{0}-vg9k1j0zjc-vg9k1j0zjc.gz' 
[23:22:07 INF] HTTP GET /_framework/System.Xml.XDocument.vg9k1j0zjc.wasm.gz responded 200 in 0.2209 ms 
[23:22:07 INF] Request finished HTTP/1.1 GET http://localhost:5000/_framework/System.Xml.XDocument.vg9k1j0zjc.wasm.gz - 200 2412 application/wasm 0.3123ms 
[23:22:07 INF] Request starting HTTP/1.1 GET http://localhost:5000/_framework/System.Xml.XPath.XDocument.kwdgho41kx.wasm - null null 
[23:22:07 INF] Sending file. Request path: '/_framework/System.Xml.XPath.XDocument.kwdgho41kx.wasm.gz'. Physical path: 'C:\Users\punko\Downloads\PoMiniGames\src\PoMiniGames.Client\obj\Debug\net10.0\compressed\awpm0ew11m-{0}-kwdgho41kx-kwdgho41kx.gz' 
[23:22:07 INF] HTTP GET /_framework/System.Xml.XPath.XDocument.kwdgho41kx.wasm.gz responded 200 in 0.6081 ms 
[23:22:07 INF] Sending file. Request path: '/_framework/System.Xml.Serialization.7yexjpd5e3.wasm.gz'. Physical path: 'C:\Users\punko\Downloads\PoMiniGames\src\PoMiniGames.Client\obj\Debug\net10.0\compressed\3fkb4jvl72-{0}-7yexjpd5e3-7yexjpd5e3.gz' 
[23:22:07 INF] HTTP GET /_framework/System.Xml.Serialization.7yexjpd5e3.wasm.gz responded 200 in 1.3353 ms 
[23:22:07 INF] Request finished HTTP/1.1 GET http://localhost:5000/_framework/System.Xml.Serialization.7yexjpd5e3.wasm.gz - 200 2260 application/wasm 1.6068ms 
[23:22:07 INF] Request starting HTTP/1.1 GET http://localhost:5000/_framework/System.Xml.XPath.b1ds872h3h.wasm - null null 
[23:22:07 INF] Sending file. Request path: '/_framework/System.Xml.XPath.b1ds872h3h.wasm.gz'. Physical path: 'C:\Users\punko\Downloads\PoMiniGames\src\PoMiniGames.Client\obj\Debug\net10.0\compressed\46gewpfyzg-{0}-b1ds872h3h-b1ds872h3h.gz' 
[23:22:07 INF] HTTP GET /_framework/System.Xml.XPath.b1ds872h3h.wasm.gz responded 200 in 0.3628 ms 
[23:22:07 INF] Request finished HTTP/1.1 GET http://localhost:5000/_framework/System.Xml.XPath.b1ds872h3h.wasm.gz - 200 2332 application/wasm 0.4586ms 
[23:22:07 INF] Request finished HTTP/1.1 GET http://localhost:5000/_framework/System.Xml.XPath.XDocument.kwdgho41kx.wasm.gz - 200 2503 application/wasm 0.7427ms 
[23:22:07 INF] Request starting HTTP/1.1 GET http://localhost:5000/_framework/System.Xml.XmlDocument.7obbgjtztj.wasm - null null 
[23:22:07 INF] Request starting HTTP/1.1 GET http://localhost:5000/_framework/System.Xml.XmlSerializer.vgjr3kbu2b.wasm - null null 
[23:22:07 INF] Request starting HTTP/1.1 GET http://localhost:5000/_framework/System.Xml.4dgsvowdwq.wasm - null null 
[23:22:07 INF] Sending file. Request path: '/_framework/System.Xml.XmlDocument.7obbgjtztj.wasm.gz'. Physical path: 'C:\Users\punko\Downloads\PoMiniGames\src\PoMiniGames.Client\obj\Debug\net10.0\compressed\8dx418wz5a-{0}-7obbgjtztj-7obbgjtztj.gz' 
[23:22:07 INF] HTTP GET /_framework/System.Xml.XmlDocument.7obbgjtztj.wasm.gz responded 200 in 0.3598 ms 
[23:22:07 INF] Sending file. Request path: '/_framework/System.Xml.4dgsvowdwq.wasm.gz'. Physical path: 'C:\Users\punko\Downloads\PoMiniGames\src\PoMiniGames.Client\obj\Debug\net10.0\compressed\ayulzbnb2w-{0}-4dgsvowdwq-4dgsvowdwq.gz' 
[23:22:07 INF] Request finished HTTP/1.1 GET http://localhost:5000/_framework/System.Xml.XmlDocument.7obbgjtztj.wasm.gz - 200 2372 application/wasm 0.4691ms 
[23:22:07 INF] HTTP GET /_framework/System.Xml.4dgsvowdwq.wasm.gz responded 200 in 0.1894 ms 
[23:22:07 INF] Request finished HTTP/1.1 GET http://localhost:5000/_framework/System.Xml.4dgsvowdwq.wasm.gz - 200 4265 application/wasm 0.2439ms 
[23:22:07 INF] Request starting HTTP/1.1 GET http://localhost:5000/_framework/System.bv0vfagjd5.wasm - null null 
[23:22:07 INF] Sending file. Request path: '/_framework/System.Xml.XmlSerializer.vgjr3kbu2b.wasm.gz'. Physical path: 'C:\Users\punko\Downloads\PoMiniGames\src\PoMiniGames.Client\obj\Debug\net10.0\compressed\vaohknim1v-{0}-vgjr3kbu2b-vgjr3kbu2b.gz' 
[23:22:07 INF] HTTP GET /_framework/System.Xml.XmlSerializer.vgjr3kbu2b.wasm.gz responded 200 in 0.3741 ms 
[23:22:07 INF] Request finished HTTP/1.1 GET http://localhost:5000/_framework/System.Xml.XmlSerializer.vgjr3kbu2b.wasm.gz - 200 2884 application/wasm 0.5076ms 
[23:22:07 INF] Request starting HTTP/1.1 GET http://localhost:5000/_framework/WindowsBase.fin39dxgo4.wasm - null null 
[23:22:07 INF] Sending file. Request path: '/_framework/System.bv0vfagjd5.wasm.gz'. Physical path: 'C:\Users\punko\Downloads\PoMiniGames\src\PoMiniGames.Client\obj\Debug\net10.0\compressed\ov3mtxo2e2-{0}-bv0vfagjd5-bv0vfagjd5.gz' 
[23:22:07 INF] HTTP GET /_framework/System.bv0vfagjd5.wasm.gz responded 200 in 0.2479 ms 
[23:22:07 INF] Request finished HTTP/1.1 GET http://localhost:5000/_framework/System.bv0vfagjd5.wasm.gz - 200 11875 application/wasm 0.3325ms 
[23:22:07 INF] Sending file. Request path: '/_framework/WindowsBase.fin39dxgo4.wasm.gz'. Physical path: 'C:\Users\punko\Downloads\PoMiniGames\src\PoMiniGames.Client\obj\Debug\net10.0\compressed\j0grgor8fj-{0}-fin39dxgo4-fin39dxgo4.gz' 
[23:22:07 INF] HTTP GET /_framework/WindowsBase.fin39dxgo4.wasm.gz responded 200 in 0.5802 ms 
[23:22:07 INF] Request finished HTTP/1.1 GET http://localhost:5000/_framework/WindowsBase.fin39dxgo4.wasm.gz - 200 2533 application/wasm 0.6461ms 
[23:22:07 INF] Request starting HTTP/1.1 GET http://localhost:5000/_framework/mscorlib.83s5ln6r4i.wasm - null null 
[23:22:07 INF] Request starting HTTP/1.1 GET http://localhost:5000/_framework/netstandard.qv9s71s9sf.wasm - null null 
[23:22:07 INF] Request starting HTTP/1.1 GET http://localhost:5000/_framework/PoMiniGames.Application.yhyllnrffn.wasm - null null 
[23:22:07 INF] Sending file. Request path: '/_framework/netstandard.qv9s71s9sf.wasm.gz'. Physical path: 'C:\Users\punko\Downloads\PoMiniGames\src\PoMiniGames.Client\obj\Debug\net10.0\compressed\8af2d2imh4-{0}-qv9s71s9sf-qv9s71s9sf.gz' 
[23:22:07 INF] HTTP GET /_framework/netstandard.qv9s71s9sf.wasm.gz responded 200 in 0.3711 ms 
[23:22:07 INF] Request finished HTTP/1.1 GET http://localhost:5000/_framework/netstandard.qv9s71s9sf.wasm.gz - 200 26253 application/wasm 0.4517ms 
[23:22:07 INF] Request starting HTTP/1.1 GET http://localhost:5000/_framework/PoMiniGames.Domain.3zn9v1rd3x.wasm - null null 
[23:22:07 INF] Sending file. Request path: '/_framework/mscorlib.83s5ln6r4i.wasm.gz'. Physical path: 'C:\Users\punko\Downloads\PoMiniGames\src\PoMiniGames.Client\obj\Debug\net10.0\compressed\bcmqlvkcqy-{0}-83s5ln6r4i-83s5ln6r4i.gz' 
[23:22:07 INF] Request starting HTTP/1.1 GET http://localhost:5000/_framework/PoShared.qd8a4dt64f.wasm - null null 
[23:22:07 INF] HTTP GET /_framework/mscorlib.83s5ln6r4i.wasm.gz responded 200 in 0.6304 ms 
[23:22:07 INF] Request finished HTTP/1.1 GET http://localhost:5000/_framework/mscorlib.83s5ln6r4i.wasm.gz - 200 14914 application/wasm 0.7443ms 
[23:22:07 INF] Sending file. Request path: '/_framework/PoMiniGames.Domain.3zn9v1rd3x.wasm.gz'. Physical path: 'C:\Users\punko\Downloads\PoMiniGames\src\PoMiniGames.Client\obj\Debug\net10.0\compressed\pk7sjepjud-{0}-3zn9v1rd3x-3zn9v1rd3x.gz' 
[23:22:07 INF] HTTP GET /_framework/PoMiniGames.Domain.3zn9v1rd3x.wasm.gz responded 200 in 0.2597 ms 
[23:22:07 INF] Request finished HTTP/1.1 GET http://localhost:5000/_framework/PoMiniGames.Domain.3zn9v1rd3x.wasm.gz - 200 24195 application/wasm 0.2975ms 
[23:22:07 INF] Sending file. Request path: '/_framework/PoShared.qd8a4dt64f.wasm.gz'. Physical path: 'C:\Users\punko\Downloads\PoMiniGames\src\PoMiniGames.Client\obj\Debug\net10.0\compressed\rm83p0ys4r-{0}-qd8a4dt64f-qd8a4dt64f.gz' 
[23:22:07 INF] HTTP GET /_framework/PoShared.qd8a4dt64f.wasm.gz responded 200 in 0.2432 ms 
[23:22:07 INF] Request finished HTTP/1.1 GET http://localhost:5000/_framework/PoShared.qd8a4dt64f.wasm.gz - 200 28924 application/wasm 0.3295ms 
[23:22:07 INF] Sending file. Request path: '/_framework/PoMiniGames.Application.yhyllnrffn.wasm.gz'. Physical path: 'C:\Users\punko\Downloads\PoMiniGames\src\PoMiniGames.Client\obj\Debug\net10.0\compressed\c8ot8206vs-{0}-yhyllnrffn-yhyllnrffn.gz' 
[23:22:07 INF] HTTP GET /_framework/PoMiniGames.Application.yhyllnrffn.wasm.gz responded 200 in 0.9534 ms 
[23:22:07 INF] Request finished HTTP/1.1 GET http://localhost:5000/_framework/PoMiniGames.Application.yhyllnrffn.wasm.gz - 200 25059 application/wasm 1.0862ms 
[23:22:07 INF] Request starting HTTP/1.1 GET http://localhost:5000/_framework/Microsoft.DotNet.HotReload.WebAssembly.Browser.r0uvx0ebhi.wasm - null null 
[23:22:07 INF] Request starting HTTP/1.1 GET http://localhost:5000/_framework/PoMiniGamesClient.vin489qmil.wasm - null null 
[23:22:07 INF] Sending file. Request path: '/_framework/Microsoft.DotNet.HotReload.WebAssembly.Browser.r0uvx0ebhi.wasm.gz'. Physical path: 'C:\Users\punko\Downloads\PoMiniGames\src\PoMiniGames.Client\obj\Debug\net10.0\compressed\23z115zuab-{0}-r0uvx0ebhi-r0uvx0ebhi.gz' 
[23:22:07 INF] HTTP GET /_framework/Microsoft.DotNet.HotReload.WebAssembly.Browser.r0uvx0ebhi.wasm.gz responded 200 in 0.4178 ms 
[23:22:07 INF] Request finished HTTP/1.1 GET http://localhost:5000/_framework/Microsoft.DotNet.HotReload.WebAssembly.Browser.r0uvx0ebhi.wasm.gz - 200 25007 application/wasm 0.5642ms 
[23:22:07 INF] Request starting HTTP/1.1 GET http://localhost:5000/_framework/icudt_EFIGS.tptq2av103.dat - null null 
[23:22:07 INF] Request starting HTTP/1.1 GET http://localhost:5000/appsettings.Development.json - null null 
[23:22:07 INF] HTTP GET /appsettings.Development.json responded 200 in 0.3108 ms 
[23:22:07 INF] Request finished HTTP/1.1 GET http://localhost:5000/appsettings.Development.json - 200 null application/json 0.4661ms 
[23:22:07 INF] Sending file. Request path: '/_framework/icudt_EFIGS.tptq2av103.dat.gz'. Physical path: 'C:\Users\punko\Downloads\PoMiniGames\src\PoMiniGames.Client\obj\Debug\net10.0\compressed\nraizm5dvs-{0}-tptq2av103-tptq2av103.gz' 
[23:22:07 INF] HTTP GET /_framework/icudt_EFIGS.tptq2av103.dat.gz responded 200 in 1.0050 ms 
[23:22:07 INF] Request finished HTTP/1.1 GET http://localhost:5000/_framework/icudt_EFIGS.tptq2av103.dat.gz - 200 220093 application/octet-stream 1.2171ms 
[23:22:07 INF] Sending file. Request path: '/_framework/PoMiniGamesClient.vin489qmil.wasm.gz'. Physical path: 'C:\Users\punko\Downloads\PoMiniGames\src\PoMiniGames.Client\obj\Debug\net10.0\compressed\qxh48sp9j6-{0}-vin489qmil-vin489qmil.gz' 
[23:22:07 INF] HTTP GET /_framework/PoMiniGamesClient.vin489qmil.wasm.gz responded 200 in 1.6784 ms 
[23:22:07 INF] Request finished HTTP/1.1 GET http://localhost:5000/_framework/PoMiniGamesClient.vin489qmil.wasm.gz - 200 475302 application/wasm 1.771ms 
[23:22:07 INF] Request starting HTTP/1.1 GET http://localhost:5000/appsettings.json - null null 
[23:22:07 INF] HTTP GET /appsettings.json responded 200 in 0.1839 ms 
[23:22:07 INF] Request finished HTTP/1.1 GET http://localhost:5000/appsettings.json - 200 null application/json 0.27ms 
[23:22:09 INF] Request starting HTTP/1.1 GET http://localhost:5000/api/auth/handshake - null null 
[23:22:09 INF] Executing endpoint 'HTTP: GET /api/auth/handshake' 
[23:22:09 INF] Setting HTTP status code 200. 
[23:22:09 INF] Writing value of type 'AuthHandshakeResponse' as Json. 
[23:22:09 INF] Executed endpoint 'HTTP: GET /api/auth/handshake' 
[23:22:09 INF] HTTP GET /api/auth/handshake responded 200 in 2.8084 ms 
[23:22:09 INF] Request finished HTTP/1.1 GET http://localhost:5000/api/auth/handshake - 200 null application/json; charset=utf-8 3.3751ms 
[23:22:10 INF] Request starting HTTP/1.1 POST http://localhost:5000/funquiz/gamehub/negotiate?negotiateVersion=1 - null 0 
[23:22:10 INF] Executing endpoint '/funquiz/gamehub/negotiate' 
[23:22:10 INF] Executed endpoint '/funquiz/gamehub/negotiate' 
[23:22:10 INF] HTTP POST /funquiz/gamehub/negotiate responded 200 in 4.8251 ms 
[23:22:10 INF] Request finished HTTP/1.1 POST http://localhost:5000/funquiz/gamehub/negotiate?negotiateVersion=1 - 200 null application/json 5.3908ms 
[23:22:10 INF] Request starting HTTP/1.1 GET http://localhost:5000/funquiz/gamehub?id=82fNUkFWfmU6vQ5b3TuOxg - null null 
[23:22:10 INF] Executing endpoint '/funquiz/gamehub' 
[23:22:11 WRN] AIFoundry not configured (Endpoint or DefaultDeployment missing); AI-consuming services will fall back to mock implementations in non-Production only. 
[23:22:11 WRN] PoFunQuiz: Azure OpenAI not configured; serving mock questions in Development. 
[23:22:11 INF] PoFunQuiz game 4DB84E created by Alice 
[23:22:40 INF] Executed endpoint '/funquiz/gamehub' 
[23:22:40 INF] HTTP GET /funquiz/gamehub responded 101 in 30222.4735 ms 
[23:22:40 INF] Request finished HTTP/1.1 GET http://localhost:5000/funquiz/gamehub?id=82fNUkFWfmU6vQ5b3TuOxg - 101 null null 30222.9036ms 
[23:22:40 INF] Request starting HTTP/1.1 POST http://localhost:5000/funquiz/gamehub/negotiate?negotiateVersion=1 - null 0 
[23:22:40 INF] Executing endpoint '/funquiz/gamehub/negotiate' 
[23:22:40 INF] Executed endpoint '/funquiz/gamehub/negotiate' 
[23:22:40 INF] HTTP POST /funquiz/gamehub/negotiate responded 200 in 3.9945 ms 
[23:22:40 INF] Request finished HTTP/1.1 POST http://localhost:5000/funquiz/gamehub/negotiate?negotiateVersion=1 - 200 null application/json 4.3753ms 
[23:22:40 INF] Request starting HTTP/1.1 GET http://localhost:5000/funquiz/gamehub?id=D7AOeHcZjnZ-dpgHMlkaCg - null null 
[23:22:40 INF] Executing endpoint '/funquiz/gamehub' 
[23:22:41 INF] PoFunQuiz 4DB84E: Bob joined 
[23:22:42 INF] Executed endpoint '/funquiz/gamehub' 
[23:22:42 INF] HTTP GET /funquiz/gamehub responded 101 in 36129.1736 ms 
[23:22:42 INF] Request finished HTTP/1.1 GET http://localhost:5000/funquiz/gamehub?id=_FqCCRmuoUtmN6021joOew - 101 null null 36129.5203ms 
[23:22:42 INF] Executed endpoint '/funquiz/gamehub' 
[23:22:42 INF] HTTP GET /funquiz/gamehub responded 101 in 1501.4774 ms 
[23:22:42 INF] Request finished HTTP/1.1 GET http://localhost:5000/funquiz/gamehub?id=D7AOeHcZjnZ-dpgHMlkaCg - 101 null null 1501.9534ms 
[23:27:42 INF] Request starting HTTP/1.1 GET http://localhost:5000/ - null null 
[23:27:42 INF] Executing endpoint 'Fallback {*path:nonfile}' 
[23:27:42 INF] Sending file. Request path: '/index.html'. Physical path: 'C:\Users\punko\Downloads\PoMiniGames\src\PoMiniGames.Client\wwwroot\index.html' 
[23:27:42 INF] Executed endpoint 'Fallback {*path:nonfile}' 
[23:27:42 INF] HTTP GET /index.html responded 200 in 2.1898 ms 
[23:27:42 INF] Request finished HTTP/1.1 GET http://localhost:5000/index.html - 200 null text/html 2.7948ms 
[23:27:42 INF] Request starting HTTP/1.1 GET http://localhost:5000/_framework/blazor.webassembly.js - null null 
[23:27:42 INF] Request starting HTTP/1.1 GET http://localhost:5000/css/app.css - null null 
[23:27:42 INF] Request starting HTTP/1.1 GET http://localhost:5000/css/games.css - null null 
[23:27:42 INF] Request starting HTTP/1.1 GET http://localhost:5000/css/poclick.css - null null 
[23:27:42 INF] Request starting HTTP/1.1 GET http://localhost:5000/css/fight.css - null null 
[23:27:42 INF] Request starting HTTP/1.1 GET http://localhost:5000/css/pojoker-theme.css - null null 
[23:27:42 INF] Sending file. Request path: '/css/app.css'. Physical path: 'C:\Users\punko\Downloads\PoMiniGames\src\PoMiniGames.Client\wwwroot\css\app.css' 
[23:27:42 INF] HTTP GET /css/app.css responded 200 in 0.7150 ms 
[23:27:42 INF] Sending file. Request path: '/_framework/blazor.webassembly.js.gz'. Physical path: 'C:\Users\punko\Downloads\PoMiniGames\src\PoMiniGames.Client\obj\Debug\net10.0\compressed\xj6g04in47-{0}-zxhwjtv6sc-zxhwjtv6sc.gz' 
[23:27:42 INF] Request finished HTTP/1.1 GET http://localhost:5000/css/app.css - 200 null text/css 0.9871ms 
[23:27:42 INF] HTTP GET /_framework/blazor.webassembly.js.gz responded 200 in 1.4818 ms 
[23:27:42 INF] Sending file. Request path: '/css/fight.css'. Physical path: 'C:\Users\punko\Downloads\PoMiniGames\src\PoMiniGames.Client\wwwroot\css\fight.css' 
[23:27:42 INF] HTTP GET /css/fight.css responded 200 in 0.5747 ms 
[23:27:42 INF] Request finished HTTP/1.1 GET http://localhost:5000/css/fight.css - 200 null text/css 0.6227ms 
[23:27:42 INF] Sending file. Request path: '/css/games.css'. Physical path: 'C:\Users\punko\Downloads\PoMiniGames\src\PoMiniGames.Client\wwwroot\css\games.css' 
[23:27:42 INF] Sending file. Request path: '/css/poclick.css'. Physical path: 'C:\Users\punko\Downloads\PoMiniGames\src\PoMiniGames.Client\wwwroot\css\poclick.css' 
[23:27:42 INF] HTTP GET /css/games.css responded 200 in 0.9027 ms 
[23:27:42 INF] HTTP GET /css/poclick.css responded 200 in 0.8784 ms 
[23:27:42 INF] Request finished HTTP/1.1 GET http://localhost:5000/css/games.css - 200 null text/css 0.9695ms 
[23:27:42 INF] Request finished HTTP/1.1 GET http://localhost:5000/css/poclick.css - 200 null text/css 0.9477ms 
[23:27:42 INF] Sending file. Request path: '/css/pojoker-theme.css'. Physical path: 'C:\Users\punko\Downloads\PoMiniGames\src\PoMiniGames.Client\wwwroot\css\pojoker-theme.css' 
[23:27:42 INF] HTTP GET /css/pojoker-theme.css responded 200 in 0.8179 ms 
[23:27:42 INF] Request finished HTTP/1.1 GET http://localhost:5000/css/pojoker-theme.css - 200 null text/css 1.046ms 
[23:27:42 INF] Request finished HTTP/1.1 GET http://localhost:5000/_framework/blazor.webassembly.js.gz - 200 18928 text/javascript 1.8159ms 
[23:27:42 INF] Request starting HTTP/1.1 GET http://localhost:5000/PoMiniGamesClient.styles.css - null null 
[23:27:42 INF] Request starting HTTP/1.1 GET http://localhost:5000/js/poFunQuizSplitHotkeys.js - null null 
[23:27:42 INF] Sending file. Request path: '/js/poFunQuizSplitHotkeys.js'. Physical path: 'C:\Users\punko\Downloads\PoMiniGames\src\PoMiniGames.Client\wwwroot\js\poFunQuizSplitHotkeys.js' 
[23:27:42 INF] HTTP GET /js/poFunQuizSplitHotkeys.js responded 200 in 0.3315 ms 
[23:27:42 INF] Request finished HTTP/1.1 GET http://localhost:5000/js/poFunQuizSplitHotkeys.js - 200 null text/javascript 0.438ms 
[23:27:42 INF] Request starting HTTP/1.1 GET http://localhost:5000/js/pojoker-speech-interop.js - null null 
[23:27:42 INF] Request starting HTTP/1.1 GET http://localhost:5000/js/poauth.js - null null 
[23:27:42 INF] Request starting HTTP/1.1 GET http://localhost:5000/js/pojoker-audio-interop.js - null null 
[23:27:42 INF] Sending file. Request path: '/js/poauth.js'. Physical path: 'C:\Users\punko\Downloads\PoMiniGames\src\PoMiniGames.Client\wwwroot\js\poauth.js' 
[23:27:42 INF] HTTP GET /js/poauth.js responded 200 in 0.2303 ms 
[23:27:42 INF] Request finished HTTP/1.1 GET http://localhost:5000/js/poauth.js - 200 null text/javascript 0.3326ms 
[23:27:42 INF] Sending file. Request path: '/js/pojoker-audio-interop.js'. Physical path: 'C:\Users\punko\Downloads\PoMiniGames\src\PoMiniGames.Client\wwwroot\js\pojoker-audio-interop.js' 
[23:27:42 INF] Sending file. Request path: '/js/pojoker-speech-interop.js'. Physical path: 'C:\Users\punko\Downloads\PoMiniGames\src\PoMiniGames.Client\wwwroot\js\pojoker-speech-interop.js' 
[23:27:42 INF] HTTP GET /js/pojoker-audio-interop.js responded 200 in 0.1463 ms 
[23:27:42 INF] HTTP GET /js/pojoker-speech-interop.js responded 200 in 0.5452 ms 
[23:27:42 INF] Request finished HTTP/1.1 GET http://localhost:5000/js/pojoker-audio-interop.js - 200 null text/javascript 0.2191ms 
[23:27:42 INF] Request finished HTTP/1.1 GET http://localhost:5000/js/pojoker-speech-interop.js - 200 null text/javascript 0.6931ms 
[23:27:42 INF] Request starting HTTP/1.1 GET http://localhost:5000/js/marblerace/index.js - null null 
[23:27:42 INF] Sending file. Request path: '/PoMiniGamesClient.styles.css'. Physical path: 'C:\Users\punko\Downloads\PoMiniGames\src\PoMiniGames.Client\obj\Debug\net10.0\scopedcss\bundle\PoMiniGamesClient.styles.css' 
[23:27:42 INF] HTTP GET /PoMiniGamesClient.styles.css responded 200 in 2.7885 ms 
[23:27:42 INF] Request finished HTTP/1.1 GET http://localhost:5000/PoMiniGamesClient.styles.css - 200 null text/css 3.0283ms 
[23:27:42 INF] Request starting HTTP/1.1 GET http://localhost:5000/js/pobrawl/index.js - null null 
[23:27:42 INF] Sending file. Request path: '/js/pobrawl/index.js'. Physical path: 'C:\Users\punko\Downloads\PoMiniGames\src\PoMiniGames.Client\wwwroot\js\pobrawl\index.js' 
[23:27:42 INF] HTTP GET /js/pobrawl/index.js responded 200 in 0.3788 ms 
[23:27:42 INF] Request finished HTTP/1.1 GET http://localhost:5000/js/pobrawl/index.js - 200 null text/javascript 0.6029ms 
[23:27:42 INF] Request starting HTTP/1.1 GET http://localhost:5000/js/audio.js - null null 
[23:27:42 INF] Sending file. Request path: '/js/audio.js'. Physical path: 'C:\Users\punko\Downloads\PoMiniGames\src\PoMiniGames.Client\wwwroot\js\audio.js' 
[23:27:42 INF] HTTP GET /js/audio.js responded 200 in 0.1777 ms 
[23:27:42 INF] Request finished HTTP/1.1 GET http://localhost:5000/js/audio.js - 200 null text/javascript 0.2542ms 
[23:27:42 INF] Request starting HTTP/1.1 GET http://localhost:5000/js/racingInterop.js - null null 
[23:27:42 INF] Sending file. Request path: '/js/marblerace/index.js'. Physical path: 'C:\Users\punko\Downloads\PoMiniGames\src\PoMiniGames.Client\wwwroot\js\marblerace\index.js' 
[23:27:42 INF] Request starting HTTP/1.1 GET http://localhost:5000/js/posurvive/uiHelpers.js - null null 
[23:27:42 INF] Sending file. Request path: '/js/racingInterop.js'. Physical path: 'C:\Users\punko\Downloads\PoMiniGames\src\PoMiniGames.Client\wwwroot\js\racingInterop.js' 
[23:27:42 INF] HTTP GET /js/racingInterop.js responded 200 in 0.2225 ms 
[23:27:42 INF] Request finished HTTP/1.1 GET http://localhost:5000/js/racingInterop.js - 200 null text/javascript 0.3227ms 
[23:27:42 INF] Sending file. Request path: '/js/posurvive/uiHelpers.js'. Physical path: 'C:\Users\punko\Downloads\PoMiniGames\src\PoMiniGames.Client\wwwroot\js\posurvive\uiHelpers.js' 
[23:27:42 INF] HTTP GET /js/posurvive/uiHelpers.js responded 200 in 0.1835 ms 
[23:27:42 INF] Request finished HTTP/1.1 GET http://localhost:5000/js/posurvive/uiHelpers.js - 200 null text/javascript 0.2416ms 
[23:27:42 INF] HTTP GET /js/marblerace/index.js responded 200 in 2.6742 ms 
[23:27:42 INF] Request starting HTTP/1.1 GET http://localhost:5000/js/posurvive/theme.js - null null 
[23:27:42 INF] Request finished HTTP/1.1 GET http://localhost:5000/js/marblerace/index.js - 200 null text/javascript 3.1914ms 
[23:27:42 INF] Sending file. Request path: '/js/posurvive/theme.js'. Physical path: 'C:\Users\punko\Downloads\PoMiniGames\src\PoMiniGames.Client\wwwroot\js\posurvive\theme.js' 
[23:27:42 INF] HTTP GET /js/posurvive/theme.js responded 200 in 1.2795 ms 
[23:27:42 INF] Request finished HTTP/1.1 GET http://localhost:5000/js/posurvive/theme.js - 200 null text/javascript 1.9363ms 
[23:27:42 INF] Request starting HTTP/1.1 GET http://localhost:5000/js/posurvive/gpuProbe.js - null null 
[23:27:42 INF] Request starting HTTP/1.1 GET http://localhost:5000/js/posurvive/indexedDbStore.js - null null 
[23:27:42 INF] Request starting HTTP/1.1 GET http://localhost:5000/js/posurvive/inferenceWorkerBridge.js - null null 
[23:27:42 INF] Sending file. Request path: '/js/posurvive/indexedDbStore.js'. Physical path: 'C:\Users\punko\Downloads\PoMiniGames\src\PoMiniGames.Client\wwwroot\js\posurvive\indexedDbStore.js' 
[23:27:42 INF] Request starting HTTP/1.1 GET http://localhost:5000/js/gl-fps.js - null null 
[23:27:42 INF] HTTP GET /js/posurvive/indexedDbStore.js responded 200 in 0.4175 ms 
[23:27:42 INF] Request finished HTTP/1.1 GET http://localhost:5000/js/posurvive/indexedDbStore.js - 200 null text/javascript 0.5309ms 
[23:27:42 INF] Sending file. Request path: '/js/posurvive/gpuProbe.js'. Physical path: 'C:\Users\punko\Downloads\PoMiniGames\src\PoMiniGames.Client\wwwroot\js\posurvive\gpuProbe.js' 
[23:27:42 INF] Sending file. Request path: '/js/posurvive/inferenceWorkerBridge.js'. Physical path: 'C:\Users\punko\Downloads\PoMiniGames\src\PoMiniGames.Client\wwwroot\js\posurvive\inferenceWorkerBridge.js' 
[23:27:42 INF] HTTP GET /js/posurvive/gpuProbe.js responded 200 in 0.5774 ms 
[23:27:42 INF] Request finished HTTP/1.1 GET http://localhost:5000/js/posurvive/gpuProbe.js - 200 null text/javascript 0.6578ms 
[23:27:42 INF] HTTP GET /js/posurvive/inferenceWorkerBridge.js responded 200 in 0.3974 ms 
[23:27:42 INF] Sending file. Request path: '/js/gl-fps.js'. Physical path: 'C:\Users\punko\Downloads\PoMiniGames\src\PoMiniGames.Client\wwwroot\js\gl-fps.js' 
[23:27:42 INF] HTTP GET /js/gl-fps.js responded 200 in 0.2773 ms 
[23:27:42 INF] Request finished HTTP/1.1 GET http://localhost:5000/js/posurvive/inferenceWorkerBridge.js - 200 null text/javascript 0.6075ms 
[23:27:42 INF] Request finished HTTP/1.1 GET http://localhost:5000/js/gl-fps.js - 200 null text/javascript 0.3258ms 
[23:27:42 INF] Request starting HTTP/1.1 GET http://localhost:5000/js/uiFeedback.js - null null 
[23:27:42 INF] Request starting HTTP/1.1 GET http://localhost:5000/scripts/app.js - null null 
[23:27:42 INF] Sending file. Request path: '/js/uiFeedback.js'. Physical path: 'C:\Users\punko\Downloads\PoMiniGames\src\PoMiniGames.Client\wwwroot\js\uiFeedback.js' 
[23:27:42 INF] HTTP GET /js/uiFeedback.js responded 200 in 0.3473 ms 
[23:27:42 INF] Sending file. Request path: '/scripts/app.js'. Physical path: 'C:\Users\punko\Downloads\PoMiniGames\src\PoMiniGames.Client\wwwroot\scripts\app.js' 
[23:27:42 INF] Request finished HTTP/1.1 GET http://localhost:5000/js/uiFeedback.js - 200 null text/javascript 0.5134ms 
[23:27:42 INF] HTTP GET /scripts/app.js responded 200 in 0.4103 ms 
[23:27:42 INF] Request finished HTTP/1.1 GET http://localhost:5000/scripts/app.js - 200 null text/javascript 0.5725ms 
[23:27:42 INF] Request starting HTTP/1.1 GET http://localhost:5000/js/webcam.js - null null 
[23:27:42 INF] Request starting HTTP/1.1 GET http://localhost:5000/js/posurvive/audioEngine.js - null null 
[23:27:42 INF] Request starting HTTP/1.1 GET http://localhost:5000/js/appErrorBoundary.js - null null 
[23:27:42 INF] Sending file. Request path: '/js/webcam.js'. Physical path: 'C:\Users\punko\Downloads\PoMiniGames\src\PoMiniGames.Client\wwwroot\js\webcam.js' 
[23:27:42 INF] HTTP GET /js/webcam.js responded 200 in 0.2431 ms 
[23:27:42 INF] Request finished HTTP/1.1 GET http://localhost:5000/js/webcam.js - 200 null text/javascript 0.4153ms 
[23:27:42 INF] Sending file. Request path: '/js/appErrorBoundary.js'. Physical path: 'C:\Users\punko\Downloads\PoMiniGames\src\PoMiniGames.Client\wwwroot\js\appErrorBoundary.js' 
[23:27:42 INF] HTTP GET /js/appErrorBoundary.js responded 200 in 0.5615 ms 
[23:27:42 INF] Request finished HTTP/1.1 GET http://localhost:5000/js/appErrorBoundary.js - 200 null text/javascript 0.7106ms 
[23:27:42 INF] Sending file. Request path: '/js/posurvive/audioEngine.js'. Physical path: 'C:\Users\punko\Downloads\PoMiniGames\src\PoMiniGames.Client\wwwroot\js\posurvive\audioEngine.js' 
[23:27:42 INF] HTTP GET /js/posurvive/audioEngine.js responded 200 in 0.8714 ms 
[23:27:42 INF] Request finished HTTP/1.1 GET http://localhost:5000/js/posurvive/audioEngine.js - 200 null text/javascript 1.0304ms 
[23:27:42 INF] Request starting HTTP/1.1 GET http://localhost:5000/_framework/blazor.webassembly.js - null null 
[23:27:42 INF] Sending file. Request path: '/_framework/blazor.webassembly.js.gz'. Physical path: 'C:\Users\punko\Downloads\PoMiniGames\src\PoMiniGames.Client\obj\Debug\net10.0\compressed\xj6g04in47-{0}-zxhwjtv6sc-zxhwjtv6sc.gz' 
[23:27:42 INF] HTTP GET /_framework/blazor.webassembly.js.gz responded 200 in 0.5022 ms 
[23:27:42 INF] Request starting HTTP/1.1 GET http://localhost:5000/css/app.css - null null 
[23:27:42 INF] Request finished HTTP/1.1 GET http://localhost:5000/_framework/blazor.webassembly.js.gz - 200 18928 text/javascript 0.6157ms 
[23:27:42 INF] Request starting HTTP/1.1 GET http://localhost:5000/css/games.css - null null 
[23:27:42 INF] Sending file. Request path: '/css/app.css'. Physical path: 'C:\Users\punko\Downloads\PoMiniGames\src\PoMiniGames.Client\wwwroot\css\app.css' 
[23:27:42 INF] HTTP GET /css/app.css responded 200 in 0.2467 ms 
[23:27:42 INF] Request finished HTTP/1.1 GET http://localhost:5000/css/app.css - 200 null text/css 0.3164ms 
[23:27:42 INF] Sending file. Request path: '/css/games.css'. Physical path: 'C:\Users\punko\Downloads\PoMiniGames\src\PoMiniGames.Client\wwwroot\css\games.css' 
[23:27:42 INF] HTTP GET /css/games.css responded 200 in 0.4044 ms 
[23:27:42 INF] Request starting HTTP/1.1 GET http://localhost:5000/css/poclick.css - null null 
[23:27:42 INF] Request finished HTTP/1.1 GET http://localhost:5000/css/games.css - 200 null text/css 0.4925ms 
[23:27:42 INF] Request starting HTTP/1.1 GET http://localhost:5000/css/fight.css - null null 
[23:27:42 INF] Sending file. Request path: '/css/poclick.css'. Physical path: 'C:\Users\punko\Downloads\PoMiniGames\src\PoMiniGames.Client\wwwroot\css\poclick.css' 
[23:27:42 INF] HTTP GET /css/poclick.css responded 200 in 0.3001 ms 
[23:27:42 INF] Request finished HTTP/1.1 GET http://localhost:5000/css/poclick.css - 200 null text/css 0.379ms 
[23:27:42 INF] Request starting HTTP/1.1 GET http://localhost:5000/css/pojoker-theme.css - null null 
[23:27:42 INF] Sending file. Request path: '/css/fight.css'. Physical path: 'C:\Users\punko\Downloads\PoMiniGames\src\PoMiniGames.Client\wwwroot\css\fight.css' 
[23:27:42 INF] HTTP GET /css/fight.css responded 200 in 0.1725 ms 
[23:27:42 INF] Request finished HTTP/1.1 GET http://localhost:5000/css/fight.css - 200 null text/css 0.2209ms 
[23:27:42 INF] Request starting HTTP/1.1 GET http://localhost:5000/PoMiniGamesClient.styles.css - null null 
[23:27:42 INF] Sending file. Request path: '/css/pojoker-theme.css'. Physical path: 'C:\Users\punko\Downloads\PoMiniGames\src\PoMiniGames.Client\wwwroot\css\pojoker-theme.css' 
[23:27:42 INF] HTTP GET /css/pojoker-theme.css responded 200 in 0.1810 ms 
[23:27:42 INF] Request finished HTTP/1.1 GET http://localhost:5000/css/pojoker-theme.css - 200 null text/css 0.2894ms 
[23:27:42 INF] Sending file. Request path: '/PoMiniGamesClient.styles.css'. Physical path: 'C:\Users\punko\Downloads\PoMiniGames\src\PoMiniGames.Client\obj\Debug\net10.0\scopedcss\bundle\PoMiniGamesClient.styles.css' 
[23:27:42 INF] HTTP GET /PoMiniGamesClient.styles.css responded 200 in 0.3674 ms 
[23:27:42 INF] Request finished HTTP/1.1 GET http://localhost:5000/PoMiniGamesClient.styles.css - 200 null text/css 0.4386ms 
[23:27:42 INF] Request starting HTTP/1.1 GET http://localhost:5000/_framework/dotnet.js - null null 
[23:27:42 INF] Sending file. Request path: '/_framework/dotnet.js.gz'. Physical path: 'C:\Users\punko\Downloads\PoMiniGames\src\PoMiniGames.Client\obj\Debug\net10.0\compressed\sjev88wts5-{0}-mzl1kt96fv-mzl1kt96fv.gz' 
[23:27:42 INF] HTTP GET /_framework/dotnet.js.gz responded 200 in 0.8210 ms 
[23:27:42 INF] Request finished HTTP/1.1 GET http://localhost:5000/_framework/dotnet.js.gz - 200 26146 text/javascript 1.5993ms 
[23:27:42 INF] Request starting HTTP/1.1 GET http://localhost:5000/js/marblerace/game.js - null null 
[23:27:42 INF] Request starting HTTP/1.1 GET http://localhost:5000/js/pobrawl/game.js - null null 
[23:27:42 INF] Sending file. Request path: '/js/marblerace/game.js'. Physical path: 'C:\Users\punko\Downloads\PoMiniGames\src\PoMiniGames.Client\wwwroot\js\marblerace\game.js' 
[23:27:42 INF] HTTP GET /js/marblerace/game.js responded 200 in 0.3686 ms 
[23:27:42 INF] Request finished HTTP/1.1 GET http://localhost:5000/js/marblerace/game.js - 200 null text/javascript 0.5321ms 
[23:27:42 INF] Sending file. Request path: '/js/pobrawl/game.js'. Physical path: 'C:\Users\punko\Downloads\PoMiniGames\src\PoMiniGames.Client\wwwroot\js\pobrawl\game.js' 
[23:27:42 INF] HTTP GET /js/pobrawl/game.js responded 200 in 0.4452 ms 
[23:27:42 INF] Request finished HTTP/1.1 GET http://localhost:5000/js/pobrawl/game.js - 200 null text/javascript 0.6189ms 
[23:27:42 INF] Request starting HTTP/1.1 GET http://localhost:5000/js/marblerace/scene.js - null null 
[23:27:42 INF] Request starting HTTP/1.1 GET http://localhost:5000/js/marblerace/physics.js - null null 
[23:27:42 INF] Request starting HTTP/1.1 GET http://localhost:5000/js/marblerace/marbles.js - null null 
[23:27:42 INF] Request starting HTTP/1.1 GET http://localhost:5000/js/marblerace/track.js - null null 
[23:27:42 INF] Request starting HTTP/1.1 GET http://localhost:5000/js/marblerace/audio.js - null null 
[23:27:42 INF] Sending file. Request path: '/js/marblerace/marbles.js'. Physical path: 'C:\Users\punko\Downloads\PoMiniGames\src\PoMiniGames.Client\wwwroot\js\marblerace\marbles.js' 
[23:27:42 INF] Sending file. Request path: '/js/marblerace/physics.js'. Physical path: 'C:\Users\punko\Downloads\PoMiniGames\src\PoMiniGames.Client\wwwroot\js\marblerace\physics.js' 
[23:27:42 INF] HTTP GET /js/marblerace/physics.js responded 200 in 0.2821 ms 
[23:27:42 INF] HTTP GET /js/marblerace/marbles.js responded 200 in 0.2804 ms 
[23:27:42 INF] Request finished HTTP/1.1 GET http://localhost:5000/js/marblerace/physics.js - 200 null text/javascript 0.3952ms 
[23:27:42 INF] Sending file. Request path: '/js/marblerace/track.js'. Physical path: 'C:\Users\punko\Downloads\PoMiniGames\src\PoMiniGames.Client\wwwroot\js\marblerace\track.js' 
[23:27:42 INF] Request finished HTTP/1.1 GET http://localhost:5000/js/marblerace/marbles.js - 200 null text/javascript 0.384ms 
[23:27:42 INF] Sending file. Request path: '/js/marblerace/audio.js'. Physical path: 'C:\Users\punko\Downloads\PoMiniGames\src\PoMiniGames.Client\wwwroot\js\marblerace\audio.js' 
[23:27:42 INF] Sending file. Request path: '/js/marblerace/scene.js'. Physical path: 'C:\Users\punko\Downloads\PoMiniGames\src\PoMiniGames.Client\wwwroot\js\marblerace\scene.js' 
[23:27:42 INF] HTTP GET /js/marblerace/audio.js responded 200 in 0.3021 ms 
[23:27:42 INF] HTTP GET /js/marblerace/track.js responded 200 in 0.2792 ms 
[23:27:42 INF] Request finished HTTP/1.1 GET http://localhost:5000/js/marblerace/audio.js - 200 null text/javascript 0.3825ms 
[23:27:42 INF] HTTP GET /js/marblerace/scene.js responded 200 in 0.4494 ms 
[23:27:42 INF] Request finished HTTP/1.1 GET http://localhost:5000/js/marblerace/track.js - 200 null text/javascript 0.5377ms 
[23:27:42 INF] Request finished HTTP/1.1 GET http://localhost:5000/js/marblerace/scene.js - 200 null text/javascript 0.5951ms 
[23:27:42 INF] Request starting HTTP/1.1 GET http://localhost:5000/_framework/Microsoft.DotNet.HotReload.WebAssembly.Browser.99zm1jdh75.lib.module.js - null null 
[23:27:42 INF] Sending file. Request path: '/_framework/Microsoft.DotNet.HotReload.WebAssembly.Browser.99zm1jdh75.lib.module.js.gz'. Physical path: 'C:\Users\punko\Downloads\PoMiniGames\src\PoMiniGames.Client\obj\Debug\net10.0\compressed\qr39cm30uc-{0}-99zm1jdh75-99zm1jdh75.gz' 
[23:27:42 INF] HTTP GET /_framework/Microsoft.DotNet.HotReload.WebAssembly.Browser.99zm1jdh75.lib.module.js.gz responded 200 in 2.0625 ms 
[23:27:42 INF] Request finished HTTP/1.1 GET http://localhost:5000/_framework/Microsoft.DotNet.HotReload.WebAssembly.Browser.99zm1jdh75.lib.module.js.gz - 200 695 text/javascript 2.3557ms 
[23:27:42 INF] Request starting HTTP/1.1 GET http://localhost:5000/js/pobrawl/arena.js - null null 
[23:27:42 INF] Request starting HTTP/1.1 GET http://localhost:5000/js/pobrawl/fighters.js - null null 
[23:27:42 INF] Request starting HTTP/1.1 GET http://localhost:5000/js/pobrawl/animation.js - null null 
[23:27:42 INF] Request starting HTTP/1.1 GET http://localhost:5000/js/pobrawl/input.js - null null 
[23:27:42 INF] Request starting HTTP/1.1 GET http://localhost:5000/js/pobrawl/ai.js - null null 
[23:27:42 INF] Sending file. Request path: '/js/pobrawl/input.js'. Physical path: 'C:\Users\punko\Downloads\PoMiniGames\src\PoMiniGames.Client\wwwroot\js\pobrawl\input.js' 
[23:27:42 INF] Sending file. Request path: '/js/pobrawl/arena.js'. Physical path: 'C:\Users\punko\Downloads\PoMiniGames\src\PoMiniGames.Client\wwwroot\js\pobrawl\arena.js' 
[23:27:42 INF] Sending file. Request path: '/js/pobrawl/ai.js'. Physical path: 'C:\Users\punko\Downloads\PoMiniGames\src\PoMiniGames.Client\wwwroot\js\pobrawl\ai.js' 
[23:27:42 INF] HTTP GET /js/pobrawl/input.js responded 200 in 0.5332 ms 
[23:27:42 INF] HTTP GET /js/pobrawl/ai.js responded 200 in 0.3689 ms 
[23:27:42 INF] Request starting HTTP/1.1 GET http://localhost:5000/js/pobrawl/rng.js - null null 
[23:27:42 INF] Sending file. Request path: '/js/pobrawl/animation.js'. Physical path: 'C:\Users\punko\Downloads\PoMiniGames\src\PoMiniGames.Client\wwwroot\js\pobrawl\animation.js' 
[23:27:42 INF] Sending file. Request path: '/js/pobrawl/fighters.js'. Physical path: 'C:\Users\punko\Downloads\PoMiniGames\src\PoMiniGames.Client\wwwroot\js\pobrawl\fighters.js' 
[23:27:42 INF] HTTP GET /js/pobrawl/animation.js responded 200 in 0.6601 ms 
[23:27:42 INF] HTTP GET /js/pobrawl/fighters.js responded 200 in 0.6822 ms 
[23:27:42 INF] Request finished HTTP/1.1 GET http://localhost:5000/js/pobrawl/ai.js - 200 null text/javascript 0.4493ms 
[23:27:42 INF] Request finished HTTP/1.1 GET http://localhost:5000/js/pobrawl/animation.js - 200 null text/javascript 0.7828ms 
[23:27:42 INF] HTTP GET /js/pobrawl/arena.js responded 200 in 0.6481 ms 
[23:27:42 INF] Request finished HTTP/1.1 GET http://localhost:5000/js/pobrawl/input.js - 200 null text/javascript 0.6536ms 
[23:27:42 INF] Request finished HTTP/1.1 GET http://localhost:5000/js/pobrawl/arena.js - 200 null text/javascript 0.9274ms 
[23:27:42 INF] Request finished HTTP/1.1 GET http://localhost:5000/js/pobrawl/fighters.js - 200 null text/javascript 0.8418ms 
[23:27:42 INF] Sending file. Request path: '/js/pobrawl/rng.js'. Physical path: 'C:\Users\punko\Downloads\PoMiniGames\src\PoMiniGames.Client\wwwroot\js\pobrawl\rng.js' 
[23:27:42 INF] HTTP GET /js/pobrawl/rng.js responded 200 in 0.2325 ms 
[23:27:42 INF] Request finished HTTP/1.1 GET http://localhost:5000/js/pobrawl/rng.js - 200 null text/javascript 0.3877ms 
[23:27:42 INF] Request starting HTTP/1.1 GET http://localhost:5000/js/pobrawl/combat.js - null null 
[23:27:42 INF] Request starting HTTP/1.1 GET http://localhost:5000/js/pobrawl/audio.js - null null 
[23:27:42 INF] Sending file. Request path: '/js/pobrawl/combat.js'. Physical path: 'C:\Users\punko\Downloads\PoMiniGames\src\PoMiniGames.Client\wwwroot\js\pobrawl\combat.js' 
[23:27:42 INF] HTTP GET /js/pobrawl/combat.js responded 200 in 0.1748 ms 
[23:27:42 INF] Request finished HTTP/1.1 GET http://localhost:5000/js/pobrawl/combat.js - 200 null text/javascript 0.234ms 
[23:27:42 INF] Sending file. Request path: '/js/pobrawl/audio.js'. Physical path: 'C:\Users\punko\Downloads\PoMiniGames\src\PoMiniGames.Client\wwwroot\js\pobrawl\audio.js' 
[23:27:42 INF] Request starting HTTP/1.1 GET http://localhost:5000/js/pobrawl/replay.js - null null 
[23:27:42 INF] Request starting HTTP/1.1 GET http://localhost:5000/js/pobrawl/ragdoll.js - null null 
[23:27:42 INF] HTTP GET /js/pobrawl/audio.js responded 200 in 0.3194 ms 
[23:27:42 INF] Request finished HTTP/1.1 GET http://localhost:5000/js/pobrawl/audio.js - 200 null text/javascript 0.3806ms 
[23:27:42 INF] Request starting HTTP/1.1 GET http://localhost:5000/js/pobrawl/ragdoll-physics.js - null null 
[23:27:42 INF] Sending file. Request path: '/js/pobrawl/replay.js'. Physical path: 'C:\Users\punko\Downloads\PoMiniGames\src\PoMiniGames.Client\wwwroot\js\pobrawl\replay.js' 
[23:27:42 INF] HTTP GET /js/pobrawl/replay.js responded 200 in 0.1386 ms 
[23:27:42 INF] Request finished HTTP/1.1 GET http://localhost:5000/js/pobrawl/replay.js - 200 null text/javascript 0.212ms 
[23:27:42 INF] Sending file. Request path: '/js/pobrawl/ragdoll-physics.js'. Physical path: 'C:\Users\punko\Downloads\PoMiniGames\src\PoMiniGames.Client\wwwroot\js\pobrawl\ragdoll-physics.js' 
[23:27:42 INF] HTTP GET /js/pobrawl/ragdoll-physics.js responded 200 in 0.1420 ms 
[23:27:42 INF] Request finished HTTP/1.1 GET http://localhost:5000/js/pobrawl/ragdoll-physics.js - 200 null text/javascript 0.18ms 
[23:27:42 INF] Sending file. Request path: '/js/pobrawl/ragdoll.js'. Physical path: 'C:\Users\punko\Downloads\PoMiniGames\src\PoMiniGames.Client\wwwroot\js\pobrawl\ragdoll.js' 
[23:27:42 INF] Request starting HTTP/1.1 GET http://localhost:5000/js/pobrawl/hitboxes.js - null null 
[23:27:42 INF] HTTP GET /js/pobrawl/ragdoll.js responded 200 in 0.2922 ms 
[23:27:42 INF] Request finished HTTP/1.1 GET http://localhost:5000/js/pobrawl/ragdoll.js - 200 null text/javascript 0.4043ms 
[23:27:42 INF] Sending file. Request path: '/js/pobrawl/hitboxes.js'. Physical path: 'C:\Users\punko\Downloads\PoMiniGames\src\PoMiniGames.Client\wwwroot\js\pobrawl\hitboxes.js' 
[23:27:42 INF] HTTP GET /js/pobrawl/hitboxes.js responded 200 in 0.1533 ms 
[23:27:42 INF] Request finished HTTP/1.1 GET http://localhost:5000/js/pobrawl/hitboxes.js - 200 null text/javascript 0.2009ms 
[23:27:42 INF] Request starting HTTP/1.1 GET http://localhost:5000/js/pobrawl/physics.js - null null 
[23:27:42 INF] Sending file. Request path: '/js/pobrawl/physics.js'. Physical path: 'C:\Users\punko\Downloads\PoMiniGames\src\PoMiniGames.Client\wwwroot\js\pobrawl\physics.js' 
[23:27:42 INF] HTTP GET /js/pobrawl/physics.js responded 200 in 0.2917 ms 
[23:27:42 INF] Request finished HTTP/1.1 GET http://localhost:5000/js/pobrawl/physics.js - 200 null text/javascript 0.3393ms 
[23:27:42 INF] Request starting HTTP/1.1 GET http://localhost:5000/_framework/dotnet.runtime.a6jcqbs390.js - null null 
[23:27:42 INF] Request starting HTTP/1.1 GET http://localhost:5000/_framework/dotnet.native.ikrs475e5v.js - null null 
[23:27:42 INF] Sending file. Request path: '/_framework/dotnet.native.ikrs475e5v.js.gz'. Physical path: 'C:\Users\punko\Downloads\PoMiniGames\src\PoMiniGames.Client\obj\Debug\net10.0\compressed\hs8r3f7lgy-{0}-ikrs475e5v-ikrs475e5v.gz' 
[23:27:42 INF] Sending file. Request path: '/_framework/dotnet.runtime.a6jcqbs390.js.gz'. Physical path: 'C:\Users\punko\Downloads\PoMiniGames\src\PoMiniGames.Client\obj\Debug\net10.0\compressed\y1zzgzf9zf-{0}-a6jcqbs390-a6jcqbs390.gz' 
[23:27:42 INF] HTTP GET /_framework/dotnet.native.ikrs475e5v.js.gz responded 200 in 0.5088 ms 
[23:27:42 INF] HTTP GET /_framework/dotnet.runtime.a6jcqbs390.js.gz responded 200 in 0.7309 ms 
[23:27:42 INF] Request finished HTTP/1.1 GET http://localhost:5000/_framework/dotnet.native.ikrs475e5v.js.gz - 200 34954 text/javascript 0.6423ms 
[23:27:42 INF] Request finished HTTP/1.1 GET http://localhost:5000/_framework/dotnet.runtime.a6jcqbs390.js.gz - 200 57291 text/javascript 0.8705ms 
[23:27:42 INF] Request starting HTTP/1.1 GET http://localhost:5000/_framework/PoShared.qo7g3b4qyf.pdb - null null 
[23:27:42 INF] Request starting HTTP/1.1 GET http://localhost:5000/_framework/PoMiniGames.Application.48pky1lf0r.pdb - null null 
[23:27:42 INF] Request starting HTTP/1.1 GET http://localhost:5000/_framework/PoMiniGames.Domain.k3c20v7d69.pdb - null null 
[23:27:42 INF] Request starting HTTP/1.1 GET http://localhost:5000/_framework/PoMiniGamesClient.mbcedkzfsf.pdb - null null 
[23:27:42 INF] Sending file. Request path: '/_framework/PoShared.qo7g3b4qyf.pdb.gz'. Physical path: 'C:\Users\punko\Downloads\PoMiniGames\src\PoMiniGames.Client\obj\Debug\net10.0\compressed\wzov7322ov-{0}-qo7g3b4qyf-qo7g3b4qyf.gz' 
[23:27:42 INF] HTTP GET /_framework/PoShared.qo7g3b4qyf.pdb.gz responded 200 in 0.4733 ms 
[23:27:42 INF] Sending file. Request path: '/_framework/PoMiniGames.Domain.k3c20v7d69.pdb.gz'. Physical path: 'C:\Users\punko\Downloads\PoMiniGames\src\PoMiniGames.Client\obj\Debug\net10.0\compressed\dha7kz76w7-{0}-k3c20v7d69-k3c20v7d69.gz' 
[23:27:42 INF] Sending file. Request path: '/_framework/PoMiniGames.Application.48pky1lf0r.pdb.gz'. Physical path: 'C:\Users\punko\Downloads\PoMiniGames\src\PoMiniGames.Client\obj\Debug\net10.0\compressed\cyubbuwjcv-{0}-48pky1lf0r-48pky1lf0r.gz' 
[23:27:42 INF] Request finished HTTP/1.1 GET http://localhost:5000/_framework/PoShared.qo7g3b4qyf.pdb.gz - 200 12056 application/octet-stream 0.6274ms 
[23:27:42 INF] HTTP GET /_framework/PoMiniGames.Domain.k3c20v7d69.pdb.gz responded 200 in 0.4348 ms 
[23:27:42 INF] HTTP GET /_framework/PoMiniGames.Application.48pky1lf0r.pdb.gz responded 200 in 0.4931 ms 
[23:27:42 INF] Request finished HTTP/1.1 GET http://localhost:5000/_framework/PoMiniGames.Domain.k3c20v7d69.pdb.gz - 200 18103 application/octet-stream 0.5785ms 
[23:27:42 INF] Request finished HTTP/1.1 GET http://localhost:5000/_framework/PoMiniGames.Application.48pky1lf0r.pdb.gz - 200 13979 application/octet-stream 0.6054ms 
[23:27:42 INF] Request starting HTTP/1.1 GET http://localhost:5000/_framework/PoMiniGames.Domain.3zn9v1rd3x.wasm - null null 
[23:27:42 INF] Request starting HTTP/1.1 GET http://localhost:5000/_framework/PoMiniGames.Application.yhyllnrffn.wasm - null null 
[23:27:42 INF] Sending file. Request path: '/_framework/PoMiniGames.Domain.3zn9v1rd3x.wasm.gz'. Physical path: 'C:\Users\punko\Downloads\PoMiniGames\src\PoMiniGames.Client\obj\Debug\net10.0\compressed\pk7sjepjud-{0}-3zn9v1rd3x-3zn9v1rd3x.gz' 
[23:27:42 INF] HTTP GET /_framework/PoMiniGames.Domain.3zn9v1rd3x.wasm.gz responded 200 in 0.4443 ms 
[23:27:42 INF] Sending file. Request path: '/_framework/PoMiniGames.Application.yhyllnrffn.wasm.gz'. Physical path: 'C:\Users\punko\Downloads\PoMiniGames\src\PoMiniGames.Client\obj\Debug\net10.0\compressed\c8ot8206vs-{0}-yhyllnrffn-yhyllnrffn.gz' 
[23:27:42 INF] Request finished HTTP/1.1 GET http://localhost:5000/_framework/PoMiniGames.Domain.3zn9v1rd3x.wasm.gz - 200 24195 application/wasm 0.6262ms 
[23:27:42 INF] HTTP GET /_framework/PoMiniGames.Application.yhyllnrffn.wasm.gz responded 200 in 0.4934 ms 
[23:27:42 INF] Request finished HTTP/1.1 GET http://localhost:5000/_framework/PoMiniGames.Application.yhyllnrffn.wasm.gz - 200 25059 application/wasm 0.6531ms 
[23:27:43 INF] Request starting HTTP/1.1 GET http://localhost:5000/_framework/PoShared.qd8a4dt64f.wasm - null null 
[23:27:43 INF] Sending file. Request path: '/_framework/PoShared.qd8a4dt64f.wasm.gz'. Physical path: 'C:\Users\punko\Downloads\PoMiniGames\src\PoMiniGames.Client\obj\Debug\net10.0\compressed\rm83p0ys4r-{0}-qd8a4dt64f-qd8a4dt64f.gz' 
[23:27:43 INF] HTTP GET /_framework/PoShared.qd8a4dt64f.wasm.gz responded 200 in 0.3637 ms 
[23:27:43 INF] Request finished HTTP/1.1 GET http://localhost:5000/_framework/PoShared.qd8a4dt64f.wasm.gz - 200 28924 application/wasm 0.5048ms 
[23:27:43 INF] Request starting HTTP/1.1 GET http://localhost:5000/_framework/PoMiniGamesClient.vin489qmil.wasm - null null 
[23:27:43 INF] Request starting HTTP/1.1 GET http://localhost:5000/appsettings.Development.json - null null 
[23:27:43 INF] HTTP GET /appsettings.Development.json responded 200 in 0.3850 ms 
[23:27:43 INF] Request finished HTTP/1.1 GET http://localhost:5000/appsettings.Development.json - 200 null application/json 0.581ms 
[23:27:43 INF] Request starting HTTP/1.1 GET http://localhost:5000/appsettings.json - null null 
[23:27:43 INF] HTTP GET /appsettings.json responded 200 in 0.2313 ms 
[23:27:43 INF] Request finished HTTP/1.1 GET http://localhost:5000/appsettings.json - 200 null application/json 0.418ms 
[23:27:43 INF] Sending file. Request path: '/_framework/PoMiniGamesClient.mbcedkzfsf.pdb.gz'. Physical path: 'C:\Users\punko\Downloads\PoMiniGames\src\PoMiniGames.Client\obj\Debug\net10.0\compressed\rb7j5x4qnp-{0}-mbcedkzfsf-mbcedkzfsf.gz' 
[23:27:43 INF] HTTP GET /_framework/PoMiniGamesClient.mbcedkzfsf.pdb.gz responded 200 in 126.5300 ms 
[23:27:43 INF] Request finished HTTP/1.1 GET http://localhost:5000/_framework/PoMiniGamesClient.mbcedkzfsf.pdb.gz - 200 555033 application/octet-stream 126.6122ms 
[23:27:43 INF] Sending file. Request path: '/_framework/PoMiniGamesClient.vin489qmil.wasm.gz'. Physical path: 'C:\Users\punko\Downloads\PoMiniGames\src\PoMiniGames.Client\obj\Debug\net10.0\compressed\qxh48sp9j6-{0}-vin489qmil-vin489qmil.gz' 
[23:27:43 INF] HTTP GET /_framework/PoMiniGamesClient.vin489qmil.wasm.gz responded 200 in 54.2258 ms 
[23:27:43 INF] Request finished HTTP/1.1 GET http://localhost:5000/_framework/PoMiniGamesClient.vin489qmil.wasm.gz - 200 475302 application/wasm 54.4753ms 
